{"type":"FeatureCollection","features":[{"type":"Feature","properties":{"name":"서울특별시"},"geometry":{"type":"Polygon","coordinates":[[[126.92825636009677,37.449336343919214],[126.9265177951597,37.44839060241385],[126.92498213492931,37.44678160060659],[126.92325327383426,37.44577274652294],[126.92276280760996,37.44404108178361],[126.92116945069641,37.44254603137751],[126.92027474434586,37.440466345057786],[126.91926389420276,37.43985239313914],[126.91785726812085,37.440149585498965],[126.91612479353878,37.440053182258346],[126.91230879015022,37.438579459856186],[126.91120308366825,37.43720121331152],[126.91133355067474,37.43617134344283],[126.9094059784327,37.433864681241374],[126.9072539712285,37.433517790451624],[126.90610563937433,37.433994683087334],[126.90298757065891,37.434067584859974],[126.90275059115481,37.43586152003707],[126.90084922734299,37.436984203143126],[126.9003371033118,37.43773301713289],[126.89897791062478,37.438701825956585],[126.89880521371308,37.43935012227659],[126.89928134638637,37.43964393014887],[126.89992591364624,37.43955635829962],[126.89726919364526,37.44543677514793],[126.89578235063978,37.44563339665222],[126.89465006799828,37.44669809798827],[126.8950035217208,37.44822252340299],[126.89558079217836,37.44833426240508],[126.89604983439521,37.44804298106533],[126.89398299830496,37.45271733963782],[126.89325450148779,37.45276285113787],[126.89258816624634,37.451949081338675],[126.89196376435716,37.45230440147488],[126.88964213410112,37.45231546255854],[126.88965276828384,37.45359855853038],[126.8890214871139,37.45416699831476],[126.88920324901532,37.45472383025616],[126.88876416964834,37.45476564231412],[126.88801665547757,37.455578651623526],[126.88724150848378,37.45550356276841],[126.88626467836738,37.456362515439324],[126.88586914346838,37.45758834262984],[126.88633715939125,37.458957200493124],[126.88537652126274,37.45946926533494],[126.88544367545039,37.46012453271438],[126.88612808166573,37.46089978730878],[126.88887551514897,37.460946920387215],[126.88712180340187,37.46290436124276],[126.88514123034474,37.46246797244029],[126.88431710947776,37.462723944185505],[126.8827456159941,37.464390926274945],[126.88287347261193,37.46496149813324],[126.88434480978937,37.465457391793386],[126.88461752826551,37.466012337649374],[126.88424971021252,37.466529770896926],[126.8830140936414,37.46706435601828],[126.88252982426125,37.46793389615019],[126.8816312078905,37.46845923683766],[126.88159293997808,37.46941679299364],[126.87801141347549,37.473827737339036],[126.87598571160675,37.477103835277134],[126.87337901245321,37.48243355918562],[126.87274429626167,37.4824249944222],[126.87278663337891,37.483488780061386],[126.87329741420588,37.48418113272189],[126.87220838054907,37.48443335234167],[126.87176262264342,37.48526938853634],[126.87289532249035,37.486251870390795],[126.8738131061239,37.4853217361232],[126.87442090864897,37.485273683388165],[126.87502262073316,37.486014275633835],[126.87513916043712,37.48679235999077],[126.87626185333846,37.48723955055494],[126.87679035402306,37.48857077855413],[126.87604346683263,37.48904723838454],[126.87518944934256,37.488507134],[126.87434416308948,37.48886014897903],[126.87326952807948,37.488298105979005],[126.87274847287328,37.488430734081014],[126.8724137145056,37.489330800982444],[126.87283922129392,37.49001434007742],[126.87375273716869,37.49047567919044],[126.87411046915382,37.48977723212741],[126.87465123962787,37.489898872337314],[126.8744536993769,37.49042687111444],[126.87483955852211,37.49074546444583],[126.87413007220563,37.491337667435786],[126.87225463525017,37.49060244214627],[126.87156796413385,37.490761337015705],[126.87134237296974,37.48983362671427],[126.87022812331243,37.48959616072309],[126.87023340422105,37.49011283584034],[126.86968037830395,37.4904309486632],[126.86999311896142,37.491024263025004],[126.86929819341718,37.49185183022225],[126.87002239541606,37.49226204352442],[126.86936892426338,37.49271744530821],[126.87001659124729,37.49365718024776],[126.86829447944207,37.49512613174905],[126.86678678216423,37.494242569373604],[126.86703572390091,37.4939545333193],[126.86761348127156,37.494258429757735],[126.86778076930447,37.49407588763383],[126.86737000034826,37.493074466047894],[126.86660209804744,37.492891986279716],[126.86668607340023,37.4926634535991],[126.86620480680449,37.492555342115274],[126.86540403843895,37.4915081368884],[126.86505362411958,37.49154124084627],[126.86455544547357,37.491021184190735],[126.86281108772748,37.49082823646881],[126.86176820716781,37.49032612392795],[126.85797103143491,37.4860846200952],[126.85516502800746,37.48517087031891],[126.85386405306346,37.4828384898547],[126.85295867169505,37.482477504391575],[126.8531284204864,37.48230738351767],[126.85270046673926,37.48181862006876],[126.85070181736579,37.48152551325766],[126.84813416997413,37.482097154693164],[126.84651717442993,37.48159893565243],[126.84598677888522,37.480695544077655],[126.84536055066536,37.47381246447028],[126.84495516494135,37.47347237650348],[126.84424978713449,37.47459994463566],[126.84353557012385,37.47454042683768],[126.84278164206967,37.47497161800116],[126.84082529091974,37.47465756064584],[126.83830073693345,37.47539207504118],[126.83720472447014,37.47488121092686],[126.83617964954553,37.47480882724928],[126.83572502813658,37.47438387257627],[126.83464015740338,37.47436264061166],[126.83487200396526,37.47575105979531],[126.83348008275355,37.477155776963954],[126.83174817061479,37.47765140189139],[126.82962164325714,37.47689569428008],[126.82920442013442,37.4761956934011],[126.8278721187829,37.475989612258864],[126.82417304663323,37.476194727683534],[126.82395070366219,37.4764728482107],[126.82365421697148,37.47613144543443],[126.822107374828,37.47574843400553],[126.82171754746444,37.47522046740969],[126.82177949697092,37.47620349999448],[126.81942344826182,37.47632800620548],[126.81905591448968,37.47593690931646],[126.81941264585801,37.47517949227943],[126.8183212293953,37.47529916116699],[126.81863262466902,37.47408075980896],[126.81764049669664,37.47318778726978],[126.81707625332344,37.47328799131379],[126.81656242711729,37.4739941951071],[126.81547348670233,37.474050483184165],[126.81462854489153,37.47464944208558],[126.8149648677668,37.47586011732105],[126.81721043123164,37.47813558724576],[126.8182562951039,37.47816422589954],[126.81936736294685,37.47986350130458],[126.81998645836615,37.48164420929711],[126.81939061119641,37.48330930486207],[126.8192899595715,37.485475207543224],[126.82239065947762,37.4867233284916],[126.82358711967188,37.48774241883626],[126.82301073539182,37.48815037793408],[126.82276239365662,37.489979310261326],[126.82079376513076,37.49052732143673],[126.82097616936167,37.49079341301918],[126.82020966534297,37.49074859488367],[126.81857411098791,37.49155922521857],[126.81788934763625,37.49153563797911],[126.81587266754514,37.49262607362327],[126.81548837154106,37.49320153160164],[126.8145749342355,37.49319333233992],[126.81435277152734,37.494425095930296],[126.81301239793999,37.496400655870715],[126.81403660034003,37.49735171215987],[126.81428291775954,37.49826803911561],[126.81609666300496,37.49764385924306],[126.81758266152956,37.49822732569741],[126.81820857079124,37.49885589748872],[126.81891244629767,37.49874886779891],[126.81964020389664,37.49921062547264],[126.81941531929316,37.50078899790409],[126.82000041007757,37.50143439074275],[126.82156445213371,37.50215645506394],[126.82197625058924,37.50389572669441],[126.82182698805556,37.50453773936053],[126.82255053677105,37.50568507679311],[126.82222289017345,37.50768732407991],[126.82627359047916,37.508768111004535],[126.82698851385906,37.508503105177766],[126.82704941077915,37.509215820130514],[126.82641655517419,37.50944914277307],[126.8270748552648,37.51035956416295],[126.82406015977438,37.51048121330526],[126.82385670162006,37.510875084203875],[126.82440812483303,37.51317655080433],[126.82425573459746,37.51446756585465],[126.8234013093174,37.51495337667537],[126.82310455535766,37.51622024162469],[126.82449619303542,37.517715725537116],[126.82561738504943,37.52007997978147],[126.82566075354802,37.52223511473866],[126.82516285102275,37.52305511496427],[126.82650693056921,37.524932316755915],[126.82883723793258,37.52650853924589],[126.82842776152141,37.52670277973298],[126.82793917695547,37.5280031512892],[126.82821397365036,37.52902928158618],[126.82706975453819,37.52970869383808],[126.82531258897393,37.52995892205757],[126.82343072763821,37.532616568989084],[126.82355280538104,37.533763265936],[126.8227028653338,37.533754657072386],[126.8218680038486,37.53490300219276],[126.82243403110728,37.536543099797655],[126.82232182614744,37.537923978908644],[126.82159056859643,37.539711903012744],[126.82212129692392,37.54067789743701],[126.8123342094453,37.540736677029074],[126.81056001185077,37.54151514297598],[126.80624069466957,37.54440758505825],[126.80732486383052,37.543590597661726],[126.80184999486143,37.54271594915644],[126.7996531103257,37.54138832548093],[126.80054607312424,37.541469252811375],[126.80033308238269,37.54085677493347],[126.80078218445499,37.541043368547406],[126.80081462180608,37.54081226543356],[126.79927361936873,37.54063197003717],[126.7993621428413,37.54019373540532],[126.79886154103396,37.54029254505148],[126.79873631790869,37.53939866404169],[126.79942665088102,37.53901917858456],[126.79914607448715,37.53889114479056],[126.79946231990985,37.5377257494024],[126.79825419744677,37.537705097804434],[126.7983498345766,37.537252234847095],[126.79604199741598,37.53674959735745],[126.79442517022318,37.535828888072594],[126.79396340006004,37.53736032168456],[126.79422336283336,37.53829189878001],[126.7939359458448,37.53942354343214],[126.79326245903981,37.539702791182116],[126.79437639533549,37.54023408250663],[126.79494447872142,37.54137201997271],[126.79181012487159,37.54190286451973],[126.79153595711391,37.542831244613915],[126.79181927590304,37.54374625338296],[126.79075996522516,37.54383981851823],[126.7893854862494,37.544462978146456],[126.78726079657558,37.54607641961687],[126.78339488165666,37.54600852536632],[126.78203834817101,37.54632754819222],[126.78183630518245,37.5460687055381],[126.77756301623033,37.546711923075605],[126.77674360947542,37.54820432412823],[126.7752933585611,37.54897162136977],[126.7725804258934,37.548753245857036],[126.7715518186118,37.548317925373716],[126.76992220692424,37.55017500401042],[126.76984064227847,37.55064898949354],[126.77026772166627,37.551086526979006],[126.76746505364419,37.551950738640016],[126.76771392409451,37.55283307435114],[126.76737012324958,37.55313197183165],[126.76762527335839,37.55353032701436],[126.76728758209666,37.553683942913196],[126.76763908846436,37.554088967234584],[126.76672726167003,37.55406491228561],[126.7663653514589,37.553763487221204],[126.76633658985104,37.554870798716486],[126.76478408351504,37.5550746443577],[126.76448395819257,37.555369395210484],[126.76672461418941,37.55631568379008],[126.76628435767415,37.556917063975476],[126.76735037363412,37.55661932504868],[126.76986730406274,37.55723048345457],[126.7724310308782,37.55701277004131],[126.77318418751562,37.55752751274223],[126.7717714132308,37.55863186118609],[126.77244613414273,37.558722703256834],[126.77274236083653,37.55940859589402],[126.77319226603946,37.559286427864485],[126.77359098700143,37.56005725435839],[126.77428901779753,37.55975593096884],[126.77416524272707,37.56015916398147],[126.77480858005609,37.56045687995822],[126.77466316502498,37.56070381362825],[126.77493314471653,37.56090198166471],[126.77467933995909,37.561319327278014],[126.77545941352133,37.561433167481766],[126.77575852344864,37.56194139211184],[126.77784211895553,37.55993305601385],[126.77750952652711,37.56228231807887],[126.7766322556667,37.56237412787874],[126.777101640973,37.56371945606604],[126.77594285642982,37.56520584955786],[126.77534290025282,37.565343507826505],[126.77557542852243,37.565592003715786],[126.77513206322045,37.565879479210004],[126.77476219034335,37.56770833084535],[126.77553057974929,37.56826109067084],[126.77540166267919,37.56731847507312],[126.77633351482517,37.567091910008266],[126.77672255153695,37.566051164833056],[126.77780845613448,37.56699391151728],[126.77900336270585,37.56715468913243],[126.77917058790803,37.56831671818771],[126.78031834359686,37.56750403993753],[126.78047431538077,37.568287064095884],[126.78189827584895,37.56923603651029],[126.78112412445034,37.56960146653198],[126.78052094847234,37.57046388023529],[126.78148729761578,37.5701815951988],[126.78263019315737,37.57054749281452],[126.78137491040748,37.57134956823091],[126.78189957505167,37.57180835437329],[126.78240829035215,37.57360620768726],[126.78761423548686,37.575583561381755],[126.78804574617725,37.5761688567222],[126.78920209140205,37.57558107582646],[126.78847023221688,37.57679834910706],[126.78934282570953,37.57772342144031],[126.7899550993675,37.57763161067433],[126.79001639417524,37.57734959500658],[126.7905948152733,37.57778367037299],[126.79072781666324,37.58061243304955],[126.79126028395831,37.580920564337355],[126.79134893426053,37.58141373199098],[126.79237396942571,37.579727611538594],[126.79273704689301,37.576838912056566],[126.79321925874159,37.57689382297961],[126.79325448317708,37.5785336782193],[126.79284645136558,37.58016824539186],[126.79331021031007,37.58024705347715],[126.79391224009836,37.582961483006244],[126.79344106614386,37.58451964458579],[126.79422456454436,37.58407164813187],[126.79454090080668,37.583547947462755],[126.79440936872471,37.58268530350969],[126.79469788668052,37.58262218181498],[126.79493309978122,37.58520306673305],[126.79554036099064,37.5851545737676],[126.79572179748055,37.583120638925315],[126.79709739030757,37.58427318958322],[126.79629430732878,37.584903332041826],[126.79722756042682,37.585385562769815],[126.79876815974582,37.58807287162138],[126.800498019,37.5877939933953],[126.80094034942366,37.58816612231496],[126.80077364590886,37.58904147792229],[126.80109865963296,37.58896714043944],[126.8012273110771,37.589348862276516],[126.80052027515711,37.590308901718466],[126.79880127230749,37.59132266770587],[126.79899271489191,37.59242613303601],[126.7996115295738,37.59244296034869],[126.80004982128119,37.59202841009259],[126.80050151560755,37.59241322421926],[126.79865974946848,37.59366751220691],[126.79760817340082,37.59488230629418],[126.79708249244814,37.59773892580384],[126.7975361933381,37.59778559777367],[126.79764234387103,37.59928282597306],[126.79805296387896,37.60020815819129],[126.79853509658827,37.600086517861655],[126.79921846565401,37.601119315254785],[126.79992888134261,37.6014440372395],[126.79994096172176,37.60254466093718],[126.8025813931872,37.605032750078415],[126.81136891778935,37.598960823716936],[126.81752598620518,37.595330333256726],[126.8193025287468,37.59284975454944],[126.82781176170613,37.587484836575484],[126.83175964892102,37.58584318415213],[126.84324022562032,37.57887904148242],[126.85363177652243,37.57179056565404],[126.85362850743672,37.573798731206324],[126.85928568766032,37.57491530139263],[126.85929409137816,37.57524051360137],[126.86494110875697,37.577472050316445],[126.86837929377475,37.57752074786757],[126.87391517455742,37.578280311027335],[126.87626048370505,37.57818484048827],[126.87625918104021,37.578962507304055],[126.87707649505914,37.578902555111284],[126.87763159007477,37.57974809268789],[126.87741784335907,37.58063956495678],[126.87662537453598,37.58137556442439],[126.87733116957578,37.5840474518649],[126.87662336553828,37.58416411252671],[126.87653782272163,37.58443994873851],[126.87719330168446,37.584935624168],[126.87754226867641,37.58624748312199],[126.87913301983455,37.58677199366883],[126.88034906380875,37.58950577270745],[126.8820559869613,37.59079225326688],[126.88224825027241,37.59059705121034],[126.88236944501502,37.590477504858384],[126.8826536624065,37.59020045938633],[126.88285318301259,37.590003569779405],[126.88384556720627,37.58905177206632],[126.88482208406754,37.5880506843041],[126.88512805213242,37.58776858170229],[126.88529779855028,37.58759784113189],[126.88586862444603,37.58705668458053],[126.88590051767038,37.587027992421945],[126.88740538460719,37.585803558457805],[126.88871694411456,37.58475010767671],[126.88888180909403,37.584638200543324],[126.89003751675763,37.583914004360786],[126.89753431585825,37.579095507937545],[126.90208107408678,37.576004527476236],[126.90263544170647,37.57639073257052],[126.90208114604148,37.57600491611437],[126.89753438823732,37.579095896294426],[126.89003758983526,37.58391439228029],[126.88871701731523,37.58475049552034],[126.88586869791445,37.58705707221251],[126.88512812567102,37.58776896926852],[126.88482215763506,37.58805107184435],[126.88384564086658,37.58905215951388],[126.88203089594275,37.59081768046515],[126.8835751475035,37.59185254528426],[126.88513968991433,37.593750948766115],[126.88733768598402,37.593919777421256],[126.88546703727866,37.59110491875446],[126.88575407233404,37.58956564357016],[126.88715927916243,37.58853284518395],[126.88925345162995,37.58882767543327],[126.88957886260474,37.589132066771995],[126.89144413482303,37.58846540738889],[126.8933278834378,37.589067429972744],[126.89685903319071,37.58856662077706],[126.89796240808718,37.589090453333036],[126.89808208742535,37.589538798113324],[126.89975035205163,37.5899380869167],[126.89969640804762,37.59136215440361],[126.89896162866323,37.59267836978557],[126.90035509799263,37.59421123606053],[126.90182975624346,37.595141350968035],[126.90101188035354,37.5973370931727],[126.90132268640424,37.59936653388643],[126.89998230219679,37.602040181369055],[126.90015265414199,37.60311644338897],[126.90210847286521,37.603741757976366],[126.90150540779794,37.605356538575386],[126.90174338471488,37.60576528134154],[126.90077575007594,37.608439249388084],[126.90070526163106,37.61031885295715],[126.90030432144151,37.61119134447107],[126.90173423955038,37.6140692234764],[126.90182259989255,37.61575356446795],[126.90247836112391,37.616899208781504],[126.90312556978633,37.6173043444226],[126.90336122953278,37.61883930644619],[126.90523108942806,37.61907454315823],[126.90555757862438,37.62062308012577],[126.90711746718063,37.62194146258893],[126.90714280610618,37.62331265662426],[126.90662714636596,37.624495625425546],[126.90861082492506,37.62626565480012],[126.90890316967173,37.62745855546493],[126.90880184330824,37.629087841823406],[126.9083820942201,37.62999412088297],[126.90729415518864,37.63086720615581],[126.90675739751394,37.63273630597192],[126.90620219351779,37.633220134435696],[126.90912245744425,37.63433291253594],[126.91085445872753,37.6353166011129],[126.91121037093833,37.63590558182799],[126.91009200205268,37.63850941900328],[126.9122798601688,37.6443153571913],[126.90770517594486,37.646289784140905],[126.90480202297938,37.649201015078546],[126.90841366416788,37.64725658793142],[126.90863540872957,37.64741619939063],[126.90972726365698,37.64687791002745],[126.91194558959698,37.64536557903612],[126.91372082328495,37.64475565521802],[126.92412290918418,37.6461063020891],[126.92969937254531,37.650048155887596],[126.931900565591,37.65023065254218],[126.93613676135213,37.651485864603224],[126.93716331814174,37.65231570469848],[126.93880981683758,37.65527562739973],[126.94033521064176,37.6567678477258],[126.94209995617663,37.65772216097102],[126.94756485216162,37.659215385935504],[126.94800190521973,37.65857237053205],[126.9478824320477,37.65712581093399],[126.94920308323732,37.65677040196223],[126.94979116103599,37.655911762209804],[126.95137605361984,37.65494968293685],[126.95419412377134,37.65521127389968],[126.95403723718752,37.65498197583475],[126.9543515459938,37.65459531341815],[126.95523592119245,37.654313928853256],[126.95553485584112,37.65377814584019],[126.95710810306929,37.65283722962939],[126.95768498513189,37.65071029668174],[126.9575622601716,37.64904245503034],[126.9578391596431,37.648047691351955],[126.95902701255486,37.6467833800982],[126.95890654039671,37.6447603656272],[126.95936533309072,37.643199651656055],[126.95926778088388,37.642132734158466],[126.95997123862112,37.641461702150046],[126.9608618682505,37.638755477092225],[126.96160295689836,37.6379891785607],[126.9616043409894,37.63711735712356],[126.96254077775075,37.635818856779615],[126.96332878726157,37.63324513743159],[126.96161913526159,37.63188794161221],[126.95982243914982,37.62976115510139],[126.95875943761885,37.62958838140059],[126.95841841707971,37.62946975159043],[126.96143966883837,37.62995931816416],[126.96376722228848,37.6297931164367],[126.96522847669208,37.63076804641105],[126.9682355489004,37.6307300737622],[126.97302977149718,37.632374767564166],[126.97557987350982,37.6317525544166],[126.97780476522976,37.6339105863097],[126.97965239185244,37.63420658115596],[126.98060688550949,37.63481575229213],[126.98151360362391,37.63472102752735],[126.98251597141955,37.635786032033856],[126.98474438130599,37.636648212756846],[126.98508430224918,37.63731441646492],[126.9849599293136,37.637807125698124],[126.98553344193095,37.63970123049664],[126.98613253630558,37.64042800232859],[126.98522409524703,37.64163603652227],[126.98425676844272,37.641644908714284],[126.98324715807719,37.6436834959817],[126.98418990758935,37.64442807013894],[126.98485798978399,37.645595777796785],[126.98571796823036,37.64609283861794],[126.98492887313512,37.64606682721488],[126.98460293825813,37.64761251364881],[126.98398065279346,37.6481820107883],[126.9839369285871,37.64961005099187],[126.98249528847397,37.650540363982316],[126.98167645498992,37.652316285954996],[126.98104778686886,37.65271260765436],[126.97994407760561,37.65481505255361],[126.97965811073921,37.6560386408512],[126.98119335973374,37.656487708906184],[126.98285678518863,37.65644969238821],[126.98300998849642,37.65700353662741],[126.98654402688128,37.65948509652125],[126.98727674268342,37.66060014276327],[126.98780194962337,37.6635936905223],[126.98826825518451,37.664391105405194],[126.98999716987926,37.66449940380111],[126.99222451743371,37.66523164126415],[126.99401724665077,37.66678312769974],[126.99412914665461,37.667030064458665],[126.99356058768012,37.667804017324315],[126.99435735421417,37.66956687576941],[126.99380242872888,37.67019724229376],[126.99407385261537,37.672761084766044],[126.9935434333351,37.67410293987308],[126.99398135694226,37.67490708611556],[126.99312508152752,37.67583192985386],[126.99324726786291,37.677660631470154],[126.99292441554492,37.678821735188265],[126.99219757789741,37.679626922961496],[126.99407574923517,37.68032418286143],[126.99473227994922,37.68124405976382],[126.99673748905637,37.6823892289652],[126.99731116844072,37.683466199044275],[127.00168675987064,37.68434415271502],[127.0022397842965,37.68359325483803],[127.00323777204125,37.68394856027944],[127.00377682639846,37.68482446561777],[127.00452648762949,37.68508882062462],[127.00866351452741,37.684449521373],[127.00864309423321,37.683946952294946],[127.00862998337757,37.683888390005315],[127.00862218019319,37.68385150474407],[127.00841947921654,37.683235198873746],[127.00841877457314,37.683216053290245],[127.00854590411201,37.682741621692934],[127.00869996371485,37.68222777982495],[127.00903469330962,37.68164072246316],[127.00889995878038,37.680594478511274],[127.00938342232985,37.6795909907656],[127.0094165443099,37.67957184291679],[127.01128269822553,37.67921441412895],[127.01142368078578,37.67918821114567],[127.01213305292356,37.67909777304212],[127.01238805533485,37.678703016307104],[127.01331073059494,37.67782954410545],[127.01347624341449,37.67718561215959],[127.01375387074012,37.67659151008649],[127.0138521067329,37.67618972057216],[127.01398099742319,37.675883097356284],[127.01386245590764,37.675572553873316],[127.01390614415045,37.675239757349566],[127.01436267300924,37.674816810375326],[127.01440199241044,37.67479991286591],[127.0145729040818,37.67478469468406],[127.01484522406676,37.67433924174871],[127.0151170668909,37.67415423217853],[127.01611168408623,37.67389508390293],[127.01614887600692,37.6739007103719],[127.01622132559804,37.67393251468711],[127.01665753132697,37.672947868226245],[127.01668567920217,37.672906473950235],[127.01695785148625,37.67266289685818],[127.01700778656334,37.6726291038556],[127.01711635404187,37.67263246819819],[127.01717901624691,37.67248126775034],[127.01729874073607,37.67244802394216],[127.01739732975355,37.67216927692949],[127.01739218746798,37.672133797333295],[127.0173925359136,37.67212000340082],[127.01731316015042,37.671972759142555],[127.01730394361847,37.671913350262145],[127.01736533280314,37.67164361794559],[127.01737949581326,37.67161743378581],[127.01755817269483,37.671484795507446],[127.01759269914656,37.671434669715005],[127.01764525512961,37.671260666753426],[127.01767252391431,37.671195621824225],[127.01778902869039,37.671066091028024],[127.01783772572213,37.67102723437057],[127.01786584795167,37.67087519137493],[127.01795137236472,37.67078930780713],[127.01824835361069,37.67068761835266],[127.01869399507254,37.67085958600541],[127.01869610451716,37.67086092690036],[127.01786584940196,37.67087519242177],[127.01783772707277,37.67102723541744],[127.01759270049715,37.67143467037031],[127.01755817407873,37.671484796607075],[127.01736533428665,37.67164361904519],[127.01739733110422,37.672169277976366],[127.01729874205355,37.672448025094596],[127.01717901769719,37.67248126879716],[127.01711635542577,37.67263246929781],[127.01668568058606,37.67290647510268],[127.0162213268823,37.67393251583955],[127.01511706820834,37.6741542332782],[127.01457290549891,37.67478469573094],[127.01390614553436,37.675239758396465],[127.01398099874068,37.67588309845596],[127.01375387209083,37.67659151118615],[127.01347624476513,37.67718561281494],[127.01331074318186,37.67782954525677],[127.01213305437392,37.679097774194595],[127.00938342364731,37.67959099186534],[127.00889995960522,37.680594479611045],[127.00903469456074,37.68164072356289],[127.00841877589069,37.6832160543372],[127.00862218164357,37.68385150584378],[127.00864309561719,37.6839469533419],[127.00866563945101,37.684485561159484],[127.00843987453428,37.68543159343975],[127.00858834172027,37.6874407479176],[127.00829275017183,37.6901149510561],[127.00762076445166,37.69161848974785],[127.00971138251685,37.69336342333868],[127.00966621339057,37.69669983079182],[127.01212432002025,37.69737761419292],[127.0138783481771,37.69880068520516],[127.01541510754204,37.70145527921411],[127.01982708229092,37.70101741939932],[127.02214810051505,37.69972076869304],[127.02338859114268,37.70007079651789],[127.02531521256459,37.699580522197365],[127.02689779262192,37.70025113408401],[127.02702192450863,37.70111547775823],[127.02768734560202,37.70093738150475],[127.02928557651389,37.69929162334476],[127.0297293100054,37.69627243668907],[127.03102613213113,37.69307452704265],[127.03202614981892,37.69295038003676],[127.03241401897162,37.69183899710558],[127.03577631527584,37.692374145129726],[127.03752774553648,37.69322081370095],[127.038497892596,37.69328583377668],[127.03894981866806,37.69398196907347],[127.03991327079275,37.69408133345697],[127.03999720218619,37.69468438770593],[127.0411085083828,37.69529977792141],[127.04181260360129,37.69538231102372],[127.04233009317966,37.69505384758005],[127.04307250743373,37.69523096160999],[127.04339784032057,37.69440167649605],[127.04303724360317,37.69362218656435],[127.04481711389353,37.69293625146099],[127.04490432346311,37.69240548572438],[127.04675491241211,37.69271731851995],[127.04863168161688,37.694062964838025],[127.04936572756574,37.69168974217517],[127.04996575239993,37.690870182708615],[127.04982002176587,37.68797700400867],[127.05092067064294,37.686158552646866],[127.05180331222475,37.68581355862491],[127.05180415818549,37.68706675949493],[127.05517851862122,37.68920479637825],[127.05839006176116,37.68968586839959],[127.05965985660247,37.69033198355202],[127.06120891477191,37.69216974569686],[127.06220877479107,37.69280526545909],[127.06273186424687,37.694675911035546],[127.06338615632384,37.69492193044973],[127.06630786117232,37.69444172200221],[127.06782713023436,37.69477310981704],[127.06915096810711,37.693689501337026],[127.06982267343317,37.6939810915845],[127.07087882024945,37.693700048656474],[127.07265759847755,37.693799501273766],[127.07490680308264,37.695219680567924],[127.07819627630987,37.69598651026162],[127.08110476912358,37.69613746868193],[127.08384328571226,37.694268890326946],[127.08390501607037,37.691782452000595],[127.08517719977966,37.69038984784237],[127.08653062714315,37.68991220385311],[127.0905518842561,37.689570247087495],[127.0930367204467,37.689966465889604],[127.09428938657669,37.68913181123809],[127.0950971403842,37.68938485009714],[127.09599595819121,37.68907104667083],[127.09558482270754,37.688395089506294],[127.09608074763925,37.687907043178576],[127.09642311186231,37.68563744131412],[127.09291904966395,37.6815514981318],[127.09279480561642,37.68004527904023],[127.09194656168668,37.67919029877824],[127.09247959630343,37.677643029857],[127.093853724226,37.67665934483226],[127.09461462579503,37.67353631283252],[127.09575076712493,37.67267301829554],[127.09601893069583,37.67185037868858],[127.09574870362685,37.67061964168768],[127.09644725527606,37.66968910650945],[127.09623735746884,37.66882941461841],[127.09497929189394,37.66760003176727],[127.09458062953456,37.66617230504274],[127.09468000631924,37.664921279683185],[127.09541063546267,37.66388964483545],[127.09414211583675,37.663298825194495],[127.09120691027077,37.65933455660664],[127.09113228536357,37.65824302911076],[127.09189131905806,37.65743495195912],[127.09306632005499,37.65378255848016],[127.09404075981571,37.65254014665033],[127.09326587274758,37.65061772850354],[127.09246588318534,37.64970976776973],[127.09269449815008,37.64857999322191],[127.09306875685341,37.64783753402851],[127.0938340427815,37.64732196715113],[127.093632406319,37.646625841523594],[127.09447453809715,37.645849773640336],[127.09456996923005,37.64457060099371],[127.09755890898812,37.643964831152644],[127.09890806139708,37.64403439778215],[127.1028823810986,37.645408976397846],[127.1065763824185,37.64537731015041],[127.10769223979547,37.64496664653699],[127.10928861727629,37.642858887867746],[127.10989832652044,37.64248752347748],[127.1111546995062,37.64256350444993],[127.11134539625512,37.6414973636551],[127.11222324479792,37.64037567417609],[127.1105663236908,37.63936360882252],[127.11090335021328,37.63826247441213],[127.11159851888418,37.637990634023794],[127.11248318995305,37.6364891195446],[127.1122134467542,37.63628411184797],[127.11254861178257,37.6352513402206],[127.11240727565009,37.634251108601276],[127.111602322119,37.63384867477111],[127.11220344679573,37.632642766387356],[127.11163231657498,37.63150328414402],[127.1108254901099,37.63078184614785],[127.10702529308239,37.62804801546676],[127.10590634648973,37.627594863202894],[127.10501475108464,37.625265491696524],[127.10491437563114,37.62398196362063],[127.10432790599809,37.62327070228413],[127.1040662161072,37.62165311291445],[127.10490909517652,37.62156734311207],[127.10566198675131,37.62041624691741],[127.10492086238335,37.620101835003034],[127.10488385261226,37.620082442244716],[127.10491648851281,37.62004332919842],[127.10643606905487,37.62055887032697],[127.10912814021144,37.620514775952564],[127.11051932914125,37.621054654691775],[127.11214313876259,37.6203070153017],[127.11502134231768,37.6195376023575],[127.11571526568355,37.619634355877245],[127.11620336600969,37.61893309131387],[127.11587328662179,37.61858315562009],[127.11714701957051,37.617888439112086],[127.11725530348012,37.616734231293705],[127.11667194397751,37.61601542313351],[127.11667571827832,37.61467295838198],[127.11706104487973,37.61414438181883],[127.11748333574762,37.61177128837725],[127.11678821745689,37.610281971599484],[127.11669805397923,37.60884921978096],[127.1180328673803,37.60817358791861],[127.11847720651475,37.60761284592227],[127.11806118103252,37.60659148998814],[127.11804728546007,37.604602297471544],[127.11402252323548,37.59996643031878],[127.11406413600086,37.59952096267127],[127.11687775877819,37.59549704965215],[127.11666476239728,37.59401654488886],[127.1133376464513,37.593259817651095],[127.11067553502197,37.589155793990116],[127.10998721192476,37.58601621678644],[127.10896693360675,37.58337922691745],[127.1034407427255,37.580595297037],[127.10289462172827,37.57990679222105],[127.1030255834965,37.57890687330998],[127.10114378831493,37.57607092739814],[127.10093589098271,37.573355194627005],[127.10166491936154,37.57240065825183],[127.10312996750193,37.572279457998924],[127.10423047494143,37.57138765445174],[127.1034557350033,37.57005008010175],[127.10223434818727,37.564310987223266],[127.10162496006984,37.563290577239236],[127.10120496305383,37.56157990072918],[127.1012777477596,37.56046599154358],[127.10180106438705,37.55956709082284],[127.1042767557078,37.557563927848186],[127.10492929820873,37.55642163309852],[127.10639618951616,37.55646172177944],[127.10854338628299,37.55824543930689],[127.10952881946035,37.55855426611634],[127.1103501493429,37.55825336535832],[127.11229754253986,37.55900050177959],[127.11386366517074,37.55842942562878],[127.11331466591936,37.55683041105989],[127.11525258096357,37.55675982385771],[127.11564563183364,37.55769987946435],[127.11733926445828,37.55946361979009],[127.12295556791115,37.56348990213992],[127.12861049140608,37.56616043533508],[127.1342663676335,37.567953944017944],[127.13766579160551,37.568424208703426],[127.14894981810787,37.56843431734173],[127.15689944331429,37.57295411471377],[127.16255531161299,37.57673011970618],[127.16674743674002,37.578975665422526],[127.17183748745104,37.579262378261355],[127.17715487387271,37.581200715469535],[127.17698864803721,37.579416723324385],[127.17541546094503,37.57829901791691],[127.17568313340244,37.574899086214344],[127.17781931125316,37.57205809668429],[127.17783965525776,37.571463694408976],[127.17921602092656,37.56891831604867],[127.17966508354307,37.565279335232404],[127.18118573050472,37.56301696623264],[127.1819954192526,37.560992445434316],[127.18134037158048,37.552965354504266],[127.18293310967236,37.55175305143222],[127.18307601937263,37.54863287490257],[127.18267635499598,37.5478758099906],[127.18272444136859,37.546704169429596],[127.18379492506567,37.545574310609254],[127.18353916923563,37.54517039455521],[127.18220242872776,37.54572486277831],[127.18169282467959,37.54644474899602],[127.17933127924438,37.54656742142105],[127.17679338355818,37.545754413526254],[127.17663752589645,37.54533596338137],[127.17598138372841,37.545636513980405],[127.17571746550564,37.54520809506662],[127.17431470875331,37.5452977142618],[127.17413797457002,37.545712428478716],[127.17210709223913,37.54553462290707],[127.1697636279831,37.54480508292522],[127.16882272001392,37.54514823761499],[127.16697821554966,37.54520264336801],[127.16689394305261,37.544273326180125],[127.16316277869153,37.544991401476885],[127.16031046786108,37.54162613167298],[127.15765144143552,37.53927020505741],[127.15694081682854,37.538370997377655],[127.15678888874777,37.53765856653568],[127.1560328103752,37.53734280535603],[127.15452610808833,37.53486928136185],[127.15402137622367,37.534514889033254],[127.1535667382612,37.5336654516477],[127.15393354804138,37.531919863656796],[127.15337673947283,37.53133099804386],[127.15353915340367,37.53043711194209],[127.15312893379682,37.52994829174175],[127.15316382262701,37.52910919681145],[127.14945529063169,37.525750931807686],[127.14947629270972,37.52502054165212],[127.14779748132344,37.52214986613761],[127.14566577578951,37.52193231082614],[127.14478590331493,37.519624581985525],[127.1450919852935,37.516835341696485],[127.14428949435417,37.516975977687665],[127.14382814151858,37.51703283762318],[127.14140474632134,37.5181174945221],[127.13856496672219,37.51935265515396],[127.13819105848835,37.51940376936508],[127.13813784436067,37.51951606193549],[127.1381910079519,37.51940337603029],[127.1438280914949,37.517032444079824],[127.14428944437188,37.516975584140205],[127.14490551097953,37.51685206825164],[127.14511225762774,37.51683267995608],[127.14543403747855,37.516428525195764],[127.145439164237,37.5160647419582],[127.14460354991515,37.515606249305044],[127.14061437913841,37.51558876854783],[127.14342993290137,37.51388028478884],[127.14352835019399,37.51265678496972],[127.14143961997223,37.512400241135325],[127.14121718369498,37.510822634461725],[127.1403430419583,37.510224781581734],[127.13993485240206,37.508523502962426],[127.14151664749895,37.506708103149265],[127.14081284704795,37.505978568766615],[127.14104839440135,37.50540671611731],[127.14454718042411,37.50421574703696],[127.14512606107252,37.50355647861699],[127.1459520640863,37.503226886805344],[127.14769491898168,37.50321206608699],[127.15020456782659,37.504742044375085],[127.15210913859636,37.50297029809216],[127.15284424549631,37.503055232829475],[127.15323082939584,37.50267941743609],[127.15643795751409,37.501859005431584],[127.15772923694657,37.50317895143779],[127.15886611567932,37.50239019604875],[127.1593968992291,37.50136263883669],[127.16050426865414,37.50109451248101],[127.16139030327268,37.50020104956568],[127.16135443068762,37.49953745902517],[127.1606329818805,37.498549299137096],[127.16056656075108,37.49755491172626],[127.15977942795506,37.496823628253416],[127.1600262140979,37.49437455423641],[127.1597569954961,37.49364143894125],[127.15865086712908,37.49242657551781],[127.15823539572978,37.490611893057064],[127.1572823190581,37.48995007182575],[127.15851360244915,37.489665573325226],[127.15043019994377,37.485248893168716],[127.14909469754353,37.48388266984816],[127.14868305120142,37.484043191964496],[127.14752532372962,37.48201386271705],[127.14714532953985,37.47722179787515],[127.14437047303531,37.477331142869886],[127.144269215385,37.47639475505806],[127.1436188551117,37.47517065392586],[127.14352658768853,37.47393041836952],[127.13639695170741,37.47417048212151],[127.13285604904866,37.47462645849722],[127.13259256358691,37.47279498634916],[127.13282423602105,37.47120092769406],[127.13198277646599,37.46979824149329],[127.1327996003443,37.46839366428766],[127.1308300098743,37.46774525758259],[127.12666597403866,37.46862540771749],[127.1248783408622,37.469597280225706],[127.12519937020745,37.46783323102853],[127.12448809445911,37.466643522613886],[127.12185935468467,37.465138851882],[127.12074573212328,37.463891811179046],[127.11747484840247,37.462200610739565],[127.11698929338198,37.46148450853606],[127.1168960931216,37.4586405249619],[127.11549606642566,37.45869791694809],[127.11395536322324,37.45951676616041],[127.11276301005698,37.46053039833173],[127.11333392509766,37.46108764431484],[127.11182032164606,37.46164458991592],[127.10667213787413,37.462410910689435],[127.10434122976966,37.46217475422663],[127.10478030772228,37.46116018293167],[127.10402341504731,37.46055744820575],[127.1039416597281,37.460050992373596],[127.10344287724082,37.45975183056743],[127.10263417039292,37.459867403349925],[127.10138119348747,37.4589728160606],[127.10127779735978,37.458241683937636],[127.09973877493525,37.45735463622968],[127.09909570479192,37.45621877626324],[127.0957693378965,37.456519654465694],[127.09354041449288,37.455888454835325],[127.09272551056276,37.45363404111603],[127.0911288417133,37.4529558411613],[127.09030286642236,37.45126679923554],[127.08961957134014,37.45088691482193],[127.08954279223009,37.450166167144125],[127.08882113448126,37.449749707728245],[127.08895959068268,37.44946185100874],[127.08832681890053,37.44862776033237],[127.08864240554249,37.44759700195756],[127.08785512511972,37.4448942710183],[127.08642135239948,37.44426264050295],[127.08570306400809,37.444417163420724],[127.08386195268672,37.44392178923755],[127.08380507825345,37.443416697183],[127.0824318711051,37.441579869458856],[127.08125017434124,37.44111890610679],[127.08017165425842,37.44105149450785],[127.07774846025126,37.44186342130335],[127.07707800330661,37.44165127709535],[127.07601062940618,37.44213933659536],[127.0752429068254,37.441942163931536],[127.07475603975705,37.44221923808465],[127.07299337217401,37.442017590436784],[127.07213849890711,37.44226307020766],[127.07162594538303,37.44152398152352],[127.07221171528941,37.43938290129061],[127.07200782646834,37.4388567713398],[127.07376019160115,37.43778943334871],[127.07384350850883,37.43740785949503],[127.07302422780492,37.43640683317569],[127.07127208990141,37.43560147756944],[127.07151982015054,37.43411691943392],[127.07057109003318,37.43241682323682],[127.07116966417561,37.43042045749436],[127.07088469656787,37.4301883268368],[127.0698736752117,37.430972235229824],[127.06896419455808,37.43043243139901],[127.06827026308842,37.4306794765841],[127.06670036547101,37.43012876377205],[127.06568165676369,37.42898531841464],[127.06438564828535,37.429113570685374],[127.063316199535,37.42975159881459],[127.06114498841302,37.429985282494094],[127.05996134551742,37.4295688774349],[127.05806993007134,37.4300107334247],[127.05216948136521,37.42833977468938],[127.0498652277243,37.4303097337586],[127.0473692370877,37.43070182039976],[127.04722475310247,37.43204044271709],[127.0465364327683,37.43265085220563],[127.04631164454587,37.43344720429581],[127.04462617867408,37.434068680170796],[127.04418572977666,37.43505545358425],[127.04144290431593,37.4371095850486],[127.0410903148162,37.437769124584165],[127.04005277484173,37.43823714473292],[127.03706776269212,37.43827496748993],[127.03557372419804,37.43900409775254],[127.03517185994545,37.44094194759307],[127.0364309895444,37.44183273307826],[127.03748293649677,37.443266704556656],[127.0382303936381,37.4451802683001],[127.03820566023022,37.44585885145319],[127.03725402484277,37.44644845565984],[127.03753151304188,37.44736148784759],[127.03715924009398,37.448010325567836],[127.03781196544588,37.448922396152],[127.03774439777159,37.44941881742215],[127.0357764211572,37.45219590919707],[127.03475468810625,37.45261742128228],[127.03482359676663,37.453106197623754],[127.03546919264814,37.45343741290459],[127.03558815702281,37.45408750843826],[127.03626740615852,37.454262168856886],[127.03712769780061,37.455207680413274],[127.03674064864143,37.456443867848805],[127.0350160995665,37.457893582243265],[127.0349242191416,37.46017540347849],[127.0340129793078,37.46030038365917],[127.0337322217248,37.46123694685581],[127.03469338681593,37.46415480913844],[127.03192176334836,37.46551888212889],[127.02952727466916,37.46537447536888],[127.02960614622593,37.46327539611957],[127.0280430930552,37.461245118320385],[127.02836192051653,37.45989353912219],[127.02657228231892,37.45964165072287],[127.02644504311743,37.4583366258792],[127.0259954147898,37.4578169570034],[127.02279276564477,37.4572505022764],[127.02169546650688,37.456315054690414],[127.01969200778642,37.455786606690005],[127.01725979499403,37.456057257383094],[127.01628798900153,37.45522958397622],[127.015064993282,37.45483188245034],[127.0123725603877,37.45554873925527],[127.01082326534475,37.455423009952895],[127.01058424700292,37.456168889942916],[127.00871086819963,37.45776493362665],[127.00821402729639,37.45909985602119],[127.00704092211457,37.460215468953436],[127.00576948063818,37.46254827677949],[127.00446966943686,37.464073275377174],[127.00490546369151,37.46584260156432],[127.0044888389734,37.466328316993085],[127.00452453256743,37.466797685061735],[127.00367535606367,37.46772038557703],[127.00273481913929,37.467124610281374],[126.99698554202804,37.46717971622952],[126.99623104524456,37.46660839439975],[126.99661920275504,37.46477852599123],[126.99737076909305,37.46368749264514],[126.99676862735106,37.46187335153434],[126.99335441216691,37.46149586939044],[126.99265518196034,37.46034393850912],[126.99169847065933,37.46051900023302],[126.98999453627609,37.45946297678824],[126.98949912834557,37.45852279175236],[126.98661263093796,37.45721233836196],[126.98190364969814,37.45693571789696],[126.98239804442959,37.45589120022169],[126.97847746333656,37.45573479827284],[126.97775711739003,37.455199115970096],[126.97457955924607,37.45441287469801],[126.97284353285205,37.45238238291646],[126.97175282424836,37.45173733531927],[126.97056939152056,37.449452701084326],[126.9676629766669,37.448380544533094],[126.96428976527393,37.446267236999766],[126.96393361660907,37.44521463094748],[126.9644192765775,37.44431265091304],[126.96438164477826,37.44257707360638],[126.96463403909576,37.44203964755044],[126.96378426224439,37.44128675864605],[126.96380340667983,37.440786984760315],[126.96298352855374,37.44029960848473],[126.96005591129185,37.44040054894667],[126.95896605534534,37.43906976938153],[126.95636819658932,37.43875401154326],[126.95241109150963,37.43919026984303],[126.95115838547981,37.43844415866057],[126.95092530576544,37.43873378730636],[126.94928419905375,37.43825019629567],[126.94836312643514,37.43871267864201],[126.94678934812933,37.43816712993821],[126.94509063667948,37.43708822091382],[126.94142443048479,37.43740429882901],[126.9402203065323,37.43571231671521],[126.93862190725254,37.43602851496143],[126.93774665815084,37.437385757478815],[126.93724738940712,37.43921283959525],[126.93786433349207,37.440197533508226],[126.93664719966107,37.44174575808775],[126.93564340618761,37.44217796588577],[126.93489561640253,37.443212299728046],[126.93055434515804,37.44546848097208],[126.93016343937578,37.44637798327488],[126.93036824855187,37.44769751391099],[126.93016629197115,37.44838413035281],[126.9283987165257,37.450212660662245],[126.92825636009677,37.449336343919214]],[[127.11525211530619,37.556758743118706],[127.11425839403466,37.55436632481923],[127.11412914018875,37.55414449048891],[127.11426805530665,37.554379019553295],[127.11525211530619,37.556758743118706]],[[126.90182908223252,37.57654361068421],[126.90187069236649,37.576585486533176],[126.90189189677436,37.576601560012136],[126.90205372495944,37.57675289104144],[126.90417042927129,37.578744530124766],[126.9018707643429,37.57658587511652],[126.90182908223252,37.57654361068421]],[[126.90411888346442,37.57849094914918],[126.90412929150462,37.578496345634555],[126.90420437018324,37.578566233994],[126.90430419898384,37.57866007288724],[126.90452273854726,37.578866632586205],[126.90456354336608,37.57890665187997],[126.90461407499518,37.578953706837616],[126.90493473272831,37.57925467380141],[126.90521882230082,37.57952379623118],[126.90607588363027,37.580328901751216],[126.90646846654099,37.580699469730604],[126.90696936156871,37.58116923164554],[126.90717413274456,37.581361981232654],[126.90733473623627,37.58151358323918],[126.90756937073424,37.58173648492242],[126.90886291773722,37.58294567526651],[126.90943945861697,37.58348924958611],[126.9098009765003,37.583830500034026],[126.9099997560302,37.58401873505715],[126.91022098342857,37.58422866481631],[126.91042347204217,37.58442225383703],[126.91048902630911,37.584485652699456],[126.9109503954829,37.58491453429998],[126.91165985267558,37.58557871531716],[126.91174555216172,37.585659589900054],[126.9119044076104,37.58581146356492],[126.91192118895243,37.585828369778405],[126.91204893056752,37.585963055854755],[126.91209592881196,37.58601883542811],[126.91224395439488,37.58619604513932],[126.9122536767556,37.5862081617339],[126.91241050714072,37.586427057466665],[126.91244175924331,37.58647156269541],[126.91244970379645,37.58648395723721],[126.91249207954206,37.58655241002258],[126.91252280188311,37.586604519144736],[126.91261583591844,37.58676508174401],[126.91265009217592,37.58682563572396],[126.9126744504937,37.58686929778188],[126.91269333936938,37.58690422517262],[126.91277293992702,37.58706055191079],[126.91283062944865,37.587190949798824],[126.9128451048813,37.58722418900529],[126.91348052365846,37.58694310675242],[126.91408620909368,37.586678892517256],[126.9156979829232,37.58598050545188],[126.91284517591897,37.5872245765414],[126.91190447872621,37.58581185123854],[126.91048909754626,37.58448604050368],[126.90886298911364,37.58294606322241],[126.90756944222153,37.58173687299748],[126.90411888346442,37.57849094914918]],[[126.91639302408973,37.58583826561108],[126.9153399674735,37.58542378687355],[126.91551486703996,37.585472342394446],[126.91601499037859,37.5856154578336],[126.91639302408973,37.58583826561108]],[[126.91567749674591,37.584355535020634],[126.91571439712558,37.58487501710292],[126.91568347443939,37.58453262011746],[126.91567749674591,37.584355535020634]],[[126.91564417172152,37.58415569158455],[126.91564410095029,37.58415530376398],[126.9156543417217,37.58414493620197],[126.91564417172152,37.58415569158455]],[[126.91576485838905,37.583969392435606],[126.91570969091515,37.58404329587653],[126.91576478762957,37.583969004597634],[126.91575532011046,37.58390227072195],[126.9157670378277,37.58386286111158],[126.91582801692329,37.58375309325744],[126.9158166784938,37.58346167020889],[126.91593879292041,37.5830948954179],[126.91600654354319,37.58310198121346],[126.91607392835138,37.583112166096456],[126.91703289958812,37.58326151896626],[126.9177468873249,37.583230772601276],[126.91888858745371,37.58338417723378],[126.91955020643191,37.58320528826188],[126.91967524008939,37.583236630211296],[126.91968795513024,37.583256352595015],[126.91978275219257,37.58327471729107],[126.91985914395048,37.583300394195035],[126.92025435342006,37.5829565984567],[126.92085918476776,37.58293871424757],[126.92175037499983,37.58345541348876],[126.92085925506365,37.58293910216881],[126.91985921433806,37.583300782084706],[126.91888865792913,37.58338456511833],[126.9170329702301,37.58326190686795],[126.91593886366017,37.583095283338714],[126.91582808767608,37.58375348111579],[126.91576485838905,37.583969392435606]],[[126.9219932425664,37.58407918588752],[126.92180603778301,37.58384230733495],[126.92190478749927,37.583966827129736],[126.9219932425664,37.58407918588752]],[[126.92188293936869,37.584719135395865],[126.92221481669061,37.5850451191532],[126.92222294684326,37.585054702090886],[126.92229724600699,37.58515688737839],[126.92188293936869,37.584719135395865]],[[126.92229299410535,37.585174012730356],[126.92273499102419,37.58546611956967],[126.9227350588403,37.58546650635718],[126.92241906205683,37.585345789130045],[126.92229299410535,37.585174012730356]],[[126.92274941452284,37.585548371272196],[126.92276831212217,37.5855725662055],[126.92285551585972,37.585631285453445],[126.92274941452284,37.585548371272196]],[[126.92292300792752,37.58568527446453],[126.92349648402089,37.58605086032035],[126.92365117245615,37.586150908767706],[126.92375363786716,37.586616677610635],[126.92385628094316,37.587097925371175],[126.92573145494411,37.587134904275075],[126.92631438313424,37.58729069703957],[126.926411112561,37.587330735338405],[126.92674895462225,37.58755422295128],[126.92714608712807,37.5877605741835],[126.92734994429861,37.58787248767147],[126.92747494999828,37.58794323942111],[126.92773788245914,37.58807150611694],[126.92774478203064,37.588078556132615],[126.92786563701243,37.58822587959373],[126.92799683590242,37.58838719975868],[126.92631445295905,37.587291084529994],[126.9238563509884,37.58709831288712],[126.92365124251549,37.586151296374545],[126.92292300792752,37.58568527446453]],[[126.9276031430344,37.589393259379506],[126.9279421411352,37.589939771842644],[126.9279420593447,37.58993991595511],[126.92774916293915,37.58963032508377],[126.9276031430344,37.589393259379506]],[[126.92765158172902,37.59052180776312],[126.92796989255137,37.59104434234636],[126.92796982853582,37.59104451020136],[126.92768982996112,37.590585331763606],[126.92765158172902,37.59052180776312]],[[126.9278479397404,37.59164989011745],[126.92810990451484,37.59187811953783],[126.92841217183252,37.59214944940434],[126.9285367694685,37.59227538502665],[126.92996358301488,37.59416465863761],[126.93039120084062,37.594337796787705],[126.92996365254263,37.5941650454622],[126.9278479397404,37.59164989011745]],[[126.93037274282806,37.59460526196281],[126.9313107574227,37.59502365498815],[126.93133285290723,37.59504366096446],[126.93159665636702,37.595412374052025],[126.93220970128526,37.595801005645384],[126.93279415052437,37.59631180881674],[126.93451803595792,37.59663264921433],[126.93754176219768,37.59786783667632],[126.93802900137462,37.59770254402398],[126.93821217250796,37.59764914199993],[126.93823305530397,37.59763338598431],[126.93827093365674,37.597619044607804],[126.93862949492122,37.59749957655564],[126.93871193541486,37.59752101881513],[126.93906689520405,37.597685357378616],[126.93968149351133,37.597976806805995],[126.94010698382078,37.59823493551405],[126.94049851891208,37.59847699861147],[126.94087784068832,37.598715954743504],[126.94139147556976,37.600652048444914],[126.94087790925391,37.59871634110305],[126.93968156218133,37.59797719323939],[126.93862956368379,37.597499963037514],[126.93821224130878,37.597649528468736],[126.93754183105987,37.59786822312621],[126.93451810508677,37.59663303579057],[126.93279421980704,37.59631219542852],[126.93037274282806,37.59460526196281]],[[126.93981411995597,37.6027718010118],[126.93981413334957,37.602771890041204],[126.93981314025704,37.60276653895724],[126.93981411995597,37.6027718010118]],[[126.93982719625042,37.60280334224857],[126.93995737268905,37.60307538991732],[126.94066637279941,37.60310476023499],[126.94124176774554,37.603133778831065],[126.94213071699161,37.604940979113664],[126.94366587802443,37.60504263805223],[126.94213078547244,37.60494136487643],[126.94124183629829,37.60313416476855],[126.93995744135721,37.60307577586403],[126.93982719625042,37.60280334224857]],[[126.9438563474315,37.60628936222147],[126.94411447981958,37.6063443939213],[126.9441628985694,37.60642691140612],[126.94418039061568,37.60646295919941],[126.94502844024149,37.60680461521402],[126.94538771634235,37.606953737024405],[126.94621218419385,37.60739081433696],[126.94819602677458,37.60862719906493],[126.94872272312496,37.60902471486177],[126.94934244197877,37.61002029615751],[126.95036186152788,37.61061651664734],[126.95032998306598,37.609108205155465],[126.95059627676065,37.60836021696494],[126.95144785037238,37.608014829443114],[126.95174397122511,37.607384834793805],[126.95224685200579,37.606885847573594],[126.95258622090775,37.60665651757767],[126.95271351021064,37.6061245293436],[126.95258628845487,37.60665690314757],[126.95144791802797,37.60801521488679],[126.95059634449449,37.60836060237807],[126.95036192929278,37.61061690184615],[126.9493425098328,37.610020681415946],[126.9481960947257,37.60862758445932],[126.9438563474315,37.60628936222147]],[[126.97953713213934,37.62888768718294],[126.97952827177838,37.62889303734666],[126.97952545076751,37.628893874731254],[126.97953713213934,37.62888768718294]],[[126.97975459890607,37.62870693706492],[126.97993000380256,37.628561154855376],[126.97953713213934,37.62888768718294],[126.97975459890607,37.62870693706492]],[[126.98492693115784,37.615692716917],[126.98516318382377,37.615504264680105],[126.9845431242362,37.61599886970662],[126.98492693115784,37.615692716917]],[[126.9821759515245,37.60212667166056],[126.98128708540806,37.60182788279066],[126.98256590486868,37.60225774686875],[126.9821759515245,37.60212667166056]],[[126.98063768043585,37.60159792889309],[126.98047466992199,37.60147100547658],[126.98066925685278,37.60162251329486],[126.98063768043585,37.60159792889309]],[[126.97828868543229,37.600828717024434],[126.97825037421714,37.600797940900236],[126.97850210348138,37.60100015287479],[126.97828868543229,37.600828717024434]],[[126.97760660567128,37.5999975318338],[126.97741619908463,37.59941645791774],[126.9776827646152,37.60022992886208],[126.97760660567128,37.5999975318338]],[[126.97741377388665,37.599246793227195],[126.97741471555882,37.59910083409514],[126.97741284388047,37.59939168018766],[126.97741377388665,37.599246793227195]],[[126.9771740950737,37.59854463460117],[126.97714208932311,37.59845516933488],[126.97720925734819,37.59864297519567],[126.9771740950737,37.59854463460117]],[[126.97708958348917,37.598378520814045],[126.97702943790108,37.59829071650676],[126.97714208932311,37.59845516933488],[126.97708958348917,37.598378520814045]],[[126.97675407079902,37.59787065651186],[126.97676062937397,37.597864098726575],[126.97671868392565,37.59790603972068],[126.97675407079902,37.59787065651186]],[[126.97713556951243,37.59768355657776],[126.97730069839146,37.59766008391056],[126.97690523595048,37.59771631358608],[126.97713556951243,37.59768355657776]],[[126.97834752251379,37.59744251728515],[126.97835333209018,37.5974406804187],[126.97816505859939,37.59750032447969],[126.97834752251379,37.59744251728515]],[[126.97925379819588,37.5963695028477],[126.97935757151188,37.59635152071896],[126.97911091163186,37.596394270884765],[126.97925379819588,37.5963695028477]],[[126.98070559031274,37.59587143355482],[126.98072270249989,37.595862138416265],[126.98062838722875,37.59591336973056],[126.98070559031274,37.59587143355482]],[[126.98096364635607,37.59580140024194],[126.9810261633067,37.59575746111265],[126.98091042761008,37.59583880882759],[126.98096364635607,37.59580140024194]],[[126.98454312225286,37.5943797388688],[126.9846156221791,37.594389092480284],[126.98450416048462,37.59437471477658],[126.98454312225286,37.5943797388688]],[[126.9849361075108,37.594461568063814],[126.98499511357257,37.59445644072906],[126.98487868671195,37.59446656044496],[126.9849361075108,37.594461568063814]],[[126.98590632911379,37.5940394451064],[126.9858983974903,37.594011414435734],[126.98591378553094,37.594065763843425],[126.98590632911379,37.5940394451064]],[[126.98687363185982,37.59273980000305],[126.98706120884184,37.592729353688405],[126.98669817044919,37.59274958081297],[126.98687363185982,37.59273980000305]],[[126.99359409167329,37.59169609331142],[126.99358825891379,37.591710733920294],[126.99358577908627,37.59171213928971],[126.99359409167329,37.59169609331142]],[[126.99518590701555,37.59212009371451],[126.9952569040365,37.59221820571422],[126.99514422140103,37.59206249152508],[126.99518590701555,37.59212009371451]],[[126.99605988930658,37.59214121140506],[126.99610275820139,37.59213039255524],[126.99583843378687,37.59219711605745],[126.99605988930658,37.59214121140506]],[[126.99630688687056,37.592111634237355],[126.99641377473343,37.59210141273416],[126.99618431680086,37.5921233595802],[126.99630688687056,37.592111634237355]],[[126.99646365089822,37.59211221768638],[126.99650736756665,37.59212168889893],[126.99641377473343,37.59210141273416],[126.99646365089822,37.59211221768638]],[[126.99695475926798,37.592217851114086],[126.9969721284651,37.59221771663682],[126.99686491273482,37.592218559383035],[126.99695475926798,37.592217851114086]],[[126.99833196538619,37.592447187902316],[126.9984417848105,37.592467508018515],[126.99824999998404,37.59243202209039],[126.99833196538619,37.592447187902316]],[[126.9988596670564,37.59243203740413],[126.99906635622573,37.59237043255741],[126.99920095198986,37.59232984592379],[126.9988596670564,37.59243203740413]],[[127.00075324357847,37.59232113567059],[127.00086624546829,37.59230968483651],[127.00095332936597,37.592300864647626],[127.00075324357847,37.59232113567059]],[[127.0011952199176,37.592044039903904],[127.00137368987653,37.59191146938307],[127.00112618464182,37.59209532373752],[127.0011952199176,37.592044039903904]],[[127.00142849212556,37.59184735537171],[127.00144517055995,37.59182784906599],[127.00137368987653,37.59191146938307],[127.00142849212556,37.59184735537171]],[[127.00162336661946,37.59083490081697],[127.0016233498996,37.590834861084154],[127.00164862740915,37.59087561629475],[127.00162336661946,37.59083490081697]],[[127.00158918363354,37.590772516654596],[127.00155291735386,37.5907190702516],[127.00161005120418,37.59080325824187],[127.00158918363354,37.590772516654596]],[[127.00154664463955,37.590708240415736],[127.001540700282,37.59069796018022],[127.00155291735386,37.5907190702516],[127.00154664463955,37.590708240415736]],[[127.00151659451434,37.59063660311588],[127.00149081304899,37.59057097537743],[127.001540700282,37.59069796018022],[127.00151659451434,37.59063660311588]],[[127.00146983236034,37.59054977519722],[127.00146321998635,37.59055126181924],[127.0014832043008,37.590546756902924],[127.00146983236034,37.59054977519722]],[[127.00147077227237,37.590335611097906],[127.00147241408204,37.590266325361625],[127.00147046655572,37.590348540230636],[127.00147077227237,37.590335611097906]],[[127.00194538655904,37.58976198928496],[127.00200581390003,37.589684351177176],[127.00186799816609,37.589861449267396],[127.00194538655904,37.58976198928496]],[[127.00206159886994,37.589598991617535],[127.00214733107401,37.58946782579745],[127.00200581390003,37.589684351177176],[127.00206159886994,37.589598991617535]],[[127.0033698446504,37.58858946064029],[127.003393485017,37.58856907998351],[127.00335332582367,37.588603714482915],[127.0033698446504,37.58858946064029]],[[127.00341159983245,37.588537689372124],[127.00341542658575,37.588531076079754],[127.003393485017,37.58856907998351],[127.00341159983245,37.588537689372124]],[[127.00346706310903,37.58836751940297],[127.00346300877048,37.58832975918104],[127.00347220464906,37.588415352620686],[127.00346706310903,37.58836751940297]],[[127.00391871858443,37.588032470731726],[127.00398806400376,37.58794457819267],[127.00371685583974,37.58804312430699],[127.00391871858443,37.588032470731726]],[[127.00393265897173,37.5877681664259],[127.00400221201136,37.58780323133007],[127.00389163822067,37.58774748964541],[127.00393265897173,37.5877681664259]],[[127.00665515426985,37.58542263406659],[127.00655299465888,37.58554337053946],[127.00655088897183,37.5855458573495],[127.00665515426985,37.58542263406659]],[[127.00704947770933,37.58415996585056],[127.00706970427298,37.58409106651521],[127.007010450639,37.58429294416804],[127.00704947770933,37.58415996585056]],[[127.00675309804777,37.58233641080704],[127.0068595920625,37.582258416680304],[127.00675823851574,37.582344861828666],[127.00675309804777,37.58233641080704]],[[127.00797960145074,37.58126164473067],[127.00800879591004,37.58122954999857],[127.0079613875888,37.581283323455494],[127.00797960145074,37.58126164473067]],[[127.01491058327616,37.582244176762835],[127.01483316179116,37.582324234435475],[127.0148283843987,37.58232536120682],[127.01491058327616,37.582244176762835]],[[127.01532426194018,37.58197985717039],[127.01532981968606,37.58197448664285],[127.01531673465028,37.581987156038196],[127.01532426194018,37.58197985717039]],[[127.01533800027086,37.581949140945014],[127.01534236777607,37.581935625641314],[127.01532981968606,37.58197448664285],[127.01533800027086,37.581949140945014]],[[127.0163837397459,37.58192536301754],[127.01636411026402,37.581933249116396],[127.01636302352013,37.58193368172225],[127.0163837397459,37.58192536301754]],[[127.01692358491015,37.58083932608088],[127.01692145695256,37.580841299518596],[127.01691667997581,37.580843831913306],[127.01692358491015,37.58083932608088]],[[127.01712159076259,37.580731127658645],[127.01713829878958,37.58072216964502],[127.01703430370854,37.58077792738304],[127.01712159076259,37.580731127658645]],[[127.01715988246988,37.5806954165028],[127.01714750087409,37.5807128702481],[127.01714608603642,37.58071428498398],[127.01715988246988,37.5806954165028]],[[127.01727730841915,37.58055264860824],[127.01727571238959,37.58055377505424],[127.01727133926101,37.58055514522901],[127.01727730841915,37.58055264860824]],[[127.0172946571539,37.5804148854736],[127.01730591935457,37.580350769776125],[127.01729013149844,37.58044066174819],[127.0172946571539,37.5804148854736]],[[127.01730166959,37.580276357877],[127.01730044803806,37.58026505608998],[127.01730182928969,37.5802820701095],[127.01730166959,37.580276357877]],[[127.01732102127613,37.58024217186371],[127.01732800583663,37.58023983737379],[127.01730359949553,37.580248003576486],[127.01732102127613,37.58024217186371]],[[127.0173391870962,37.58022148278263],[127.01734904196731,37.58019449691822],[127.01733331490667,37.5802375841967],[127.0173391870962,37.58022148278263]],[[127.01752507996552,37.579861450570306],[127.01753364682757,37.57984703362487],[127.01748749664964,37.57992474995949],[127.01752507996552,37.579861450570306]],[[127.01755040351851,37.57980218925339],[127.01755574393204,37.5797878988824],[127.01753364682757,37.57984703362487],[127.01755040351851,37.57980218925339]],[[127.0175971156822,37.57970624585916],[127.0176549500989,37.57968709200541],[127.01769864448875,37.57966709313465],[127.0175971156822,37.57970624585916]],[[127.01778877005714,37.57961422887988],[127.01784173376788,37.57958316456369],[127.01769864448875,37.57966709313465],[127.01778877005714,37.57961422887988]],[[127.0182727359933,37.57904706223213],[127.0182795810387,37.57902900548902],[127.01826667162287,37.57906307362447],[127.0182727359933,37.57904706223213]],[[127.01777678395189,37.57801260064496],[127.017806006234,37.577977449123516],[127.01769318000619,37.57811317125993],[127.01777678395189,37.57801260064496]],[[127.01778916067256,37.577975469275394],[127.01778916039305,37.57797546888311],[127.017806006234,37.577977449123516],[127.01778916067256,37.577975469275394]],[[127.0180091044003,37.57774644395809],[127.01801909841373,37.57773696418057],[127.0179250097172,37.577826229045115],[127.0180091044003,37.57774644395809]],[[127.01822062277331,37.577612104120256],[127.01841795402973,37.577670739290745],[127.01810733009164,37.57757844120582],[127.01822062277331,37.577612104120256]],[[127.01946228143224,37.57796010828098],[127.01937128077402,37.57808026866098],[127.01950178927393,37.577907935135656],[127.01946228143224,37.57796010828098]],[[127.0195225157353,37.57814328703669],[127.01951776254812,37.57814247757408],[127.01941515280875,37.578098849375266],[127.0195225157353,37.57814328703669]],[[127.02001042789145,37.57832878855943],[127.02000583126647,37.57832709542431],[127.02000241204094,37.57832560032037],[127.02001042789145,37.57832878855943]],[[127.02002091872926,37.578332809503905],[127.02001538684831,37.578330760943494],[127.02001042789145,37.57832878855943],[127.02002091872926,37.578332809503905]],[[127.02011108993939,37.57836762329657],[127.02010914263822,37.578367064991475],[127.02010680816815,37.57836600500754],[127.02011108993939,37.57836762329657]],[[127.02011889161018,37.57837075185109],[127.02011798495376,37.578370442298905],[127.0201165697259,37.57836988391009],[127.02011889161018,37.57837075185109]],[[127.02012804808926,37.57837442919632],[127.02012417801274,37.5783729730957],[127.02012259290467,37.5783721354279],[127.02012804808926,37.57837442919632]],[[127.02038949371148,37.578476517425706],[127.02040103067704,37.57848104754409],[127.02036459695694,37.5784667006477],[127.02038949371148,37.578476517425706]],[[127.02049992717136,37.57852017054673],[127.02049603248216,37.57851876563363],[127.02049143576362,37.578516793211605],[127.02049992717136,37.57852017054673]],[[127.02054067494385,37.5785376611497],[127.02070885136234,37.578608541584025],[127.0205338930963,37.57853480611443],[127.02054067494385,37.5785376611497]],[[127.02092395858061,37.5787022991342],[127.02097686525383,37.57872056243537],[127.02089778263799,37.578693266537684],[127.02092395858061,37.5787022991342]],[[127.02167603977266,37.578861710823816],[127.02170337926326,37.57886094031408],[127.02164358332759,37.57886263536731],[127.02167603977266,37.578861710823816]],[[127.02182506669251,37.57886204567957],[127.02182259898873,37.57886288402157],[127.02180725867026,37.5788671600919],[127.02182506669251,37.57886204567957]],[[127.0218677124853,37.57882188136268],[127.02186893213158,37.57882087097267],[127.02184576643849,37.57884007606339],[127.0218677124853,37.57882188136268]],[[127.02196124821324,37.578751651314846],[127.02193666711456,37.578779532095304],[127.0219355875653,37.57878070093746],[127.02196124821324,37.578751651314846]],[[127.02197201288692,37.578746612935056],[127.0219805250174,37.57874263810898],[127.02196124821324,37.578751651314846],[127.02197201288692,37.578746612935056]],[[127.0224025534806,37.5785455004072],[127.0224288667082,37.57851871842563],[127.02237104548847,37.578577572092165],[127.0224025534806,37.5785455004072]],[[127.02270598586793,37.578275123304216],[127.02275836032507,37.578332272490215],[127.02275729689781,37.57833480445416],[127.02270598586793,37.578275123304216]],[[127.02288986394761,37.57782536262575],[127.02288988454602,37.57782536310936],[127.02288344573549,37.5778274090274],[127.02288986394761,37.57782536262575]],[[127.0231503166128,37.577665182808026],[127.02315751136628,37.577451764740374],[127.02314891212562,37.57770179015925],[127.0231503166128,37.577665182808026]],[[127.02321154565912,37.575933871106535],[127.02321277529627,37.575880090961874],[127.0231927857935,37.57647361984396],[127.02321154565912,37.575933871106535]],[[127.02323122587619,37.575484779474216],[127.02323456993041,37.57542255668671],[127.02321277529627,37.575880090961874],[127.02323122587619,37.575484779474216]],[[127.02323633363821,37.5753758131486],[127.02323686201157,37.57536314517193],[127.02323456993041,37.57542255668671],[127.02323633363821,37.5753758131486]],[[127.02353437405127,37.56699403959047],[127.02353594633048,37.566913517959065],[127.02353054001976,37.56715847069498],[127.02353437405127,37.56699403959047]],[[127.02353203114332,37.566840592682574],[127.02353256106407,37.5668335558638],[127.02353186301583,37.566846223891865],[127.02353203114332,37.566840592682574]],[[127.0196807254514,37.557262885651824],[127.01967628009356,37.55727288732394],[127.0195773394638,37.55749547404003],[127.0196807254514,37.557262885651824]],[[127.01804012562913,37.556847824278535],[127.0178901376315,37.55670284884447],[127.01809388946482,37.556874567137186],[127.01804012562913,37.556847824278535]],[[127.01591091072105,37.5525233583303],[127.01585802859222,37.55247099017531],[127.01593797429044,37.55254981712487],[127.01591091072105,37.5525233583303]],[[127.0090330528281,37.54397837272542],[127.00875704600838,37.54200014456815],[127.00899161562296,37.541599755992145],[127.00920904811838,37.541274817145656],[127.00925157700418,37.54057316648244],[127.00929204747004,37.54043267205934],[127.00940869675036,37.54003368679032],[127.00983134624012,37.53945392308236],[127.00992363470193,37.53939536103398],[127.00994519995028,37.53938831373411],[127.01048264423764,37.53930915798918],[127.01071529602174,37.53928295725079],[127.01148304922168,37.539008976303364],[127.01071557377445,37.53928295725252],[127.00992391245461,37.53939536103571],[127.00940897450306,37.540033686792036],[127.00920932587107,37.54127481714736],[127.00875732376106,37.54200014456985],[127.0090330528281,37.54397837272542]],[[127.01212345462466,37.539187388017446],[127.0121236054532,37.53918743574722],[127.01211384093443,37.539191003110275],[127.01212345462466,37.539187388017446]],[[127.01261242633427,37.53934243715719],[127.01321740000422,37.53888460520253],[127.01321764762697,37.53888463389174],[127.01281782703582,37.53926531357737],[127.01261242633427,37.53934243715719]],[[127.01478616813789,37.53879743953895],[127.01402727727431,37.53882961569295],[127.01409304697121,37.53881271509317],[127.01478589038521,37.538797439537234],[127.01481010746774,37.53875379272291],[127.01486101327225,37.53869522244998],[127.01491633606426,37.538660870340415],[127.01499959050207,37.53853978544992],[127.01501156382957,37.538301867910064],[127.01503194136397,37.53827096024328],[127.01499986825478,37.538539785451626],[127.01491661381694,37.53866087034213],[127.01478616813789,37.53879743953895]],[[127.01509819582824,37.538278206916914],[127.01509823759723,37.53827824523443],[127.0150706118368,37.53828268562739],[127.01509819582824,37.538278206916914]],[[127.0152946142632,37.538318728846114],[127.01529480242017,37.53831874382005],[127.0152289392934,37.53832970371055],[127.0152946142632,37.538318728846114]],[[127.01533359079477,37.538321808579006],[127.01547916278659,37.53823226591698],[127.01550921400037,37.53822973057056],[127.0154494017907,37.53830181710604],[127.01533359079477,37.538321808579006]],[[127.01561653554069,37.53824125952591],[127.0156165774936,37.53824126674545],[127.0155151613452,37.538244362585274],[127.01561653554069,37.53824125952591]],[[127.01753062705708,37.53765227073164],[127.01584351567813,37.53816690029763],[127.01640338125033,37.53797086510022],[127.01644915656651,37.537896248097496],[127.01753034930438,37.537652270729915],[127.0174394056361,37.533992844884175],[127.01501965034386,37.53213231506094],[127.01403378777533,37.531206373122224],[127.01368831957232,37.53087839335696],[127.01334478886476,37.530549556424276],[127.0122905434669,37.52953604789263],[127.00645617520782,37.52344008064399],[126.99068376306252,37.51309568599701],[126.98791977681468,37.50960431609022],[126.9874890242695,37.509055224989794],[126.98554401628382,37.50655076344652],[126.98554048916714,37.50654344686793],[126.98552917949088,37.5065425984],[126.98463021661007,37.50653768902157],[126.98414902839501,37.506533672888786],[126.98370690538465,37.506531642993494],[126.98414930614771,37.50653367289047],[126.98552945724359,37.506542598401715],[126.98554076691984,37.50654344686964],[126.99068404081518,37.51309568599869],[127.00645645296052,37.52344008064566],[127.01334506661743,37.53054955642599],[127.01743968338874,37.53399284488591],[127.01753062705708,37.53765227073164]],[[126.98215968993406,37.506538994747906],[126.98152743654362,37.50653833099947],[126.98099702615777,37.5065379608913],[126.98152771429632,37.506538331001195],[126.98215968993406,37.506538994747906]],[[126.98074015569048,37.50654466432529],[126.98040360718804,37.50654460465578],[126.98074015749793,37.50654466427807],[126.98074015569048,37.50654466432529]],[[126.98394325377797,37.498225599425105],[126.98377066242759,37.49803213814415],[126.98450358899062,37.498850461161275],[126.98394325377797,37.498225599425105]],[[126.98265099793612,37.49075920396285],[126.98265048161478,37.49074400400762],[126.98265205304934,37.49079018051688],[126.98265099793612,37.49075920396285]],[[126.9876210490306,37.46659614487008],[126.98762317477708,37.46659276635542],[126.98760285536552,37.46662739855426],[126.9876210490306,37.46659614487008]],[[126.98764880910284,37.45975217268874],[126.98765764116507,37.4597274050989],[126.98764120940227,37.45977498524178],[126.98764880910284,37.45975217268874]],[[126.87497416978636,37.54696488358945],[126.87497416977111,37.54696489259933],[126.8749571968312,37.546964306785696],[126.87497416978636,37.54696488358945]],[[126.87515609405158,37.54697296206928],[126.87515609403638,37.546972971079185],[126.8751253392283,37.54697181192716],[126.87515609405158,37.54697296206928]],[[126.87792911194107,37.55334410772176],[126.87836210924074,37.55355037766228],[126.87921737285836,37.55315089362037],[126.87850816092853,37.553495455733206],[126.87836218322393,37.55355076851502],[126.87824454977616,37.553581333486015],[126.87800402415921,37.55349605571826],[126.87795405650266,37.553450107012615],[126.87792911194107,37.55334410772176]],[[126.87923728882764,37.554746592977835],[126.87968829401743,37.555304458089445],[126.88023360359381,37.55598132938478],[126.88042808438722,37.55622366995843],[126.88046390965634,37.55626903548101],[126.87968836788973,37.55530484877068],[126.87929218062408,37.55481622003114],[126.87923728882764,37.554746592977835]],[[126.88138754265826,37.55581047403758],[126.88139178663609,37.55581047835521],[126.88046390965634,37.55626903548101],[126.88138754265826,37.55581047403758]],[[126.90089282718017,37.54598150592964],[126.90088876931165,37.54598566036432],[126.90089108113708,37.5459831305485],[126.90089282718017,37.54598150592964]],[[126.90089833307924,37.54597582067771],[126.90089426504152,37.54598003385113],[126.90089638412266,37.545977783178294],[126.90089833307924,37.54597582067771]],[[126.9223929943626,37.54142556490605],[126.92180099503794,37.5414288157943],[126.9224162426202,37.541425361131786],[126.9223929943626,37.54142556490605]],[[126.92862396469279,37.53992192677113],[126.92831672463893,37.53966256623224],[126.92888389385953,37.54014006403599],[126.92862396469279,37.53992192677113]],[[126.9297514591706,37.54087913792155],[126.92943067588544,37.54060587817326],[126.93033332333621,37.54135570057067],[126.9297514591706,37.54087913792155]],[[126.93533784505193,37.53935165941558],[126.93432253857716,37.53983863740167],[126.93432579765174,37.5398370653197],[126.93533784505193,37.53935165941558]],[[126.94458544847193,37.533780526557486],[126.94713970854298,37.53059890172294],[126.94741137097402,37.53017190124497],[126.94741756612339,37.53016261483381],[126.94744481161165,37.53012743448138],[126.94752725966022,37.5300232902513],[126.94768509046568,37.5298220441668],[126.94777656306518,37.529706082826586],[126.94849667448071,37.5287876734818],[126.94852639834454,37.52874996218983],[126.94867837010291,37.52855546956113],[126.94877780029633,37.528428816176074],[126.94987840979215,37.52702852365869],[126.94713949847414,37.53059929454869],[126.94551396524047,37.53262717649262],[126.94458544847193,37.533780526557486]],[[126.83104246392305,37.507895788823554],[126.83104246394356,37.50789577981362],[126.83104523228076,37.507996299420036],[126.83104246392305,37.507895788823554]],[[126.83102565407698,37.50782753210185],[126.83061448977327,37.506944051477625],[126.83056581876042,37.50635607996428],[126.83102565407698,37.50782753210185]],[[126.84467716503346,37.50574045565772],[126.84449540731482,37.506209858852465],[126.8443820757739,37.506489857542384],[126.84467716503346,37.50574045565772]],[[126.84629187197807,37.50869813701392],[126.84623474625239,37.508976524237525],[126.84623474448904,37.50897652391183],[126.84629187197807,37.50869813701392]],[[126.86408201668031,37.5083394937218],[126.86379154105609,37.50801817531715],[126.86399420345778,37.50822930774067],[126.86408201668031,37.5083394937218]],[[126.86374692769385,37.50787397281382],[126.86314329393926,37.50736815042626],[126.8630702836688,37.50729091251807],[126.86369845792557,37.50780352139343],[126.86374692769385,37.50787397281382]],[[126.8629762762268,37.50718634973416],[126.86278938492323,37.50695720510393],[126.8630702836688,37.50729091251807],[126.8629762762268,37.50718634973416]],[[126.86268795779594,37.50685939985923],[126.86258384132674,37.50677874634595],[126.86278938492323,37.50695720510393],[126.86268795779594,37.50685939985923]],[[126.86296054967752,37.50652239562253],[126.86296054623753,37.506522402508764],[126.86276320625994,37.506399971826994],[126.86296054967752,37.50652239562253]],[[126.864731004686,37.50520169595715],[126.86473100470243,37.505201686947174],[126.8647340294707,37.50518648175424],[126.864731004686,37.50520169595715]],[[126.8647190844513,37.50524560165836],[126.86471908338801,37.50524559675917],[126.86472655439954,37.50521716092702],[126.8647190844513,37.50524560165836]],[[126.86647586892451,37.505295488005096],[126.86645243534603,37.505259137823145],[126.86647586894073,37.505295478995144],[126.86656567524777,37.50527868792089],[126.86658758166158,37.50528519111394],[126.86656567523156,37.505278696930844],[126.86647586892451,37.505295488005096]],[[126.87144863130324,37.50507017818491],[126.87144863024267,37.50507017845155],[126.87142197772667,37.50484715838438],[126.87144863130324,37.50507017818491]],[[126.87183005804705,37.504206490692255],[126.87182741184384,37.50420142043685],[126.87183006081226,37.50420648695069],[126.87183005804705,37.504206490692255]],[[126.87373429792353,37.504305698568494],[126.87375792138829,37.504233923628945],[126.87370031185792,37.50444559571933],[126.87373429792353,37.504305698568494]],[[126.87368880143146,37.504563566484556],[126.87368880121302,37.504563559870974],[126.87370031185792,37.50444559571933],[126.87368880143146,37.504563566484556]],[[126.87471246703575,37.506667374521555],[126.87427308981081,37.506907360183384],[126.87424522335607,37.50697996854909],[126.87422884333878,37.507155086709524],[126.87421309286292,37.50717476982248],[126.87471246703575,37.506667374521555]],[[126.87503551821439,37.50770836685416],[126.87503551893249,37.50770837243737],[126.87503087918641,37.50773004545668],[126.87503551821439,37.50770836685416]],[[126.87503087918641,37.50773004545668],[126.87500614317948,37.50783785929475],[126.87493856894682,37.507976585486745],[126.87503087918641,37.50773004545668]],[[126.87475459037655,37.50830299958691],[126.87488708960096,37.508114788292225],[126.87484384241925,37.50819357915474],[126.87480060381698,37.50826054893041],[126.87475459037655,37.50830299958691]],[[126.87475459037655,37.50830299958691],[126.87456709581527,37.50840051135505],[126.8744222892287,37.50844230606343],[126.87475459037655,37.50830299958691]],[[126.8744222892287,37.50844230606343],[126.87400864966808,37.50861164415772],[126.87398371474353,37.5086226003921],[126.87390093542619,37.50866924570011],[126.8744222892287,37.50844230606343]],[[126.87390093542619,37.50866924570011],[126.87378793940417,37.50881300375632],[126.87377966218337,37.50889830852075],[126.87390093542619,37.50866924570011]],[[126.87555818946619,37.50984879831818],[126.87525913666747,37.510182118114706],[126.87560326220418,37.50974043855178],[126.87555818946619,37.50984879831818]],[[126.87525913666747,37.510182118114706],[126.87519433863633,37.51046446621498],[126.87518471245319,37.510512037548246],[126.87525913666747,37.510182118114706]],[[126.87684414764311,37.51084520510863],[126.87674278136267,37.51100924162405],[126.87684485890225,37.510838725778186],[126.87684414764311,37.51084520510863]],[[126.87672933047659,37.51102443623622],[126.87667091123103,37.51107899291539],[126.87674278136267,37.51100924162405],[126.87672933047659,37.51102443623622]],[[126.87641891536911,37.51117895316618],[126.87656971980338,37.511144496488384],[126.87656459145009,37.511147302172844],[126.87641891536911,37.51117895316618]],[[126.87605955157254,37.511222504639065],[126.87556484699397,37.511460183637475],[126.87546134542431,37.511634073656886],[126.87605955157254,37.511222504639065]],[[126.87534701369579,37.511730529396786],[126.87528547115944,37.51175861240485],[126.87546134542431,37.511634073656886],[126.87534701369579,37.511730529396786]],[[126.87529391526981,37.511779461246874],[126.87529391835307,37.51177946885625],[126.87518019372985,37.511830866253966],[126.87529391526981,37.511779461246874]],[[126.87518019372985,37.511830866253966],[126.87488768203212,37.511741300354295],[126.87482194986943,37.5116311281182],[126.87518019372985,37.511830866253966]],[[126.87480450888113,37.51149062605606],[126.87480450969089,37.511490623447195],[126.87482194986943,37.5116311281182],[126.87480450888113,37.51149062605606]],[[126.87490158184735,37.51115228195065],[126.87489258621953,37.51103429373346],[126.87490158238944,37.51115227985133],[126.87490158184735,37.51115228195065]],[[126.87486323550431,37.51094051358596],[126.87479603897462,37.51085399090873],[126.87489258621953,37.51103429373346],[126.87486323550431,37.51094051358596]],[[126.87467728506238,37.51074997856182],[126.87455296486506,37.510693812036145],[126.87479603897462,37.51085399090873],[126.87467728506238,37.51074997856182]],[[126.87455296486506,37.510693812036145],[126.87424756822743,37.510701934750315],[126.87407875360782,37.51082507214228],[126.87455296486506,37.510693812036145]],[[126.87405199127443,37.51087263390177],[126.87399996333215,37.51101869234674],[126.87407875360782,37.51082507214228],[126.87405199127443,37.51087263390177]],[[126.87644907533812,37.51301223545471],[126.87643339547812,37.51308881036373],[126.87637905226815,37.51324839853839],[126.87644907533812,37.51301223545471]],[[126.8779289214479,37.51340010193273],[126.8778980924616,37.5134453897789],[126.87793247972736,37.51338152519032],[126.8779289214479,37.51340010193273]],[[126.87785016439905,37.51357795722896],[126.87787572240109,37.513505354687474],[126.87785813296212,37.51356080159543],[126.87785016438418,37.5135779662389],[126.87781879667604,37.51362748818052],[126.87780374420058,37.51364661858378],[126.87772336421519,37.51373157038384],[126.87771360868918,37.5137563338045],[126.87772336423008,37.51373156137391],[126.87785016439905,37.51357795722896]],[[126.87765548482727,37.51438330677771],[126.8776786268134,37.5140617835911],[126.8777292353415,37.51381266240591],[126.8776786267985,37.514061792601055],[126.87765548482727,37.51438330677771]],[[126.87764359911412,37.514429893825486],[126.87758414785327,37.51466310592555],[126.87758414725654,37.514663099314966],[126.87764359911412,37.514429893825486]],[[126.8778269805163,37.51552239933348],[126.87784107030683,37.51544188936415],[126.87782698057954,37.51552240789724],[126.8778269805163,37.51552239933348]],[[126.87782418624063,37.51560489158191],[126.8778279148168,37.51560039080036],[126.87782418788238,37.51560489859212],[126.87782418624063,37.51560489158191]],[[126.87899639575082,37.51696465256429],[126.87899639576555,37.51696464355437],[126.87900457114031,37.51693143442791],[126.87899639575082,37.51696465256429]],[[126.87858987275793,37.5172967516225],[126.87891806015573,37.51709155760173],[126.87881228119083,37.51715029178583],[126.87866191582695,37.517227567047854],[126.87858987275793,37.5172967516225]],[[126.87855072513628,37.51735105892576],[126.87852961607264,37.51739353690756],[126.87858987275793,37.5172967516225],[126.87855072513628,37.51735105892576]],[[126.87851770732463,37.517433519698365],[126.87850970533684,37.51746476190425],[126.87852961607264,37.51739353690756],[126.87851770732463,37.517433519698365]],[[126.87959208186156,37.51767817358395],[126.87948811661943,37.517772453812405],[126.8794881130753,37.5177724559521],[126.87959208186156,37.51767817358395]],[[126.88978723258354,37.51204071409529],[126.88978663245295,37.51203748969224],[126.88980031741791,37.512083731903495],[126.88978723258354,37.51204071409529]],[[126.89233211054527,37.50909586296877],[126.89227990608211,37.50907369377386],[126.89228001982552,37.509073370131496],[126.89233211054527,37.50909586296877]],[[126.89279555515432,37.50781940633651],[126.89278449270952,37.50784638436306],[126.89279444905793,37.50781687474307],[126.89279555515432,37.50781940633651]],[[126.89397476516335,37.50500941431514],[126.89322631411176,37.504625044230785],[126.8931690989436,37.504601628902],[126.89310657497002,37.504456285676206],[126.89316902655257,37.50460122441894],[126.89377796284438,37.50473017350631],[126.89393033051249,37.50482125907183],[126.89397476516335,37.50500941431514]],[[126.89330600657304,37.503964546841495],[126.89315425341125,37.50374594680768],[126.89306409178553,37.50369753667819],[126.89330600657304,37.503964546841495]],[[126.89300943599936,37.50366790913302],[126.89269348926202,37.50331417058545],[126.89274549465692,37.50334619580289],[126.89300943599936,37.50366790913302]],[[126.89313207599776,37.502668035574445],[126.89299227282409,37.50247706702934],[126.89273193652589,37.50207290088925],[126.89313207599776,37.502668035574445]],[[126.89292365214446,37.50160022688386],[126.89293268441531,37.50157518663385],[126.8929325334244,37.50157815925646],[126.89292365214446,37.50160022688386]],[[126.89293271151053,37.50157465319895],[126.892830391938,37.501275788738575],[126.89280821872603,37.501210725283315],[126.89279730558903,37.50117945961586],[126.89277881085229,37.501124582734725],[126.89285988174471,37.501361005959055],[126.89293271151053,37.50157465319895]],[[126.89361960651536,37.499592766391316],[126.89362423565785,37.49958651296064],[126.89362402090853,37.499587018898715],[126.89361960651536,37.499592766391316]],[[126.89411799600079,37.49784078369869],[126.89411792372978,37.49784037857458],[126.89412263246744,37.497848192954166],[126.89411799600079,37.49784078369869]],[[126.91227310108312,37.486747684497296],[126.91231070018432,37.48677304902381],[126.91231246237298,37.48677446492497],[126.91227310108312,37.486747684497296]],[[126.91307865044394,37.48739757813697],[126.91319016215901,37.48752999147655],[126.91316036468479,37.487494613942886],[126.91307865044394,37.48739757813697]],[[126.92476513015616,37.49084052237562],[126.9247769433731,37.490854612677964],[126.92477853570948,37.49085658690205],[126.92476513015616,37.49084052237562]],[[126.92610111923149,37.49318172957836],[126.92613678977318,37.49319864608412],[126.92613785185856,37.49319949370135],[126.92610111923149,37.49318172957836]],[[126.928477694562,37.49482388865196],[126.92848830812089,37.49481713771776],[126.92849095557997,37.49481573379521],[126.928477694562,37.49482388865196]],[[126.92986267736704,37.49399299714699],[126.92986409166194,37.49399216007519],[126.93007311193598,37.49398806096666],[126.92986267736704,37.49399299714699]],[[126.93913824755974,37.49223990357739],[126.93923527207235,37.492207293519954],[126.93919137464837,37.49222205577846],[126.93913824755974,37.49223990357739]],[[126.94446300425442,37.49307856045021],[126.94446492619336,37.4930790749481],[126.94452995548036,37.493096612755636],[126.94446300425442,37.49307856045021]],[[126.9487801280847,37.49381909438478],[126.94880558151944,37.49330498064612],[126.94878013922845,37.49381909770562],[126.9487801280847,37.49381909438478]],[[126.95371473016682,37.49062602650033],[126.9539035177794,37.49075336899337],[126.95375636894947,37.49065411850254],[126.95371473016682,37.49062602650033]],[[126.96778165345505,37.47783553794591],[126.96804483992459,37.47749464654672],[126.96780142702437,37.47780992809903],[126.96778165345505,37.47783553794591]],[[126.87846288204261,37.48666212378059],[126.87911686218213,37.486369131036405],[126.87945242140114,37.48621883993156],[126.87911686216745,37.48636914004639],[126.87846288204261,37.48666212378059]],[[126.87945242140114,37.48621883993156],[126.88031752704237,37.48591733674987],[126.8805918688842,37.48582216585826],[126.88093355632368,37.485703700134955],[126.88103324378432,37.48567085224267],[126.87945242140114,37.48621883993156]],[[126.88135373123329,37.48555855355383],[126.88176981497784,37.48531204778527],[126.88202145063903,37.485166178279925],[126.88176981496345,37.485312056795266],[126.88135373123329,37.48555855355383]],[[126.88202145063903,37.485166178279925],[126.88239137935886,37.48494636531219],[126.88239774942416,37.48494356061258],[126.88202145063903,37.485166178279925]],[[126.88264107277016,37.484797393076256],[126.88257405598478,37.48483478022635],[126.88246723971831,37.48490082411231],[126.88257405599906,37.484834771216384],[126.88264107277016,37.484797393076256]],[[126.88310000599279,37.48448250370123],[126.8826730775877,37.48477855831946],[126.882718164799,37.484752132263225],[126.88272400432655,37.48474875938216],[126.8828060698879,37.48468999751282],[126.8829357096176,37.484597775127966],[126.88297692249132,37.48456881327209],[126.88306852749504,37.484504708844646],[126.88310000599279,37.48448250370123]],[[126.88312954885642,37.48446169316085],[126.88320860314758,37.48440490118287],[126.88310000599279,37.48448250370123],[126.88312954885642,37.48446169316085]],[[126.88320860314758,37.48440490118287],[126.88338829678227,37.4842761207469],[126.88403719078087,37.48381923053647],[126.88426764529599,37.48365558542749],[126.8843442169551,37.48360188064968],[126.88403719076678,37.48381923954645],[126.8833882967681,37.484276129756886],[126.88320860314758,37.48440490118287]],[[126.8843442169551,37.48360188064968],[126.8844154900806,37.483552684584545],[126.88446766734454,37.48351753418311],[126.8843442169551,37.48360188064968]],[[126.88446766734454,37.48351753418311],[126.88453080006944,37.48347536679949],[126.88458739064755,37.483437688901816],[126.88450125928931,37.48349533976559],[126.88446766734454,37.48351753418311]],[[126.88458739064755,37.483437688901816],[126.88470781687683,37.48335643863161],[126.88476210902084,37.48332073156894],[126.88458739064755,37.483437688901816]],[[126.88482825108326,37.48327716143702],[126.88488943653194,37.48323639749797],[126.88476210902084,37.48332073156894],[126.88482825108326,37.48327716143702]],[[126.88488943653194,37.48323639749797],[126.88505408175016,37.48312561966148],[126.88507159094523,37.483113815786936],[126.88505408173619,37.483125628671495],[126.88488943653194,37.48323639749797]],[[126.88507159094523,37.483113815786936],[126.88525232886768,37.48299291726994],[126.8852753154748,37.48297774000105],[126.88525232885372,37.482992926279934],[126.88510749165731,37.483089920578934],[126.88507159094523,37.483113815786936]],[[126.88567443312029,37.48271795894928],[126.8854592276135,37.482858258858315],[126.88533809420282,37.48293724769495],[126.88567443312029,37.48271795894928]],[[126.88573014848365,37.48268254115283],[126.88619250808041,37.48230626680559],[126.8857147572354,37.48269209469942],[126.88573014848365,37.48268254115283]],[[126.88619250808041,37.48230626680559],[126.88634931302687,37.48212255247089],[126.88638399424431,37.4820823205335],[126.88634931301303,37.48212256148088],[126.88627480666105,37.4822100571252],[126.88619250808041,37.48230626680559]],[[126.88647460700199,37.48197570323889],[126.88651761448918,37.4819247754751],[126.88638399424431,37.4820823205335],[126.88647460700199,37.48197570323889]],[[126.88667637928405,37.48173008840771],[126.88660718057237,37.48181477830308],[126.8866293027804,37.48178776978284],[126.88665230814455,37.48175991517584],[126.88667637928405,37.48173008840771]],[[126.88679921197736,37.481580136984896],[126.88698911362043,37.481347475482615],[126.88670664601462,37.48169296053588],[126.88679921197736,37.481580136984896]],[[126.88704044836146,37.48128473445852],[126.88706735042655,37.48125181090678],[126.88698911362043,37.481347475482615],[126.88704044836146,37.48128473445852]],[[126.88721778701208,37.48106726029397],[126.88753317829917,37.48068097236674],[126.887562378866,37.480645528112326],[126.88757706959332,37.48062780156451],[126.88763282120344,37.4805594332758],[126.88768059796378,37.48050120255153],[126.88721778701208,37.48106726029397]],[[126.88773015310518,37.48044071200667],[126.88800300282152,37.48026612612656],[126.88770078268526,37.480476435450676],[126.88773015310518,37.48044071200667]],[[126.88810237586968,37.48020258382564],[126.88815613061824,37.48016828022781],[126.88800300282152,37.48026612612656],[126.88810237586968,37.48020258382564]],[[126.88830925290534,37.480073821888425],[126.88821466105372,37.480130890750026],[126.88824118661628,37.48011459003739],[126.88830925290534,37.480073821888425]],[[126.8893690378897,37.479577038222004],[126.88841746786554,37.48000944985956],[126.88877515589395,37.4797955245431],[126.88878523824276,37.47978962359334],[126.8893690378897,37.479577038222004]],[[126.8893690378897,37.479577038222004],[126.88950566379097,37.479527045103815],[126.88963380515706,37.47948042254921],[126.8893690378897,37.479577038222004]],[[126.89141393904713,37.479121694062165],[126.8898528043967,37.47940010720583],[126.88988125383531,37.47938971851013],[126.89044386286137,37.47929001228349],[126.89141393904713,37.479121694062165]],[[126.89141393904713,37.479121694062165],[126.89235767218072,37.478958704495746],[126.8926748425709,37.478903810724184],[126.89318567032545,37.478815585552496],[126.89336536183906,37.47878478272971],[126.89342508118526,37.47877498041614],[126.89365266042381,37.47873830137151],[126.89383182948615,37.478708902924254],[126.89433115839684,37.47862741982829],[126.8946106872071,37.47858206435266],[126.89488614446904,37.478537542472665],[126.8950852830742,37.47850478138567],[126.89545818615632,37.47850595460349],[126.89141393904713,37.479121694062165]],[[126.89545818615632,37.47850595460349],[126.8958485798075,37.47850659267566],[126.89621207044698,37.478673323155725],[126.89545818615632,37.47850595460349]],[[126.89621207044698,37.478673323155725],[126.89646217258135,37.47869860262893],[126.89648107286312,37.4787005836143],[126.89646217256873,37.478698611638954],[126.8962818389559,37.47868043114321],[126.89621207044698,37.478673323155725]],[[126.89656072677838,37.47871276385279],[126.89680197509,37.47875549615346],[126.89711192221783,37.47881067745252],[126.89726732538077,37.47883840332634],[126.89764598594948,37.478904059404336],[126.89769224875869,37.47891227214629],[126.89726732536823,37.47883841233635],[126.89656072676578,37.4787127728628],[126.89648107286312,37.4787005836143],[126.89656072677838,37.47871276385279]],[[126.89771433498426,37.47891594961659],[126.897931034121,37.47895471165659],[126.8986579455538,37.47908627118748],[126.89899049683228,37.47914879237444],[126.89771433498426,37.47891594961659]],[[126.90947722953484,37.47801793807169],[126.90946255347127,37.47802834222049],[126.90946097069511,37.478028340987464],[126.90947722953484,37.47801793807169]],[[126.91130152630997,37.474755185613624],[126.91130152090624,37.47475968161108],[126.91130130989866,37.474784747334624],[126.91130152630997,37.474755185613624]],[[126.90819998190186,37.472682435588936],[126.90819997699604,37.472686381976516],[126.90819427176774,37.47272889578467],[126.90819998190186,37.472682435588936]],[[126.91353338680528,37.46511584714778],[126.91368709437526,37.465375847017114],[126.91368744083594,37.4653792260388],[126.91353338680528,37.46511584714778]],[[126.91312912319847,37.46330199571319],[126.91328729191763,37.463060536676565],[126.9133017982856,37.46304731175464],[126.91328730322094,37.46306053668499],[126.91312912319847,37.46330199571319]],[[126.921318660443,37.45676288499613],[126.92088592431517,37.456828760388355],[126.92088273705092,37.456828758213916],[126.921318660443,37.45676288499613]],[[126.92846656119755,37.450744683679],[126.92846902493811,37.45073303519252],[126.92845252782386,37.45081129539712],[126.92846656119755,37.450744683679]],[[126.89901017875606,37.4792242683303],[126.89907084101138,37.4794261993427],[126.89908737883077,37.479477741956195],[126.89901017875606,37.4792242683303]],[[126.89909845759934,37.479511530105775],[126.89918434845067,37.479743053782876],[126.89927734336628,37.4799554372551],[126.89909845759934,37.479511530105775]],[[126.89931115368127,37.48002586174632],[126.89928420867199,37.4799700844684],[126.89931890986715,37.48004219460066],[126.89931115368127,37.48002586174632]],[[126.89938815167301,37.480179945503174],[126.89935273387191,37.480110925208166],[126.89940541691549,37.48021232439472],[126.89938815167301,37.480179945503174]],[[126.89940541691549,37.48021232439472],[126.89945088096844,37.480293174489155],[126.89946216043316,37.480312609821425],[126.89940541691549,37.48021232439472]],[[126.8994760910415,37.4803362731385],[126.89954923274489,37.48045826879395],[126.8995250799924,37.480419108449674],[126.89950480921776,37.480385303399856],[126.8994760910415,37.4803362731385]],[[126.89960087954229,37.480540520714754],[126.899609341008,37.48055376372236],[126.89957778566146,37.48050418142931],[126.89960087954229,37.480540520714754]],[[126.8997101901329,37.48070363311763],[126.89964054821192,37.48060165182392],[126.89965658030462,37.480626443182096],[126.8997101901329,37.48070363311763]],[[126.8997101901329,37.48070363311763],[126.8998043393055,37.480833800767634],[126.8998397880027,37.48088057522376],[126.8997101901329,37.48070363311763]],[[126.89986730353132,37.48091635062882],[126.89988898531486,37.4809436876379],[126.8998397880027,37.48088057522376],[126.89986730353132,37.48091635062882]],[[126.90013251970775,37.481259247288016],[126.89996199491551,37.48103891416449],[126.90006532646557,37.481176684931725],[126.90013251970775,37.481259247288016]],[[126.90013251970775,37.481259247288016],[126.90031453132809,37.48148042792765],[126.90036779658124,37.4815457961235],[126.90048331336659,37.48168667638852],[126.90071983582999,37.48197379319957],[126.90048331335447,37.481686685398515],[126.90013251970775,37.481259247288016]],[[126.90076868826847,37.482033805498496],[126.90081436903982,37.48208987769876],[126.90071983582999,37.48197379319957],[126.90076868826847,37.482033805498496]],[[126.90087592030147,37.482165379973274],[126.90084805108359,37.48213128938085],[126.90085898899765,37.48214453440546],[126.90087592030147,37.482165379973274]],[[126.90097573735554,37.48228738841736],[126.90119549795111,37.48255646095453],[126.90114770533802,37.48249815262924],[126.90103906097353,37.48236516263531],[126.90097573734344,37.48228739742734],[126.90093729113829,37.482240620770924],[126.90091471617227,37.48221271556862],[126.90093729115037,37.48224061176093],[126.90097573735554,37.48228738841736]],[[126.90123412463193,37.48260379629844],[126.90215374431402,37.483728013287326],[126.90217755148473,37.48375675721303],[126.90123412463193,37.48260379629844]],[[126.90240949043364,37.48403992031137],[126.90254795287262,37.48420868570165],[126.90230331362542,37.48391002401469],[126.90240949043364,37.48403992031137]],[[126.90254795287262,37.48420868570165],[126.9026156825937,37.48429152636615],[126.9026689522117,37.48435661418921],[126.90270722005445,37.484403101797284],[126.90282063426675,37.48454172545382],[126.90296032911077,37.48471190594814],[126.90303017074437,37.48479727994208],[126.9030418206454,37.48481136328318],[126.9031157265574,37.48490152492612],[126.90317851457537,37.484978261249275],[126.90282063425492,37.48454173446383],[126.90270722004259,37.484403110807264],[126.90266895219983,37.48435662319921],[126.9025807563786,37.48424898790921],[126.90254795287262,37.48420868570165]],[[126.90682148859553,37.489215839878995],[126.90682141749774,37.48921544298499],[126.90682091749778,37.489202874683194],[126.90682148859553,37.489215839878995]],[[126.92024541725719,37.49850658140149],[126.9202170440787,37.498337735229256],[126.92024549071515,37.49850709082075],[126.92024541725719,37.49850658140149]],[[126.92028994163073,37.500031292624875],[126.92025356984685,37.4987676298086],[126.92025487333898,37.498809665330434],[126.92028994163073,37.500031292624875]],[[126.92679090609866,37.5128015891131],[126.92679036598072,37.51280072690682],[126.92679007343517,37.512800130209705],[126.92679090609866,37.5128015891131]],[[126.92675919900401,37.51313583085281],[126.92677801424568,37.512948536602636],[126.92679263488603,37.512804618108404],[126.92675919900401,37.51313583085281]],[[126.92680289456776,37.51315327449712],[126.92676280421607,37.51313830389682],[126.92676034434879,37.51313661651757],[126.92680289456776,37.51315327449712]],[[126.92697948137213,37.51349574002374],[126.92696391584866,37.513215121889516],[126.92697953898852,37.51349592256132],[126.92697948137213,37.51349574002374]],[[126.92701911456217,37.51387345175887],[126.92701904515336,37.51387305727712],[126.92702827769027,37.513650508881724],[126.92701911456217,37.51387345175887]],[[126.92678415271473,37.5141886051245],[126.92669840349598,37.51426816682105],[126.9267482980428,37.514221175409055],[126.92678415271473,37.5141886051245]],[[126.92674750486296,37.51444681658165],[126.92667300423417,37.514398795212166],[126.9266721185424,37.514396439213044],[126.92674750486296,37.51444681658165]],[[126.92690014332672,37.514521747815245],[126.92683664007139,37.51519639555563],[126.92686206518299,37.515544025100965],[126.9268365706396,37.515196001199236],[126.9268142603961,37.5148828908722],[126.92680189376675,37.5147049362709],[126.92690014332672,37.514521747815245]],[[126.87820015957888,37.519095246123996],[126.87908096114812,37.52000632281998],[126.87910390840277,37.52002296095539],[126.8794001087047,37.520363960861395],[126.87941460496103,37.52040603137353],[126.87850116381108,37.51965614083759],[126.87835138085742,37.51948592190999],[126.87832142286223,37.519433515817525],[126.87821232360655,37.51913607355613],[126.87820015957888,37.519095246123996]],[[126.87905665735757,37.522537291693],[126.87902517198214,37.522493972574814],[126.87900214556076,37.52245741269695],[126.8790524545772,37.522519231421086],[126.87905665735757,37.522537291693]],[[126.87877323447773,37.52537624869439],[126.8786087633144,37.52506897881782],[126.87860871863047,37.52506864269271],[126.87877323447773,37.52537624869439]],[[126.87881998341447,37.52542747971872],[126.87940903421058,37.525736430527125],[126.88032518519078,37.525736806496695],[126.88047330996491,37.52573949919549],[126.88054470773989,37.52574463593226],[126.88057562857155,37.52574973118612],[126.88070851634659,37.52577971712517],[126.8808097103604,37.525835006489],[126.88093297476499,37.52590495945782],[126.88093756275525,37.525908063562206],[126.88094144890545,37.52591144625816],[126.88110778380373,37.526113600848014],[126.88112333000525,37.526133222331254],[126.88112791848594,37.52614307487579],[126.88113161098424,37.526154341067915],[126.8811465597206,37.526200820578225],[126.88116449101253,37.52625686267463],[126.88118313891755,37.52632406312722],[126.88070858997966,37.52578011061964],[126.88046466179618,37.52573970355708],[126.87940909664766,37.52573682401818],[126.87932852314202,37.52572547826322],[126.87928487164466,37.52571585552829],[126.87918718366478,37.52567577727756],[126.87914568365112,37.52565799371155],[126.87904908637425,37.52560130214228],[126.87891738119575,37.52550599348245],[126.87881998341447,37.52542747971872]],[[126.88117367920452,37.526520047568034],[126.88117440566656,37.526515461113966],[126.8811741505672,37.5265184401554],[126.88117367920452,37.526520047568034]],[[126.8806039394634,37.52741785180211],[126.88135012907415,37.52777663237757],[126.88272674743718,37.52724841162326],[126.88291326234237,37.52722832669741],[126.88293624029598,37.527227502834705],[126.88311936640487,37.527232759145775],[126.88322203830725,37.52725003497123],[126.88328334917328,37.52726783693657],[126.88343032447034,37.52732711621862],[126.8834515181013,37.52733867914082],[126.88361909804152,37.52744611889754],[126.88363410308993,37.5274579549173],[126.88365087628793,37.52747487430637],[126.88372799170016,37.527557446256544],[126.88374703114715,37.52758646824229],[126.8838463983639,37.52779942712975],[126.88385467029696,37.527819707736725],[126.88387543737934,37.527879698586744],[126.88388229459142,37.527908558622876],[126.88311943982828,37.52723315249396],[126.88272682089601,37.52724880497122],[126.88191432970707,37.52762724942279],[126.88135020265959,37.52777702567953],[126.88118455311458,37.52779347135693],[126.88080438582502,37.52764807745713],[126.8806871513261,37.52756236315428],[126.88067462427234,37.527550529297166],[126.8806039394634,37.52741785180211]],[[126.88389471757743,37.528044212614304],[126.88389085986893,37.528001903705125],[126.88389462944681,37.528042175933685],[126.88389471757743,37.528044212614304]],[[126.8839512546647,37.52845105833058],[126.88432466655743,37.5287557671652],[126.88452108386953,37.52883707837692],[126.88514583234222,37.5291510702697],[126.88594441384018,37.529421873252545],[126.88600288969612,37.52944558154654],[126.88617050747749,37.52953388057925],[126.88647884957652,37.52972704804164],[126.88656079002027,37.52978006120852],[126.88709343370147,37.5301482549704],[126.88617058063785,37.5295342736983],[126.88514590559288,37.529151463428526],[126.88432473988006,37.52875616036433],[126.8839512546647,37.52845105833058]],[[126.88717534120346,37.53018889802978],[126.88846154409313,37.530412023947456],[126.88954012363068,37.52999578326119],[126.8906842118874,37.531655816968815],[126.8895401964901,37.52999617632551],[126.88846161705169,37.530412416975494],[126.88717534120346,37.53018889802978]],[[126.88853051706215,37.5325546835156],[126.88875272765081,37.532848363497884],[126.88954939759212,37.533252315961235],[126.88964866139693,37.533308163489096],[126.88979491308902,37.53339360796996],[126.88980480140056,37.53340122170654],[126.88983180548617,37.53342546594447],[126.88993643743389,37.53356156076161],[126.89000736096435,37.533655105792384],[126.89003644739505,37.53370947215113],[126.89015012637263,37.53408204852251],[126.88980288549472,37.53339994572684],[126.8887528005954,37.53284875629273],[126.88869311812809,37.53280505518146],[126.88863171122813,37.532727006529086],[126.8885644923046,37.53263937472717],[126.88853051706215,37.5325546835156]],[[126.88469913677322,37.543329917408535],[126.88470460396388,37.543326402597465],[126.88470265186785,37.54332888006756],[126.88469913677322,37.543329917408535]],[[126.96171091295045,37.558952169196544],[126.96173578570095,37.5588128869673],[126.9616724954056,37.559025361652274],[126.96171091295045,37.558952169196544]],[[126.96853713841652,37.56174539698838],[126.96853304880054,37.56175804337946],[126.96854249957809,37.56172802741359],[126.96853713841652,37.56174539698838]],[[126.96945562864549,37.56199237686252],[126.96933014280194,37.562230546235575],[126.96904235979581,37.56276289793309],[126.96895863972055,37.562914916778574],[126.96894625570854,37.562918850684945],[126.96886661185142,37.563066365640395],[126.96883758251634,37.56311281260253],[126.96868044343643,37.563332105764005],[126.96862550593323,37.56340376288555],[126.96945562864549,37.56199237686252]],[[126.96860700541804,37.56344414131443],[126.96832776706707,37.56382867730228],[126.96766062460328,37.56474411777286],[126.96756204601186,37.56487867015205],[126.96747021718492,37.564979167018905],[126.96744113759601,37.565008161456305],[126.96742438815012,37.56502814055052],[126.96705474994248,37.56542926151274],[126.96699990608012,37.565488089059706],[126.9669788526791,37.56551369800963],[126.96683127095996,37.5656766796255],[126.96669006620269,37.565828679882614],[126.96650871150425,37.566007977031525],[126.96623586991618,37.56627397574755],[126.96599594626349,37.566506755274006],[126.96581669774689,37.566677321394],[126.96571178073712,37.566775551421934],[126.9653777103828,37.56710910366305],[126.96418377638507,37.568434869778514],[126.96414483957413,37.56847765439778],[126.96401212961682,37.56862007656169],[126.96399992041988,37.56863415512725],[126.96378403345886,37.56884891793536],[126.96295449208806,37.569634194344935],[126.96291025226014,37.569685139766804],[126.96269029648644,37.56989792604066],[126.96252696640109,37.570053860253914],[126.96187258833177,37.57067419772493],[126.96155901590804,37.570967759974394],[126.96154061329868,37.570983241724335],[126.96129730042405,37.5712114964119],[126.96116935517865,37.57133646480232],[126.96076518423945,37.571715867045604],[126.96074730214028,37.571731069543326],[126.96045744362523,37.572010275256176],[126.96037480363425,37.57208260480057],[126.96029250368424,37.57217436870733],[126.95940394064652,37.57304969782656],[126.95855145737423,37.57388393021687],[126.95833785508391,37.574087979968226],[126.95833784906519,37.57409840438901],[126.9556340030282,37.576594803560035],[126.95557670069141,37.5765919701954],[126.95544937472225,37.57654489807095],[126.95467172504249,37.577508647951035],[126.95397837681422,37.57828687733857],[126.95379340222341,37.57849093023198],[126.95355844554074,37.57874835422307],[126.95544930756856,37.576544509641316],[126.96399985407119,37.56863376596938],[126.96860700541804,37.56344414131443]],[[126.9668809914969,37.566000770807214],[126.96686508399308,37.565986125075185],[126.9668873607451,37.566007809396226],[126.9668809914969,37.566000770807214]],[[127.01775196626782,37.570280772060904],[127.0176065748956,37.570210118466335],[127.01777230964925,37.5702911846828],[127.01775196626782,37.570280772060904]],[[126.96918343569078,37.5556624268491],[126.96917140800032,37.554876174395574],[126.96918371564803,37.555662570964486],[126.96918343569078,37.5556624268491]],[[126.97240793329146,37.55487729585906],[126.97435037195059,37.55354823939963],[126.976428239921,37.553088626386774],[126.97435064970327,37.553548239401316],[126.97240793329146,37.55487729585906]],[[126.97654787901351,37.55521921469463],[126.97726260026637,37.55500847794958],[126.97770602356258,37.55467266099817],[126.97775094064541,37.55463888291016],[126.97782523157409,37.55458624396463],[126.97809989433831,37.55441680445042],[126.97815560732134,37.55438387527849],[126.97879511254037,37.55408723185649],[126.97871280216017,37.5537952410252],[126.97873199824781,37.55320461355113],[126.97879539029304,37.55408723185818],[126.97810018340809,37.55441680445438],[126.97782550932676,37.55458624396634],[126.97775121839811,37.55463888291187],[126.97726287802197,37.555008468941395],[126.97725810135006,37.55501100875268],[126.97678166941,37.55515224824846],[126.97654787901351,37.55521921469463]],[[126.98098149774333,37.55383450809724],[126.9811872658522,37.55381006487568],[126.98089017446593,37.553868246899704],[126.98098149774333,37.55383450809724]],[[126.98304377263717,37.55337309112464],[126.98248454857995,37.553478310037946],[126.98202029038848,37.553794427895454],[126.98171912612574,37.55385939327924],[126.98248427082727,37.55347831003624],[126.98304377263717,37.55337309112464]],[[126.98402754086293,37.55303903651003],[126.98368281650029,37.55311612771932],[126.98330965123832,37.55335736504737],[126.98315315824142,37.55338294855991],[126.98368253874764,37.553116127717615],[126.98402754086293,37.55303903651003]],[[126.98541809338278,37.55370533799225],[126.98659568110097,37.55258072168046],[126.9870761852937,37.55226797547749],[126.98717559274498,37.55208553697097],[126.98740056197123,37.55182512369171],[126.98740674338221,37.551811888875946],[126.98742039344654,37.551680399909785],[126.98742392599782,37.55167111111626],[126.98754136707083,37.55150725286507],[126.98756418400352,37.55149346139388],[126.98770052316573,37.55145265353142],[126.98771918890498,37.551450700764015],[126.98754164482351,37.55150725286679],[126.98742420375049,37.55167111111798],[126.98740702113486,37.55181188887768],[126.98740083972393,37.55182512369341],[126.98717587049765,37.552085536972676],[126.98707646304638,37.55226797547921],[126.98705222912338,37.55229247045034],[126.98659595885364,37.55258072168217],[126.98644029594324,37.55286254980122],[126.98610811574132,37.553340869848725],[126.98581844389265,37.55352102979656],[126.98578555351645,37.553536792753],[126.98541809338278,37.55370533799225]],[[126.98803356867643,37.55150449897602],[126.9880656505822,37.55147465283887],[126.98806589348685,37.5514746849818],[126.98803356867643,37.55150449897602]],[[126.98937909830346,37.55127664806041],[126.98865579492421,37.55155270833274],[126.9886556022319,37.55155268283428],[126.98937909830346,37.55127664806041]],[[126.9898680402801,37.551260859087726],[126.98986831803278,37.551260859089446],[126.98947658037625,37.55132217013749],[126.9898680402801,37.551260859087726]],[[126.99023841934005,37.55128115733465],[126.99097607070682,37.55078963684122],[126.99099622855054,37.55076767247978],[126.99129704351009,37.55052781005517],[126.99164699481487,37.55027134570733],[126.99296050336811,37.54951770608911],[126.99311066122466,37.549103549251804],[126.9933716805235,37.548811024704534],[126.9940091419372,37.54840984653112],[126.99418370044134,37.54799764495083],[126.99430464712457,37.547879964905725],[126.99435064678286,37.547646556870795],[126.99445904699128,37.54748804296557],[126.9945143971149,37.54745200660288],[126.99469704581506,37.54736529686523],[126.99480914567991,37.54732785808115],[126.99514899507146,37.54724791390501],[126.9952198911382,37.54723242966362],[126.99523512398193,37.54723215581266],[126.99445932474396,37.54748804296729],[126.99430492487724,37.54787996490743],[126.99400941968987,37.54840984653285],[126.99337195827614,37.54881102470623],[126.99296078112081,37.549517706090825],[126.99236880160483,37.550063193798984],[126.99164727256755,37.55027134570905],[126.99076465348537,37.55108018732699],[126.99070629973448,37.55111790648733],[126.99024494317001,37.5512806093264],[126.99023841934005,37.55128115733465]],[[126.9989090960732,37.54979504211215],[126.99909430725661,37.54973310292457],[126.99909453474567,37.549733119710524],[126.9989090960732,37.54979504211215]],[[127.00106884476182,37.54989671088917],[127.00079982492817,37.55001272117088],[127.0005227187056,37.55002143275072],[127.00079953585906,37.5500127211691],[127.00106884476182,37.54989671088917]],[[127.00219835602081,37.549711168686166],[127.00282733396347,37.54963289328996],[127.00219863377349,37.549711168687885],[127.00200254517436,37.54995359032009],[127.00168387237025,37.550059715853656],[127.00219835602081,37.549711168686166]],[[127.00433604814337,37.55021110778441],[127.00457230445234,37.54940985772997],[127.00468826614825,37.54868512436526],[127.00495648289773,37.54843171305795],[127.00569481487793,37.5482822088613],[127.00468854390093,37.548685124366976],[127.00457489535542,37.5498001039623],[127.00456040108548,37.54984993815439],[127.00435565536414,37.55019738342815],[127.00433604814337,37.55021110778441]],[[127.00607653851816,37.54837113753839],[127.00587484209484,37.547946273655064],[127.00581012066371,37.54786602472147],[127.00576184261715,37.54780295706781],[127.0057452172969,37.54776776493945],[127.00560252384147,37.54760333902513],[127.00556680614561,37.54752535043531],[127.00551323485763,37.54750423302015],[127.0053298617748,37.54734853874571],[127.00543363739773,37.547063596787076],[127.00530580258783,37.54687496035779],[127.0050062502962,37.54622090374013],[127.00501703199687,37.546171628187295],[127.00602071743398,37.545113775814706],[127.00726569670957,37.54385739666472],[127.00501730974955,37.546171628189],[127.0054339151504,37.54706359678879],[127.00533013952747,37.54734853874745],[127.00556708389827,37.54752535043701],[127.0061278011436,37.548193189759125],[127.00613116299357,37.54820867766918],[127.00608218436209,37.54835593759666],[127.00607653851816,37.54837113753839]],[[127.00727658882627,37.54386302734947],[127.00729433643582,37.54386021537231],[127.00729447406674,37.54386023723317],[127.00727658882627,37.54386302734947]],[[126.94482013316608,37.53452135928781],[126.9449307409462,37.53431710821841],[126.94482013461209,37.534521361569105],[126.94482013316608,37.53452135928781]],[[126.9455641454379,37.535022610481484],[126.94543985731801,37.535182509987706],[126.94543978552505,37.53518247971187],[126.9455641454379,37.535022610481484]],[[126.94745728463788,37.53533106225332],[126.94738873248993,37.53537801473959],[126.94747422093054,37.535308783021854],[126.94745728463788,37.53533106225332]],[[126.94762449143518,37.53577217884239],[126.94761489376964,37.535797479814725],[126.94763538757095,37.5357432678185],[126.94762449143518,37.53577217884239]],[[126.9483719630322,37.535636584722226],[126.94838608497412,37.53560938609264],[126.94838609450295,37.53560937997954],[126.9483719630322,37.535636584722226]],[[126.95663948542499,37.54061113360805],[126.95652097248995,37.54070535032171],[126.95652083402729,37.54070523553459],[126.95663948542499,37.54061113360805]],[[126.95693027750073,37.5413820634357],[126.95693501693829,37.541375785067984],[126.95695034254925,37.54135612073556],[126.95693027750073,37.5413820634357]],[[126.95696433148507,37.54148229183899],[126.95696444488375,37.54148262224561],[126.95693495021366,37.54148785047688],[126.95696433148507,37.54148229183899]],[[126.95834999359589,37.54275916705215],[126.9580905364144,37.542909708794554],[126.95807798557473,37.54291336220634],[126.95758448751712,37.542974275918986],[126.95749283702543,37.543102353849164],[126.95741230181024,37.543213044735865],[126.95758469846473,37.542973884302306],[126.95834999359589,37.54275916705215]],[[126.9574602583747,37.54382865419123],[126.95753348806363,37.54372743220125],[126.95746018412906,37.54382885660523],[126.9574602583747,37.54382865419123]],[[126.95912066189098,37.545888525781926],[126.95912084314878,37.54588869920118],[126.95909824570826,37.54590097662881],[126.95912066189098,37.545888525781926]],[[126.96012681500999,37.546349285883],[126.96012699267855,37.546349697109186],[126.96011605802438,37.5463487342893],[126.96012681500999,37.546349285883]],[[126.96389805552538,37.5497628956386],[126.96363629381763,37.54990189794311],[126.96354869919283,37.549947697874046],[126.96363650527606,37.54990150700352],[126.9637207014782,37.54983002231849],[126.96377182363136,37.54979568387923],[126.96389805552538,37.5497628956386]],[[126.96352696470663,37.550075480223285],[126.96354339052172,37.550049405382396],[126.96352690509842,37.55007562960747],[126.96352696470663,37.550075480223285]],[[126.96325267534161,37.550440404687336],[126.96325288676302,37.550440013797854],[126.96348842536374,37.5501783731254],[126.96325267534161,37.550440404687336]],[[126.9631873149266,37.55066049343308],[126.96256176953781,37.55124571868624],[126.96254160572131,37.5512628849174],[126.9623966936201,37.55137845114242],[126.9631873149266,37.55066049343308]],[[126.96236555021719,37.551484974966364],[126.96236576155405,37.551484584173636],[126.96236858753743,37.55147983564066],[126.96236555021719,37.551484974966364]],[[126.9668550230465,37.55449991221328],[126.96687525369803,37.5544959809024],[126.96687534951008,37.554496015780785],[126.9668550230465,37.55449991221328]],[[126.96240456701805,37.55164756607253],[126.96228830349118,37.55189006748046],[126.96229963982994,37.55180582853587],[126.96234548150684,37.551723628339595],[126.9623932592498,37.55166113343556],[126.96240456701805,37.55164756607253]],[[126.962300050783,37.55216379559507],[126.96229807896874,37.55255769904079],[126.96231069916868,37.55276999463688],[126.9623103339291,37.55277591402375],[126.96228940897021,37.552905703775856],[126.9622193390033,37.55310259728861],[126.962300050783,37.55216379559507]],[[126.96224686173072,37.55311348508303],[126.96200666479241,37.55403467173695],[126.96200652656297,37.554034556429016],[126.96224686173072,37.55311348508303]],[[126.96177365836739,37.5547950793987],[126.96177359188286,37.554794688917426],[126.96204021628866,37.554062994763605],[126.96177365836739,37.5547950793987]],[[126.96277195101779,37.55600499051074],[126.96274721222105,37.5560496796499],[126.96274711043567,37.55604935320712],[126.96277195101779,37.55600499051074]],[[126.96343685683227,37.556853358421414],[126.96325405847412,37.557265407475974],[126.96321866529954,37.55731607668251],[126.96311660344094,37.55738305015105],[126.96305204319404,37.557414843089234],[126.96305573090305,37.557792701410555],[126.96304111612592,37.55802969364659],[126.96305197681212,37.557414452861],[126.96343685683227,37.556853358421414]],[[126.96307798545591,37.55820322663194],[126.9620760579721,37.558456578866476],[126.96198781137068,37.558461333610886],[126.96197030557023,37.55845626418669],[126.96196323454402,37.55845146855289],[126.96194891885085,37.55844921128204],[126.96193635144405,37.5584582169669],[126.96192043697557,37.558461590342326],[126.96183785517427,37.55845509351277],[126.96159507618233,37.558418404463396],[126.96156377153898,37.55843834042387],[126.96159500966483,37.55841801432636],[126.96207599149767,37.558456188734525],[126.96280441913392,37.55806646339798],[126.96307798545591,37.55820322663194]],[[126.96154963302952,37.558616216727245],[126.96159611281999,37.558452949693645],[126.96154975034979,37.558616395523096],[126.96154963302952,37.558616216727245]],[[126.8214586602365,37.562142399887385],[126.82145888709921,37.562142193006075],[126.82145138222147,37.56215196629074],[126.8214586602365,37.562142399887385]],[[126.81622790717144,37.55234000148632],[126.81623513592866,37.55234564401312],[126.81623284280639,37.5523439555647],[126.81622790717144,37.55234000148632]],[[126.8152962059297,37.54559096804807],[126.81529956599577,37.5455912526537],[126.81528833123838,37.54559054117428],[126.8152962059297,37.54559096804807]],[[126.82404938453453,37.5597176004202],[126.82406124499057,37.55971311330403],[126.82404514766849,37.55971927890038],[126.82404938453453,37.5597176004202]],[[126.80880302657893,37.56244424572241],[126.80880599654544,37.56244686343449],[126.80878502518162,37.56242873736924],[126.80880302657893,37.56244424572241]],[[126.79909099814373,37.563118376226],[126.79910952829485,37.56306744813773],[126.79909068998919,37.56311932173459],[126.79909099814373,37.563118376226]],[[126.80991742187348,37.563245406675875],[126.80992131853964,37.56324860249554],[126.80990913018829,37.56323914937555],[126.80991742187348,37.563245406675875]],[[126.81367477709286,37.55042417592209],[126.81375758446356,37.55047189789427],[126.81375457854217,37.55047019925404],[126.81367477709286,37.55042417592209]],[[126.81182335242157,37.56407514031796],[126.81182786886286,37.564075003416114],[126.81181573275049,37.56407604708309],[126.81182335242157,37.56407514031796]],[[126.81507262509773,37.5457018245145],[126.81508348017613,37.54569596719466],[126.81507026750347,37.54570339752549],[126.81507262509773,37.5457018245145]],[[126.8094992888791,37.562922344998285],[126.80950140105595,37.562924042290206],[126.80948940126754,37.562916130122154],[126.8094992888791,37.562922344998285]],[[126.816651196776,37.59056473838651],[126.81664223521467,37.590553200771325],[126.81660746211479,37.59050807009606],[126.816651196776,37.59056473838651]],[[126.82373095019388,37.55969628151671],[126.8237314593678,37.55969633634268],[126.82359760818086,37.55969411651182],[126.82373095019388,37.55969628151671]],[[126.79762823474199,37.564783118488116],[126.79762763237801,37.564779873893755],[126.79761751398037,37.56471740899223],[126.79762823474199,37.564783118488116]],[[126.79763565687988,37.564821558411815],[126.79762903779577,37.56478748065327],[126.79762823474199,37.564783118488116],[126.79763565687988,37.564821558411815]],[[126.81198961340658,37.5640649919039],[126.81199236345589,37.56406513146644],[126.81195071036086,37.564065488061885],[126.81198961340658,37.5640649919039]],[[126.81506652850523,37.54460120089569],[126.81508145947589,37.544639804886856],[126.81508040144573,37.54463754173005],[126.81506652850523,37.54460120089569]],[[126.81970079997151,37.56424830589539],[126.81970204912476,37.56424661396216],[126.81966210618151,37.564307044758344],[126.81970079997151,37.56424830589539]],[[126.82408183566594,37.55968301519566],[126.82410069014259,37.559635741635425],[126.82408058134703,37.55968695964002],[126.82408183566594,37.55968301519566]],[[126.82157120520041,37.56204037239344],[126.82161459957905,37.562012003338054],[126.82156889154534,37.562042342031106],[126.82157120520041,37.56204037239344]],[[126.79838646243024,37.56701618849681],[126.79841283767374,37.56713217286982],[126.79841197433461,37.56712914406861],[126.79838646243024,37.56701618849681]],[[126.82486215460952,37.558591178051586],[126.82486473826997,37.55858981241434],[126.82482141843936,37.558621525463465],[126.82486215460952,37.558591178051586]],[[126.81521943056612,37.54529006929801],[126.8152272866778,37.54532068833908],[126.81522598990648,37.54531886629255],[126.81521943056612,37.54529006929801]],[[126.81561412511168,37.56437877504016],[126.81561666658791,37.564380869332965],[126.81560101916718,37.564378384998875],[126.81561412511168,37.56437877504016]],[[126.82116913446887,37.563036702094806],[126.82108638714365,37.563097167106285],[126.82116664022197,37.56303844620138],[126.82116913446887,37.563036702094806]],[[126.82117107316174,37.563035353574264],[126.82124757164745,37.56299407901371],[126.82116913446887,37.563036702094806],[126.82117107316174,37.563035353574264]],[[126.82180005310344,37.55668039835227],[126.82182140016329,37.55668881904726],[126.82180193429872,37.556684068240074],[126.82180005310344,37.55668039835227]],[[126.81628808835045,37.55238627161308],[126.81678455822063,37.55276546490639],[126.81678138376539,37.55276320746663],[126.81628808835045,37.55238627161308]],[[126.822698276269,37.561584833266714],[126.82273758391507,37.56152812153009],[126.82269703182799,37.561589336322555],[126.822698276269,37.561584833266714]],[[126.80064866407658,37.562335771713684],[126.80065057847553,37.562335171308774],[126.80064088586109,37.56240417948545],[126.80064866407658,37.562335771713684]],[[126.79864894350432,37.56785315205353],[126.79878586446031,37.56800997874739],[126.79878434858371,37.568009651789204],[126.79864894350432,37.56785315205353]],[[126.8241571797606,37.55945337634302],[126.8241605464843,37.559451128928984],[126.8241354338282,37.55952683730415],[126.8241571797606,37.55945337634302]],[[126.80682959573154,37.561416702184246],[126.80700522679447,37.56147470893434],[126.8070047032346,37.561475834306705],[126.80682959573154,37.561416702184246]],[[126.80094759410146,37.56218676998868],[126.80095299582584,37.56218567995952],[126.80068500850851,37.56230570451045],[126.80094759410146,37.56218676998868]],[[126.82066714439271,37.555847416245285],[126.82066161888118,37.55584383986598],[126.82083994980108,37.55580919954987],[126.82066714439271,37.555847416245285]],[[126.82078105605021,37.555921093337396],[126.82077956402168,37.55592032521302],[126.82066714439271,37.555847416245285],[126.82078105605021,37.555921093337396]],[[126.95255039666901,37.6018863897911],[126.952451471682,37.60231804835967],[126.95237556272994,37.60247573271617],[126.95245140414208,37.60231766237606],[126.95255039666901,37.6018863897911]],[[126.9525970347936,37.601228659508784],[126.95274171871388,37.60102825062924],[126.952887767638,37.60085016561717],[126.95259710231558,37.60122904559577],[126.95255203175428,37.601419647896435],[126.95252085032921,37.601480442302815],[126.95250686269735,37.60157015638738],[126.95246913584528,37.601622821482444],[126.9525970347936,37.601228659508784]],[[126.95287155873903,37.60080615779105],[126.95291348170988,37.60073026710972],[126.95287167134403,37.60080646225821],[126.95287155873903,37.60080615779105]],[[126.95290467339925,37.60071075807607],[126.95336150248231,37.59998949489594],[126.95336198641067,37.60016845246028],[126.95323035275345,37.60043644119372],[126.95290467339925,37.60071075807607]],[[126.95332077755292,37.59976627396264],[126.95337859787669,37.59964251023328],[126.95332084500322,37.59976666018688],[126.9533267592993,37.59990297053264],[126.95332077755292,37.59976627396264]],[[126.9531067264843,37.59914591330765],[126.95310482141674,37.59911866939769],[126.95310677042288,37.599145963120534],[126.9531067264843,37.59914591330765]],[[126.95301140664203,37.59893560125837],[126.95340771470092,37.5985654605994],[126.95350873703168,37.59857845787865],[126.95364353672834,37.598611452593026],[126.9536776811221,37.59862413426696],[126.95374188941996,37.59865569470051],[126.95384113140089,37.59867291658744],[126.95389546806682,37.59873592628576],[126.95392228424569,37.59876923745534],[126.95394292552638,37.5988613172872],[126.95403189616016,37.598915691434065],[126.95414129332455,37.599097905257096],[126.954200752624,37.599083567432025],[126.95469077923036,37.59923074030634],[126.95488110725879,37.599309084101314],[126.95541140400954,37.59927353241504],[126.9554928352284,37.59921641481423],[126.95589701504494,37.599110138551296],[126.95601131799336,37.59911018267736],[126.95609627203515,37.59906882421861],[126.95617575515244,37.599011137775115],[126.95634177176315,37.59892110308203],[126.95654141073655,37.598827134663146],[126.95671064625397,37.598805349038464],[126.9560113851986,37.59911056895653],[126.95541147126949,37.59927391868032],[126.95488117456664,37.59930947036471],[126.95414136069803,37.59909829154269],[126.95350880445974,37.598578844215496],[126.95301140664203,37.59893560125837]],[[126.95670828578396,37.59879595202583],[126.95678134878054,37.598747002700335],[126.95670837956172,37.598796320487466],[126.95670828578396,37.59879595202583]],[[126.95674275073203,37.59869044190867],[126.95826871196064,37.59778827936579],[126.95864527520938,37.595862554693056],[126.95903390451676,37.59478860545149],[126.95826877895686,37.5977886657645],[126.95771447551184,37.59836705499889],[126.95674275073203,37.59869044190867]],[[126.9575170263679,37.59352864439565],[126.95781032823055,37.59256493430778],[126.9578013412539,37.59190101345854],[126.95781946275736,37.591459917863745],[126.9578103952446,37.59256532120522],[126.9575170263679,37.59352864439565]],[[126.95747867010175,37.59004796425597],[126.95746218136954,37.589515530050065],[126.9574584935941,37.58948716452709],[126.95746224840117,37.58951591723889],[126.95747322443088,37.58981549881194],[126.95747873713432,37.59004835139402],[126.95748275530794,37.59007510236335],[126.95747867010175,37.59004796425597]],[[126.95732626253205,37.58870008775927],[126.95739231409964,37.588301705842376],[126.95746398517583,37.58795344776784],[126.9574649290336,37.58785040243702],[126.95737410526343,37.587079287252216],[126.95737326461033,37.5870073792945],[126.95737416984029,37.586969934680205],[126.95743506884543,37.58630154336689],[126.95746388787872,37.58602449206935],[126.95782298748834,37.58500281350982],[126.95746395489444,37.58602487959058],[126.95737333163864,37.58700776672241],[126.95746499605748,37.587850789784426],[126.95746405220025,37.5879538351054],[126.95732632957224,37.588700475026116],[126.95739344378761,37.589131367389335],[126.95732626253205,37.58870008775927]],[[126.95797891324867,37.58411930651147],[126.95798585894545,37.5844308963618],[126.95788736206211,37.584680883523774],[126.95785370988963,37.584746192540806],[126.95776097175433,37.58491190519502],[126.95797891324867,37.58411930651147]],[[126.95758550824405,37.58286349184731],[126.95767812690511,37.58261812337938],[126.9575855830199,37.58286385904371],[126.95758550824405,37.58286349184731]],[[126.9575498489832,37.58230258937395],[126.9579239754181,37.58153832079134],[126.95816070010646,37.581169850535154],[126.95817334945289,37.58098450183083],[126.95816076703744,37.58117023851662],[126.9575498489832,37.58230258937395]],[[126.95719494155315,37.580134763095444],[126.95720207106544,37.579819238283626],[126.95722213873727,37.580030980307846],[126.95719500856627,37.58013515117823],[126.95722384707645,37.58035103169369],[126.95719494155315,37.580134763095444]],[[126.95309624268019,37.60550262349077],[126.9534706013658,37.60533581541549],[126.95406049069534,37.60507253934148],[126.95309631017626,37.6055030091692],[126.95270291855216,37.606109605778606],[126.95309624268019,37.60550262349077]],[[127.02117313829054,37.53582003774279],[127.02057926217662,37.53554924245057],[127.02037162210999,37.53545455435547],[127.02057927349087,37.535549242448745],[127.02117313829054,37.53582003774279]],[[127.03290015663345,37.53583932589019],[127.03207368219749,37.53583869567752],[127.03168614529022,37.53583818263158],[127.03207369351178,37.5358386956746],[127.03290015663345,37.53583932589019]],[[127.0396797072412,37.53584014092241],[127.0370523281361,37.53584068136582],[127.03967970725107,37.53584014092109],[127.0396797072412,37.53584014092241]],[[127.04604763163292,37.534240054014155],[127.04604764294699,37.53424005400991],[127.04601955939516,37.53425554366247],[127.04604763163292,37.534240054014155]],[[127.06397407440068,37.542144344884434],[127.0611854020552,37.53720303175405],[127.05821219845886,37.53193392866375],[127.06397407440068,37.542144344884434]],[[127.07239269906661,37.55997893006315],[127.07238436492516,37.559962600127896],[127.07238649376038,37.55996372508694],[127.07239269906661,37.55997893006315]],[[127.07267242652881,37.560686317752534],[127.07267012334047,37.560680399640944],[127.07267100829696,37.56068266059072],[127.07267242652881,37.560686317752534]],[[127.07597675360829,37.56684373689593],[127.07437230242876,37.56491513587839],[127.07603124042703,37.566909231401105],[127.07597675360829,37.56684373689593]],[[127.07819544486232,37.57185030499083],[127.07799083838103,37.571238919411186],[127.07820196232183,37.571869753078474],[127.07819544486232,37.57185030499083]],[[127.06750115244091,37.52458374853896],[127.06866353755319,37.52387119366356],[127.07205542396747,37.52341478186838],[127.07431896990907,37.52286971190855],[127.07691737032926,37.522518422688634],[127.07205548042548,37.523415175008616],[127.06866359431645,37.52387158677025],[127.06750115244091,37.52458374853896]],[[127.09780104306465,37.495478647444614],[127.09740069972094,37.49518935517292],[127.09758209338169,37.49531926772091],[127.09780104306465,37.495478647444614]],[[127.10917560508379,37.487314493715836],[127.10914751711117,37.48728479536243],[127.10914765243967,37.48728460029545],[127.10917560508379,37.487314493715836]],[[127.11971688706655,37.47260357212579],[127.11970242333769,37.47276226974557],[127.11971827443396,37.47258723556271],[127.11971688706655,37.47260357212579]],[[127.04400507677474,37.479941905759176],[127.04388936026083,37.480560539068684],[127.04400482879608,37.47994323032099],[127.04400507677474,37.479941905759176]],[[127.05078286182744,37.46727929368131],[127.05080216121962,37.46726750951533],[127.05075556244397,37.46729596461782],[127.05078286182744,37.46727929368131]],[[127.0764345318306,37.47443101539846],[127.07644093608594,37.47443664260368],[127.07641807994601,37.474416591767586],[127.0764345318306,37.47443101539846]],[[127.11304693895895,37.54298035249981],[127.1173345646759,37.54148818321238],[127.11887471908426,37.54107390026623],[127.11895210431332,37.54112122849214],[127.1173346171685,37.541488574515895],[127.11652242785027,37.54195957789461],[127.11554923071023,37.542249676928655],[127.11445707286865,37.54256523566983],[127.11389969583698,37.54273300949453],[127.11304693895895,37.54298035249981]],[[127.11884843339664,37.540993963337634],[127.1202568045588,37.5403289119338],[127.12077020046985,37.5399823595689],[127.12104676861564,37.539796817949046],[127.12116350516277,37.53971954777335],[127.12143125112425,37.53955146640415],[127.12156371902675,37.53946996321198],[127.12179967542939,37.53932021246508],[127.12184930842851,37.53928891549034],[127.12185778725764,37.53928439287935],[127.12240487342198,37.53901382475761],[127.12343984364063,37.53864450872616],[127.12185783933693,37.53928478437911],[127.12025685678553,37.540329303339085],[127.11973930697489,37.54062068082918],[127.11911439608367,37.540890476117355],[127.11889177366433,37.54097769737609],[127.11884843339664,37.540993963337634]],[[127.11909281044241,37.52795972911501],[127.13363505277003,37.52153603446624],[127.13496336397178,37.520950300058765],[127.13511258983758,37.52087917801537],[127.13557530010374,37.52067255115272],[127.13747772603618,37.51983047805097],[127.13796074959954,37.51961706096968],[127.1381654822548,37.51952768578721],[127.13496341480271,37.52095069325622],[127.13363510372199,37.521536427611984],[127.12522803292187,37.525250593184325],[127.11926880626316,37.52788251499086],[127.11909281044241,37.52795972911501]],[[127.07694254783156,37.52251510667525],[127.07997592690901,37.52295027873287],[127.0856332422835,37.52476020534356],[127.08656369699992,37.52522242511087],[127.08816270372789,37.52601948114305],[127.08993331186218,37.52689917945139],[127.09002829575657,37.52694752775217],[127.0901421970271,37.52700714223337],[127.09911076641143,37.53412554240287],[127.09014225188498,37.527007534982275],[127.08563329753419,37.524760598317876],[127.07997598265712,37.52295067189457],[127.07694254783156,37.52251510667525]],[[127.09921432112115,37.534210035264856],[127.10828322915208,37.541407740026536],[127.10914270662028,37.54316586737703],[127.11135451643823,37.5431680565882],[127.11310509730748,37.543171311602954],[127.10914275985158,37.543166258544034],[127.10828328245258,37.54140813136226],[127.10321343922533,37.53739812639243],[127.09921432112115,37.534210035264856]],[[127.11393901349416,37.55387567985919],[127.11392927546005,37.55386185044759],[127.11409261263843,37.55408282137521],[127.11393901349416,37.55387567985919]],[[127.11248372269978,37.55181670552636],[127.11316665615935,37.5527791958693],[127.11374172095164,37.553594236048646],[127.1138073217663,37.553688658629916],[127.11248372269978,37.55181670552636]],[[127.11185157986618,37.550925076284585],[127.11155409595817,37.55050707824282],[127.11153424893529,37.550377615375695],[127.11155744589996,37.55050725531931],[127.11185157986618,37.550925076284585]],[[127.02322987587172,37.57812636531305],[127.02322173107724,37.57810834707583],[127.02326757269368,37.57820068977989],[127.02322987587172,37.57812636531305]],[[127.02331362526449,37.57843381159771],[127.02330408009102,37.57842761457104],[127.02332584278408,37.57844225158687],[127.02331362526449,37.57843381159771]],[[127.02333008887739,37.57844507089081],[127.02332946852616,37.57844464918179],[127.02333057433087,37.578445380326656],[127.02333008887739,37.57844507089081]],[[127.02333209167672,37.578446382884415],[127.02333521815035,37.57844844864313],[127.02333291963096,37.578447034518774],[127.02333209167672,37.578446382884415]],[[127.02335485214616,37.57846167149783],[127.023533789655,37.57858423552295],[127.023706216989,37.57870234061399],[127.02335485214616,37.57846167149783]],[[127.02386120779062,37.57881015047471],[127.02385865020892,37.57880834967076],[127.02386332519603,37.57881155561311],[127.02386120779062,37.57881015047471]],[[127.02390652916175,37.57884177689514],[127.0240982920547,37.57897510304796],[127.02390879896564,37.57884336083549],[127.02390652916175,37.57884177689514]],[[127.02418323870374,37.579034434758114],[127.02440683784225,37.57918818102035],[127.0240982920547,37.57897510304796],[127.02418323870374,37.579034434758114]],[[127.02516690701898,37.57968807874326],[127.02522850602192,37.579729854141696],[127.02560763582147,37.57998700001784],[127.02516690701898,37.57968807874326]],[[127.02650594123479,37.58060721876444],[127.02654767398198,37.58063720852518],[127.02654342773634,37.580634668643846],[127.02650594123479,37.58060721876444]],[[127.03116593308097,37.58458893600281],[127.03118947601143,37.58463060067789],[127.03118841110336,37.58462890709236],[127.03116593308097,37.58458893600281]],[[127.03122842739523,37.584699849653774],[127.0311900085728,37.58463171776633],[127.03118947601143,37.58463060067789],[127.03122842739523,37.584699849653774]],[[127.03133867979795,37.584818355534715],[127.03137914997247,37.58486288102772],[127.0314023923118,37.58488845413006],[127.03133867979795,37.584818355534715]],[[127.03141017414357,37.58489802062786],[127.03142303219661,37.58491783004656],[127.03143319403239,37.58493349561293],[127.03141017414357,37.58489802062786]],[[127.0316842111823,37.585363364067376],[127.03167500772143,37.58536618650374],[127.03170065830481,37.58535491762834],[127.0316842111823,37.585363364067376]],[[127.03205276842245,37.58552882541862],[127.03207070524482,37.58553640707647],[127.03207806568615,37.58553952258146],[127.03205276842245,37.58552882541862]],[[127.03229747926686,37.585670108486966],[127.03230226054926,37.58567854947499],[127.03230102565878,37.58567657663861],[127.03229747926686,37.585670108486966]],[[127.03223648396221,37.5857689444698],[127.03223199082042,37.58577290096543],[127.03222623008443,37.58577795699296],[127.03223648396221,37.5857689444698]],[[127.03446982846198,37.58802925687464],[127.03448251425375,37.58804049762817],[127.0345238110683,37.58807710212736],[127.03446982846198,37.58802925687464]],[[127.03459477180972,37.58813874569209],[127.03461750365364,37.58815728159557],[127.03462893187982,37.58816661259712],[127.03459477180972,37.58813874569209]],[[127.03605658613878,37.58969619328314],[127.03619976289136,37.58995029212101],[127.03629403232088,37.59011761331991],[127.03605658613878,37.58969619328314]],[[127.04114397494611,37.59551945082126],[127.04115692337542,37.59550920228547],[127.0411449596677,37.595518684654266],[127.04114397494611,37.59551945082126]],[[127.04183998185454,37.59645849089677],[127.04185554871277,37.59645314274382],[127.04184211157688,37.59646018401894],[127.04183998185454,37.59645849089677]],[[127.04478531468392,37.59636304295989],[127.04478759138507,37.59636378217998],[127.0447869682339,37.59636360997362],[127.04478531468392,37.59636304295989]],[[127.04479507740398,37.59636635500174],[127.04479163434952,37.59636509488656],[127.04500612096876,37.59643963554658],[127.04479507740398,37.59636635500174]],[[127.04552715648325,37.59660994462546],[127.04580688854206,37.59643285974208],[127.04553134474551,37.59660752842719],[127.04552715648325,37.59660994462546]],[[127.04929579509154,37.59899169829591],[127.04932076473169,37.599028015839814],[127.04929650921304,37.5989928242362],[127.04929579509154,37.59899169829591]],[[127.05179955071694,37.60048826381724],[127.05208453959246,37.60014802089338],[127.05208294557195,37.60015195887319],[127.05179955071694,37.60048826381724]],[[127.06013890814876,37.602843307468746],[127.06010103546092,37.603055057235416],[127.06010050188384,37.60305336365258],[127.06013890814876,37.602843307468746]],[[127.06042759887335,37.60341444088902],[127.06071204963395,37.60353113802017],[127.06070833742638,37.603533959957765],[127.06042759887335,37.60341444088902]],[[127.06192963403673,37.604868768625415],[127.06196186135314,37.60489324083107],[127.0619590292611,37.604892116053186],[127.06192963403673,37.604868768625415]],[[127.0621602417743,37.60492749353692],[127.06217848236422,37.60493706160793],[127.06216377669142,37.60492946487239],[127.0621602417743,37.60492749353692]],[[127.06309409663785,37.605250805129856],[127.06308966841215,37.605250519125576],[127.06309816223302,37.60525080300879],[127.06309409663785,37.605250805129856]],[[127.0673913697251,37.60632261818017],[127.06743491795199,37.606339775599395],[127.06739633178853,37.6063245885619],[127.0673913697251,37.60632261818017]],[[127.06985861304703,37.607278229672424],[127.06985313145114,37.60727795354178],[127.06990125712584,37.60727144760715],[127.06985861304703,37.607278229672424]],[[127.07052598893938,37.60736371396717],[127.07057262136398,37.60746927278449],[127.07052562861703,37.60736596663308],[127.07052598893938,37.60736371396717]],[[127.07016418882075,37.61539767021193],[127.07097749329542,37.61583492716581],[127.07112112642847,37.61594775345627],[127.07138173081445,37.616401162294856],[127.07112084993972,37.61594775444815],[127.07019374853907,37.61545359619389],[127.07016418882075,37.61539767021193]],[[127.07183380999324,37.61651691298974],[127.07193144432702,37.61653451640729],[127.07176461335128,37.61649925679732],[127.07183380999324,37.61651691298974]],[[127.07193288891831,37.61653477442959],[127.07195231716534,37.616538194710536],[127.07195230064512,37.61653824160981],[127.07193288891831,37.61653477442959]],[[127.07197725978865,37.616475793306286],[127.07244724744048,37.616559063186756],[127.0724562757231,37.61656018398628],[127.07318303261056,37.616658294177405],[127.07319896010698,37.61666081626025],[127.0733481772072,37.61668606111194],[127.0736903316314,37.616747794788395],[127.07379565526452,37.616769416936386],[127.07386061272157,37.61678091869881],[127.07392752968748,37.61679241922318],[127.07392942788994,37.61679285069118],[127.0721807715891,37.61653078896669],[127.0721710291103,37.61652882170463],[127.07197725978865,37.616475793306286]],[[127.07421384500186,37.6169170135045],[127.07396151527675,37.61679859711336],[127.07397354595335,37.61680055386574],[127.07399142222017,37.616803642262894],[127.07415728211284,37.6168325428606],[127.07421384500186,37.6169170135045]],[[127.07447409329865,37.61703812328456],[127.07441072330828,37.61702834988016],[127.07445975153738,37.61703535624666],[127.07447409329865,37.61703812328456]],[[127.07457146816493,37.617000426765834],[127.07500316432305,37.617125396498736],[127.07501643962824,37.61712595584975],[127.07527519670886,37.617138741510054],[127.07535996871704,37.61714263479493],[127.07536089300666,37.617143086726884],[127.07500288800043,37.61712539764887],[127.07492269604964,37.61710264368273],[127.07457146816493,37.617000426765834]],[[127.07536669920813,37.61714516233901],[127.07537264097749,37.61716796341625],[127.07536642281913,37.61714516343636],[127.07536491844009,37.61714459846996],[127.07536669920813,37.61714516233901]],[[127.07554139667924,37.61716419873142],[127.07620048929935,37.617366504117506],[127.07632018274113,37.61742809142129],[127.07652764165252,37.617462305124334],[127.0765278166472,37.61746737753343],[127.07651754987135,37.61749730872803],[127.07652736519721,37.61746230627451],[127.07631990641842,37.61742809246578],[127.07619543164132,37.61736510265798],[127.07595716125967,37.61730471635737],[127.07557989458275,37.61717909579332],[127.07554112025704,37.61716419982879],[127.07553409225154,37.617163086318094],[127.07554139667924,37.61716419873142]],[[127.07749393371817,37.617832430864],[127.07725521307619,37.61775100205048],[127.07721879506941,37.61773847735754],[127.07749393371817,37.617832430864]],[[127.07773062627092,37.617867254919815],[127.07769622478831,37.61790275865935],[127.07757322716004,37.61774247504299],[127.07773062627092,37.617867254919815]],[[127.07772541021676,37.61791441070282],[127.07883913569691,37.61829366164798],[127.07911407997481,37.618390336581655],[127.07942720718177,37.61843235923384],[127.07974781113164,37.61851830790027],[127.08007860307481,37.618623674856146],[127.07911380368535,37.61839033762612],[127.07883885924153,37.61829366269255],[127.07868253344976,37.618244769801635],[127.07772720470913,37.61791512713921],[127.07772541021676,37.61791441070282]],[[127.08006980726303,37.61841954478859],[127.08140170690334,37.61918786267808],[127.08191995410975,37.619226649323984],[127.08278753731393,37.619402872429426],[127.08381667663241,37.61970877179706],[127.08378931935067,37.61977833752776],[127.08494874284956,37.62009681289187],[127.08634972470435,37.62029402022175],[127.08494846659336,37.62009681388346],[127.08140143051452,37.61918786382815],[127.08006980726303,37.61841954478859]],[[127.08794740619453,37.619932376572756],[127.08794916215683,37.619931909563846],[127.08800778713697,37.619918870085435],[127.08794740619453,37.619932376572756]],[[127.08823188968802,37.619876820484485],[127.08835195876536,37.61991950470513],[127.08870830756062,37.620239836709615],[127.08823188968802,37.619876820484485]],[[127.08973020897004,37.6195288086618],[127.0897389707612,37.619537812856926],[127.08973000482108,37.619528881770705],[127.08973020897004,37.6195288086618]],[[127.09023354433837,37.619395795449634],[127.09023498289261,37.61939525640687],[127.09023650314809,37.61939485061452],[127.09023354433837,37.619395795449634]],[[127.0903722657495,37.61935193492417],[127.09037403647558,37.6193512290102],[127.09049531533594,37.61931292423477],[127.0903722657495,37.61935193492417]],[[127.09087163487152,37.619121375364806],[127.09087267756045,37.61912082327335],[127.09101025142905,37.61907266024027],[127.09087163487152,37.619121375364806]],[[127.09117178398746,37.6190102498836],[127.09117465439894,37.619009377252134],[127.09125339485799,37.61899148299391],[127.09117178398746,37.6190102498836]],[[127.09138545264005,37.61895679993693],[127.09138678769128,37.61895600401247],[127.09139521548704,37.61895188119875],[127.09138545264005,37.61895679993693]],[[127.09301978343521,37.618070662304184],[127.09305402230459,37.61807288903354],[127.09301796747916,37.618070678661546],[127.09301978343521,37.618070662304184]],[[127.09322750983897,37.61802911002793],[127.09322237615532,37.618036150673575],[127.09325106138394,37.618068200396905],[127.09322209927443,37.61803615182389],[127.09322723341704,37.6180291111251],[127.09320963022269,37.61802044908088],[127.09322750983897,37.61802911002793]],[[127.09338224426531,37.61805153342851],[127.09349995462293,37.61808690311234],[127.09351967485486,37.61808688774068],[127.09349967816769,37.61808690410395],[127.09338224426531,37.61805153342851]],[[127.09364175968349,37.61806737523939],[127.09364186572697,37.61806735827572],[127.09364189558372,37.6180673878555],[127.09364175968349,37.61806737523939]],[[127.09365362513647,37.61806848245183],[127.09475519671024,37.61901448636041],[127.09492651852486,37.619025892440284],[127.09500140527746,37.6190387892388],[127.09554743765248,37.61917432827502],[127.09444977608744,37.61899755540546],[127.09365362513647,37.61806848245183]],[[127.09643696950235,37.61925497391331],[127.09620752033635,37.61902656542272],[127.09642123382314,37.61923897101156],[127.09643696950235,37.61925497391331]],[[127.09643702300717,37.61925502404219],[127.09657203851371,37.61938891689185],[127.09657442422454,37.61939162697607],[127.09643702300717,37.61925502404219]],[[127.0965745801239,37.61939178562239],[127.09661580464197,37.61943251609896],[127.09665361714906,37.61956263771599],[127.0965745801239,37.61939178562239]],[[127.09727418870798,37.61978004358045],[127.09680292768773,37.61961172326951],[127.09684117230371,37.61962436016436],[127.09686082186037,37.6196311016418],[127.09726524503719,37.619776615860054],[127.09727418870798,37.61978004358045]],[[127.09727852639473,37.619781398297675],[127.09728525908814,37.61978397657177],[127.09727610875879,37.619780684540814],[127.09727852639473,37.619781398297675]],[[127.09728633916255,37.6197843704071],[127.09734793625553,37.619806398210784],[127.0975263357582,37.61986478905725],[127.09734765986691,37.61980639930786],[127.09728633916255,37.6197843704071]],[[127.09841004846598,37.62017550888031],[127.0975892690095,37.6198855963571],[127.09793578233875,37.620006666761434],[127.09820562424012,37.62010161650795],[127.09841004846598,37.62017550888031]],[[127.09848646245143,37.620203025636876],[127.09881699884636,37.62039385522726],[127.09841096252212,37.62017583628059],[127.09848646245143,37.620203025636876]],[[127.09902057826629,37.62027687581962],[127.09902087806618,37.62027663685608],[127.0990229419366,37.62027536447874],[127.09902057826629,37.62027687581962]],[[127.09958522830782,37.62000242922645],[127.09964400279414,37.619892330539884],[127.09964441433142,37.619892077327776],[127.09958522830782,37.62000242922645]],[[127.10167509875461,37.619471694973264],[127.10179006781065,37.61968304835069],[127.10169354461081,37.62002465580183],[127.1023482873146,37.620080130154165],[127.10319471816366,37.620152040936716],[127.10338864825759,37.620268142800235],[127.10169326822223,37.62002465689886],[127.10167482249872,37.61947169607019],[127.10116723612684,37.61946902644089],[127.10087093464385,37.61940428517731],[127.10167509875461,37.619471694973264]],[[127.10365899799679,37.62026032602939],[127.10349853270795,37.620258494578515],[127.10365902323994,37.62026032211224],[127.10365899799679,37.62026032602939]],[[127.10484239259573,37.62005600786635],[127.1040525842964,37.62004318663111],[127.10484242262957,37.62005600270843],[127.10484239259573,37.62005600786635]],[[127.03305813952174,37.57051418474338],[127.03418269578052,37.571385584697474],[127.03418959116892,37.571389520106074],[127.03418268446084,37.5713855847006],[127.03305813952174,37.57051418474338]],[[127.07117424921913,37.606683659262615],[127.07117300609096,37.606686471060726],[127.07121752423468,37.60641897018789],[127.07117424921913,37.606683659262615]],[[127.07122736551942,37.60634603887284],[127.07122683429806,37.606347165414384],[127.0712326401323,37.60630661778379],[127.07122736551942,37.60634603887284]],[[127.07249191011134,37.6002433797984],[127.0728021218516,37.6008384003434],[127.0727383751157,37.600716130368276],[127.07249191011134,37.6002433797984]],[[127.06983855515193,37.597728669994254],[127.0707916360472,37.59862459309643],[127.0703406725057,37.59820068288512],[127.06983855515193,37.597728669994254]],[[127.0707236519309,37.59189118340289],[127.07056883169626,37.592450452038584],[127.07057625731491,37.59242359835965],[127.0707236519309,37.59189118340289]],[[127.07060478428004,37.59095873402127],[127.07069148657939,37.591355675077025],[127.07060371683184,37.590955355953646],[127.07060478428004,37.59095873402127]],[[127.07055584766245,37.59084811272909],[127.07055709548618,37.59085064376613],[127.0705684417514,37.590876261132784],[127.07055584766245,37.59084811272909]],[[127.070475528152,37.59065500658569],[127.07048688085224,37.59068766064754],[127.0704739277722,37.59065078190246],[127.070475528152,37.59065500658569]],[[127.07046027063713,37.5906116601151],[127.07046133729274,37.59061419125907],[127.0704739277722,37.59065078190246],[127.07046027063713,37.5906116601151]],[[127.07044023309514,37.590553945727436],[127.07045193780239,37.59058772581853],[127.07043951822102,37.59055226130344],[127.07044023309514,37.590553945727436]],[[127.07079551426251,37.58906570730364],[127.07075783372305,37.58907811795354],[127.0707981626424,37.58906457951823],[127.07079551426251,37.58906570730364]],[[127.07088357459249,37.58902398503897],[127.07088215982958,37.5890245534908],[127.07088383836138,37.589023845384105],[127.07088357459249,37.58902398503897]],[[127.07089011628295,37.58902117012186],[127.07088816963044,37.58902201819168],[127.07089436032042,37.589019194470765],[127.07089011628295,37.58902117012186]],[[127.07091469867702,37.58901073127756],[127.07090992275936,37.58901299555727],[127.07089436032042,37.589019194470765],[127.07091469867702,37.58901073127756]],[[127.07092035774323,37.58900847548832],[127.07091646443952,37.58901017162887],[127.07091469867702,37.58901073127756],[127.07092035774323,37.58900847548832]],[[127.07134981150926,37.58853379958366],[127.0710787729504,37.58890393106351],[127.07135157488369,37.58853069915212],[127.07134981150926,37.58853379958366]],[[127.07236453662173,37.58682808061723],[127.07222658350123,37.58704918401605],[127.07236541707245,37.58682526901485],[127.07236453662173,37.58682808061723]],[[127.07264145404794,37.586511163719386],[127.0726071465517,37.58653286209052],[127.07264250511071,37.58650918992834],[127.07264145404794,37.586511163719386]],[[127.07219017820336,37.584922304664794],[127.0721609187466,37.584955567567846],[127.07218278011496,37.5849307143124],[127.07219017820336,37.584922304664794]],[[127.07393269710022,37.582874054993724],[127.07393140302425,37.58287050590326],[127.0742542681666,37.582476585597746],[127.07393269710022,37.582874054993724]],[[127.07641180340389,37.57958954019144],[127.07641109301247,37.57959236072938],[127.0764123329498,37.57958700808388],[127.07641180340389,37.57958954019144]],[[127.07668698268816,37.57759846445189],[127.07668452131169,37.577616206446116],[127.07668716240471,37.577597058798275],[127.07668698268816,37.57759846445189]],[[127.07107720140635,37.60736057933656],[127.07107632119492,37.60736395853817],[127.0710794642156,37.607321718645],[127.07107720140635,37.60736057933656]],[[127.01869841775456,37.670862397051096],[127.0184999006276,37.670170649421046],[127.01849458128332,37.67015573008064],[127.01853730792362,37.669538278373174],[127.0183656152287,37.66920043825131],[127.0183636624507,37.66918607702481],[127.01840592920593,37.668887903235074],[127.01853730927427,37.66953827942002],[127.01849458214141,37.6701557311803],[127.01872454150256,37.6704578030291],[127.0187449236909,37.67051748948496],[127.01870709838357,37.6708550803346],[127.01869841775456,37.670862397051096]],[[127.01758050690272,37.66829703420437],[127.01758050835288,37.668297034859684],[127.0177718047585,37.66843246773135],[127.01758050690272,37.66829703420437]],[[127.01652139273867,37.66780235794083],[127.01622039947009,37.667455090140464],[127.01624976521492,37.66743885776135],[127.01652139273867,37.66780235794083]],[[127.01634566135951,37.66735684002523],[127.01637374743778,37.66737031705785],[127.01637373869242,37.66737032189252],[127.01634566135951,37.66735684002523]],[[127.01617998359986,37.66728474885773],[127.01617998211653,37.667284748202405],[127.01616934317069,37.66727873925145],[127.01617998359986,37.66728474885773]],[[127.01576446008524,37.66699423529627],[127.01574121201546,37.6667476057276],[127.01574860856046,37.66654516518467],[127.01572097327809,37.66647111753161],[127.0154997165823,37.66614679361357],[127.0154701329284,37.66607640407877],[127.01536627044034,37.665601441237214],[127.0153742294663,37.665554418506936],[127.01576355948484,37.66506869346289],[127.01578655938424,37.664968457396014],[127.01579258403352,37.66494255368254],[127.0153321558923,37.66407542153638],[127.01532276495675,37.66403966299632],[127.01532152869687,37.66403487897153],[127.01533900902574,37.663749376427575],[127.01536644478303,37.66367195255148],[127.01551165074942,37.66366770985432],[127.01556527225912,37.66343767591325],[127.01595128991373,37.66329290593327],[127.01597987345949,37.662768085264965],[127.01617621556098,37.662538871338164],[127.01665251709741,37.662207144739554],[127.01676620417288,37.662214166708324],[127.01694311112423,37.662230703613034],[127.01624726881849,37.66145519238434],[127.01694311257427,37.66223070432992],[127.01617621704422,37.662538871993476],[127.01595129129744,37.66329290703294],[127.01556527350998,37.66343767690734],[127.01551165216632,37.66366771090119],[127.01533901034301,37.663749377580025],[127.0157925853508,37.66494255472943],[127.01576356093497,37.66506869450972],[127.01536627175764,37.66560144228407],[127.0154701343121,37.666076404734085],[127.01572097466186,37.66647111863126],[127.01574860938524,37.6665451662316],[127.01576446150213,37.66699423595159],[127.01597772265761,37.66715645120592],[127.0157876686505,37.667033650063466],[127.01576446008524,37.66699423529627]],[[127.01452143613507,37.66201566259045],[127.01461336472259,37.66113129247804],[127.01459561673661,37.66087226442329],[127.01459100266285,37.660799340097476],[127.01457004461352,37.66045865752739],[127.01452143613507,37.66201566259045]],[[127.01440393456072,37.660386598582065],[127.01441987982,37.66045670949026],[127.01440393338778,37.660386597917984],[127.01440393456072,37.660386598582065]],[[127.01438285307674,37.66038350037883],[127.01438068258709,37.66038214126386],[127.01438285349175,37.66038350038621],[127.01438285307674,37.66038350037883]],[[127.01433679254826,37.66023653849629],[127.01426482091416,37.65980210556995],[127.01411300882735,37.6595000162117],[127.01411090232651,37.659493504969035],[127.01426482229782,37.65980210672241],[127.01430309050428,37.659913598135894],[127.01432861494101,37.660059156254164],[127.01433092193149,37.660096042381916],[127.0143367938655,37.660236539595964],[127.01437612110502,37.66037928495972],[127.01433679254826,37.66023653849629]],[[127.0140874623197,37.65942104025735],[127.01402194600828,37.65921762452825],[127.01391967112835,37.658635668983194],[127.01383904995633,37.65829864994075],[127.01379702675514,37.6579481212066],[127.0136889718717,37.65768994915266],[127.0136848897413,37.65767558804003],[127.01291236875944,37.654546751049466],[127.01289229612915,37.65407993079683],[127.01271923081725,37.653626928063154],[127.012664308298,37.65342816012693],[127.01264091250711,37.65323360575505],[127.01265629681056,37.65312661349927],[127.01264762325562,37.65309620640427],[127.01264106976394,37.65307226811074],[127.01257020856019,37.6529061619656],[127.01256578632243,37.652887584270196],[127.0124440453936,37.65218369964316],[127.01244492573643,37.65215949035388],[127.01250313017599,37.651877362530584],[127.01251269032504,37.65185062069042],[127.01263323883767,37.65162396002132],[127.01271270980845,37.65147894952077],[127.01287145541552,37.65094735881001],[127.0129020633117,37.650804884597264],[127.01289957535542,37.65076349401969],[127.0129050686911,37.65074688850999],[127.01314051224232,37.65048839367937],[127.01333632577436,37.65043346877816],[127.01367788281158,37.650495096849845],[127.01369947928181,37.65048495864697],[127.01372213741729,37.65045201659243],[127.0137869347528,37.650401329994935],[127.01381259826381,37.65038528094816],[127.01386200097178,37.65036585075641],[127.01389103078778,37.65035486482337],[127.01395265044968,37.65034444306839],[127.01396451254854,37.65033176509072],[127.01396557495079,37.65031515999767],[127.01399566132297,37.65025320574643],[127.0141434376127,37.65025844275088],[127.01429889145727,37.65029788875032],[127.01430159768437,37.65028604062754],[127.0145378914417,37.64980583079597],[127.01467641660865,37.64959620342719],[127.01470407171838,37.649567260999184],[127.01476667943793,37.64957362388557],[127.01508681225573,37.64928834437626],[127.01509340518004,37.64928341840453],[127.01511253106105,37.649276938276884],[127.015236456202,37.64923835316176],[127.01565640862076,37.6491039951307],[127.0157603337504,37.64906822290323],[127.01594109262233,37.64900879961238],[127.01603863904427,37.64897893832016],[127.01639857192117,37.64887359643431],[127.01646495877976,37.64885444230728],[127.01647292435902,37.64885246816093],[127.01650656570327,37.648844580354016],[127.0165734857094,37.64882852545509],[127.01731105345081,37.64864795457123],[127.01769825349434,37.64857638264892],[127.01780059922231,37.64863240026254],[127.01815347045138,37.64863741452932],[127.01818073403614,37.64863881620513],[127.01850315525806,37.64868185490429],[127.01854671441073,37.64868775902826],[127.0185700805429,37.648691413616156],[127.01909861438646,37.64880649879307],[127.01911331206642,37.648810154564444],[127.01956783087483,37.64892551894273],[127.02017038410567,37.649083096007516],[127.02112999886533,37.64899988846744],[127.02173950275431,37.64865797336984],[127.02176657777521,37.64863234497267],[127.02211932369657,37.648182642869834],[127.02214091570427,37.64816293475393],[127.0221603908505,37.64815082223168],[127.02221367286373,37.64811815251995],[127.02250027129561,37.647943258507105],[127.0226351581085,37.647861299687385],[127.02266489864684,37.64784721210625],[127.0231827276402,37.64769902474052],[127.0232287631294,37.64768775407901],[127.02468223683896,37.647343133661046],[127.02469161616287,37.64733384275597],[127.02497546690208,37.646881046168566],[127.02498396124291,37.646868376754895],[127.02500731399977,37.6468303599243],[127.02503261532485,37.64679121648031],[127.0250667729072,37.64673743040073],[127.02508501837217,37.646709244223175],[127.025121636602,37.646661404078344],[127.02514712115853,37.64662873859085],[127.025286040123,37.64645132649495],[127.02532904672088,37.64639697994831],[127.02533241068704,37.64639275369091],[127.02534656880657,37.64637501962046],[127.02548301883773,37.64620436510552],[127.02558000721443,37.64608356048925],[127.02567025581409,37.645970352400695],[127.0258868790747,37.64572113385365],[127.03241843097463,37.641833574888054],[127.03334060559764,37.64055535696514],[127.03341648507849,37.64039991792297],[127.03347184605077,37.640272351609575],[127.03350402589406,37.64019857989065],[127.03352790906284,37.64014423548095],[127.03365666074455,37.639847157311046],[127.03371095733704,37.63972297883791],[127.0337220951312,37.63969763130887],[127.03373128586063,37.6396762305906],[127.03373783937077,37.63966102931515],[127.0337608276145,37.63960781131928],[127.03398525493756,37.63909334580363],[127.03411135376514,37.638800772701686],[127.0342841342759,37.63841358386669],[127.03437716239239,37.63820548626416],[127.03439856604513,37.638157899681474],[127.03443481954537,37.63807680160018],[127.03444347836616,37.6380576534127],[127.03445073353718,37.638041325675815],[127.03445462712025,37.63803259411713],[127.03445922252675,37.6380224568375],[127.03446523253604,37.63800866119399],[127.03450537946257,37.63791883152969],[127.03451033703232,37.63790784722775],[127.03451369872936,37.637900530350315],[127.03451687914598,37.63789320451373],[127.03452094241253,37.63788391429912],[127.03452801664471,37.63786842451672],[127.0345347396524,37.63785293483214],[127.03453738819363,37.637847023678475],[127.03454074988525,37.6378397068002],[127.03454499429395,37.63783012822118],[127.03455030270248,37.637818305910095],[127.03456338701953,37.6377892997798],[127.0345676317975,37.63778056811865],[127.03477607146412,37.63756709500207],[127.03479164400419,37.63755413455456],[127.03481660545542,37.63753357621497],[127.03483075094886,37.63752175139665],[127.03484030980167,37.63751414444696],[127.0348590764104,37.63749921895729],[127.03489499034092,37.63747133255808],[127.0349705552702,37.63741190069805],[127.03508346090229,37.637323464714136],[127.03513672533457,37.63728149102387],[127.0351476999529,37.63727304573644],[127.03539372929954,37.63718681487386],[127.03551691937069,37.63714370370412],[127.03562346879743,37.63710650762946],[127.03584789499193,37.63702788631087],[127.03592931919566,37.63699970704279],[127.03598382864465,37.63698111297516],[127.03606135680107,37.63695603411679],[127.03606683953947,37.63695433867369],[127.036114282127,37.63694193633104],[127.03618721326242,37.636923048454086],[127.03633589596691,37.636884154520324],[127.03654705358746,37.63682918644761],[127.0366829916105,37.63679338621194],[127.03683255736715,37.636754203075554],[127.03684796370663,37.63675026119139],[127.03774787919536,37.636103281263864],[127.03684796499061,37.63675026229083],[127.0351477013032,37.637273046783086],[127.03456763321422,37.63778056927088],[127.033416486462,37.640399918969614],[127.03334060694799,37.6405553580118],[127.03241843245759,37.64183357554314],[127.02588688052461,37.645721134953185],[127.025085019324,37.64670924490928],[127.02469161754635,37.64733384380274],[127.02468223818927,37.64734313476062],[127.02266490003038,37.64784721325863],[127.02173950400504,37.648657974469444],[127.02113000014923,37.64899988946145],[127.0201703855224,37.64908309715989],[127.01857008202597,37.64869141476854],[127.01780060063896,37.64863240130939],[127.01769825484463,37.64857638374857],[127.0164649601964,37.64885444335414],[127.0150934061766,37.64928341948875],[127.01429889242571,37.65029788952012],[127.01367788412863,37.65049509800233],[127.01314051359257,37.65048839483184],[127.01244404664422,37.65218370029853],[127.01289229744626,37.654079931949326],[127.01291237024255,37.65454675209636],[127.01379702813871,37.65794812230628],[127.0140874623197,37.65942104025735]],[[127.03814025994848,37.634256412012405],[127.03782211071218,37.63599934292909],[127.03782386851549,37.63597962899385],[127.03782492786821,37.635968087142146],[127.03782669658744,37.63594752628425],[127.03783003242985,37.63591120684195],[127.03783461761468,37.6358579936806],[127.03785115805653,37.63567075638344],[127.03786119742746,37.6355575634426],[127.03787228601425,37.63543536940633],[127.03787563505925,37.63540298722893],[127.0379707380167,37.63513351143245],[127.03809750419227,37.63444507096006],[127.03811922190461,37.63432877498846],[127.0381284096137,37.63428203840607],[127.03814025869772,37.63425641091297],[127.03823454620836,37.63413052398511],[127.0384629159508,37.63382581398756],[127.03866352722586,37.63356587286969],[127.03915957497021,37.63294488762572],[127.03976492966157,37.63219659264987],[127.04171434616988,37.63081013169049],[127.0425248302913,37.630414269160774],[127.04259884914953,37.630451408785916],[127.04325845155934,37.62993479940666],[127.04380083483944,37.62936783661028],[127.0444253529017,37.628822518984904],[127.04705716803234,37.627521870534174],[127.04752631581458,37.62708611921516],[127.04803939676128,37.62644594353021],[127.04818779600072,37.6262868080375],[127.04865054434454,37.62583922483242],[127.04927313060608,37.624854663533846],[127.04953306814427,37.624484030233454],[127.04965864139082,37.62433474983111],[127.04973665620577,37.62426629759199],[127.04935721171326,37.624051622443616],[127.04790640954349,37.623224714871974],[127.04772032301848,37.62311778751574],[127.04686761676025,37.62260344256471],[127.04656004063813,37.62235466466898],[127.0465276265209,37.62232510687597],[127.0460806403241,37.62187507485665],[127.04575170161701,37.62142668175459],[127.0457056412401,37.621362783485935],[127.04558533943948,37.62114039451186],[127.04536705275768,37.620734755467225],[127.04485200276383,37.61976921205006],[127.04467889674794,37.6194435080332],[127.04409643116836,37.61880684360528],[127.04395865588712,37.61865513208426],[127.04148536629106,37.616900962577695],[127.04395892222298,37.61865513761994],[127.04467917441069,37.61944351356487],[127.0465603183013,37.62235467020084],[127.04973677852912,37.62426620178964],[127.04865054565181,37.625839231017885],[127.04752631698925,37.62708612589796],[127.04705716933968,37.62752187716417],[127.04442535430822,37.62882252561509],[127.04254884617174,37.63061445328744],[127.04252483114928,37.63041427020751],[127.04171434758656,37.63081013278983],[127.03976493048613,37.632196593305096],[127.03814025994848,37.634256412012405]],[[127.06109218058187,37.61493498041155],[127.06110730808008,37.61492048189309],[127.0610904790909,37.61493744802105],[127.06109218058187,37.61493498041155]],[[127.06324713100061,37.614267307494565],[127.06485820842352,37.61476620269883],[127.06966345209845,37.615725876340186],[127.06485793210071,37.61476620384907],[127.06324713100061,37.614267307494565]],[[126.98589948938758,37.635794687314835],[126.98441407568045,37.636270331297794],[126.98419976470423,37.63633711036709],[126.98589948938758,37.635794687314835]],[[126.98940019581093,37.63403622616635],[126.98873692424318,37.63394155346469],[126.98857234375679,37.633792486331146],[126.98873720189759,37.63394155899875],[126.98940019581093,37.63403622616635]],[[127.00443351580833,37.624054818835724],[127.00456160672985,37.624079269421365],[127.00443335736227,37.62405483605825],[127.00443351580833,37.624054818835724]],[[127.0048969627166,37.62382336712892],[127.0051831399506,37.62400291942756],[127.0050650990607,37.62392950577944],[127.0048969627166,37.62382336712892]],[[127.00556571565433,37.623845929195824],[127.00556532505648,37.62384588609295],[127.00556537319558,37.62384586629834],[127.00556571565433,37.623845929195824]],[[127.0055822629622,37.623847755207876],[127.00586627698266,37.62399423794897],[127.0059476890364,37.62400099227067],[127.00596662891364,37.624002397087],[127.00606857807989,37.62401084439163],[127.0060974297067,37.62401337502913],[127.00615778361436,37.624018156875174],[127.00633424638345,37.62403279072927],[127.00646576094323,37.62404404753767],[127.00732964658619,37.624132400385854],[127.0057141404507,37.623981570135875],[127.0055822629622,37.623847755207876]],[[127.0075793150777,37.62148311906664],[127.007582021404,37.62149631862335],[127.00758149590172,37.62149506936962],[127.0075793150777,37.62148311906664]],[[127.00724484506645,37.62079048749109],[127.00721049684341,37.620827755695004],[127.00721065871338,37.62082498386225],[127.00724484506645,37.62079048749109]],[[127.01014285974837,37.61679827019378],[127.0102346106551,37.61680022167184],[127.01014285907154,37.616798270552785],[127.01014285974837,37.61679827019378]],[[127.01094521203088,37.61628728520298],[127.0109415940816,37.6162876395753],[127.010943264176,37.616287460983976],[127.01094521203088,37.61628728520298]],[[127.01102981282921,37.616312519329846],[127.01140981073105,37.61642761036857],[127.01132615407725,37.61641046218374],[127.01119482940629,37.616367964745415],[127.0110295351718,37.61631251379775],[127.0109893586063,37.616299840227285],[127.01094925618985,37.61628692024443],[127.01102981282921,37.616312519329846]],[[127.0149251069947,37.6146692563857],[127.01500022281006,37.614672055076646],[127.01492503323284,37.614669258450625],[127.0149251069947,37.6146692563857]],[[127.01645914955628,37.61488446071895],[127.01652149393112,37.61494079205975],[127.01645887189805,37.614884455187074],[127.01615411459792,37.614874078028585],[127.01611358698919,37.61486225316525],[127.01596544340163,37.61476401039215],[127.01525419804221,37.614674558840036],[127.01596572105977,37.61476401592403],[127.01615439225613,37.614874083560466],[127.01645914955628,37.61488446071895]],[[127.01708196311567,37.614778230087786],[127.01703819412016,37.61474791534091],[127.01709647880105,37.614788019658626],[127.01708196311567,37.614778230087786]],[[127.01781793887227,37.614384358171876],[127.01781771245172,37.61438839353433],[127.01781765803862,37.61438704747478],[127.01781793887227,37.614384358171876]],[[127.01853974254345,37.61385564938333],[127.0184720808598,37.6138340168127],[127.01852099097849,37.61384186363488],[127.01853974254345,37.61385564938333]],[[127.01880802555442,37.61378241123456],[127.0189997528886,37.613853570348084],[127.01880780757122,37.61378242785118],[127.01880802555442,37.61378241123456]],[[127.02042575182382,37.61258891573843],[127.02039680143851,37.61259777156428],[127.02039780529778,37.612597088867254],[127.02042575182382,37.61258891573843]],[[127.02067154798894,37.61251156692594],[127.02066794135315,37.61251258338713],[127.02067048838016,37.61251174001296],[127.02067154798894,37.61251156692594]],[[127.02219779057022,37.611371173044894],[127.02214410736094,37.61137994363554],[127.02219580330132,37.61137117339306],[127.02219779057022,37.611371173044894]],[[127.02219783997151,37.61137117303624],[127.02229533767947,37.611406630990025],[127.02227304647853,37.611398751322696],[127.02219783997151,37.61137117303624]],[[127.02249737867936,37.61136830353272],[127.02273541189906,37.61151326153626],[127.02329182726227,37.61168491432482],[127.02343925722049,37.61173218856844],[127.02345111678689,37.61173725889149],[127.02370704963127,37.611866718144825],[127.02386686730694,37.61194073966511],[127.02391748947502,37.611964669148506],[127.02448010006952,37.61207971548677],[127.02466624428753,37.61215341598018],[127.02391721181571,37.61196466361703],[127.02273513424001,37.61151325600482],[127.02249737867936,37.61136830353272]],[[127.02518090961686,37.612013976456296],[127.02599869105288,37.612225531467296],[127.02603762268137,37.61223988503098],[127.02616405330812,37.61248087124103],[127.02643378844913,37.61269394651656],[127.02616377564844,37.612480865709564],[127.02603734502175,37.61223987949954],[127.02518090961686,37.612013976456296]],[[127.02671115368143,37.61269978470546],[127.02660516022934,37.612682955174236],[127.0266891936554,37.612696149038655],[127.02671115368143,37.61269978470546]],[[127.02747184940665,37.61254114852334],[127.02769883813077,37.612604420136634],[127.02761512202585,37.61258613974385],[127.02747184940665,37.61254114852334]],[[127.02802542087244,37.61255733061595],[127.02816168122057,37.61257389107104],[127.02802526240245,37.612557339570316],[127.02802542087244,37.61255733061595]],[[127.02954515941688,37.6123750880742],[127.02951852193516,37.612373701760724],[127.02953205821974,37.61237425458791],[127.02954515941688,37.6123750880742]],[[127.02969025596161,37.612369153418136],[127.02977995123635,37.61237474985891],[127.02969014192341,37.61236915809576],[127.02969025596161,37.612369153418136]],[[127.0302588216262,37.608973922216016],[127.03025071842845,37.60897822000583],[127.03025294451182,37.60897569536808],[127.0302588216262,37.608973922216016]],[[127.03025931623561,37.60897377299011],[127.0319620307068,37.60989398014747],[127.03273905081771,37.61027585652492],[127.03297361319692,37.61048865118662],[127.03335963400484,37.610647625013016],[127.03588030272739,37.61221772542427],[127.03596953318475,37.61230329265124],[127.03601887541663,37.61241822213484],[127.03025931623561,37.60897377299011]],[[127.03604877757418,37.6124327799642],[127.03604816568065,37.61243248206458],[127.03604899345159,37.612432764420745],[127.03604877757418,37.6124327799642]],[[127.03609201746983,37.612341827851296],[127.0360959999762,37.61234077051586],[127.0361106423263,37.612422885456525],[127.03609201746983,37.612341827851296]],[[127.03609614938698,37.61234073084805],[127.03676629454,37.61242102289257],[127.036780635617,37.61242637043852],[127.03730710408963,37.61279758749894],[127.03732233166713,37.61280912445196],[127.03735649339015,37.61283839597843],[127.03742767267818,37.61290031681255],[127.03745741154276,37.61291748947529],[127.03750414476342,37.61294591020727],[127.03751794709495,37.61296110555358],[127.0377125690866,37.61323500742369],[127.03772107122359,37.61325077198897],[127.03790961789566,37.613767922300525],[127.03859011455094,37.61420835338831],[127.03865317424018,37.61433644407364],[127.03899252346821,37.6145292098424],[127.03964109217982,37.61514475060574],[127.03987945449447,37.61543271699344],[127.03989433180803,37.615488176544936],[127.03990130240786,37.61558586764264],[127.03999160340794,37.615688045517906],[127.04000223043218,37.61571563909893],[127.04001553381504,37.61577165775382],[127.04002725207656,37.6161801947024],[127.04005111080697,37.61621644232353],[127.04002697441462,37.61618018917092],[127.04000195277025,37.61571563356748],[127.03990101342421,37.61558587112469],[127.0398791655016,37.61543270245586],[127.03964081451795,37.61514474507435],[127.0379093402341,37.61376791676921],[127.03750434304358,37.612946427100056],[127.03609614938698,37.61234073084805]],[[127.04052365385799,37.616154416803624],[127.04084856183191,37.61645134433687],[127.04096808557328,37.6165712430093],[127.0411618832459,37.61668418937398],[127.04096780791596,37.61657124648762],[127.04052337619125,37.61615440226233],[127.04041061068936,37.6161125266645],[127.04052365385799,37.616154416803624]],[[127.04117104206198,37.616689437731715],[127.04138961049405,37.61684308943164],[127.0414274889577,37.616868979825384],[127.04144032240828,37.61687816503438],[127.04134436413233,37.616817475190956],[127.04117104206198,37.616689437731715]],[[127.04264901697874,37.63090976522739],[127.04265609608143,37.6309075158444],[127.04165787568988,37.631467019483225],[127.04264901697874,37.63090976522739]],[[127.04351653729061,37.63309208539133],[127.04349184157647,37.633254264945165],[127.04351653658284,37.63309208501091],[127.04351653729061,37.63309208539133]],[[127.04402983921894,37.6336417776439],[127.04402686095261,37.633704283030106],[127.04402983904745,37.63364177731561],[127.04402983921894,37.6336417776439]],[[127.04413916222593,37.633815744011535],[127.04413441086811,37.63386670084763],[127.04413916185159,37.63381574331445],[127.04413916222593,37.633815744011535]],[[127.0441840264031,37.6339559381188],[127.04417960807183,37.63397395536052],[127.04418402475171,37.63395593963322],[127.0441840264031,37.6339559381188]],[[127.04427697384844,37.63427799860806],[127.04429832947187,37.63418113915773],[127.04427697435541,37.634278000489914],[127.04427697384844,37.63427799860806]],[[127.04450369949419,37.63483905993501],[127.04450369957051,37.63483905440363],[127.0445238388305,37.63477429681991],[127.04450369949419,37.63483905993501]],[[127.0449921581425,37.6358645902043],[127.0449838832672,37.635934135340165],[127.0449921576305,37.63586458961656],[127.0449921581425,37.6358645902043]],[[127.0450237683849,37.636042521668855],[127.04501799915414,37.636153456344466],[127.04502376819961,37.63604252116537],[127.0450237683849,37.636042521668855]],[[127.04500740656971,37.6365045526195],[127.04503936679299,37.63636798886927],[127.04500265537251,37.636555235919936],[127.04500740656971,37.6365045526195]],[[127.04535861423852,37.637398089787574],[127.04533370791695,37.63748593952196],[127.04535861306015,37.63739808868082],[127.04535861423852,37.637398089787574]],[[127.04626935563758,37.63878806435315],[127.04623911887438,37.63884889006481],[127.04626935495055,37.63878806035633],[127.04626935563758,37.63878806435315]],[[127.04667192752379,37.639385375966995],[127.04664755657954,37.63947773295474],[127.04667192683014,37.6393853733514],[127.04667192752379,37.639385375966995]],[[127.04676648893557,37.63970939899087],[127.04659754400375,37.639906839456394],[127.04659788117777,37.63988346801936],[127.04662509739309,37.63981081138324],[127.04663358946931,37.639801807713184],[127.04676648893557,37.63970939899087]],[[127.04662098709522,37.640040009505434],[127.0464906756308,37.640295985331505],[127.0466209871711,37.64004000397367],[127.04662379350539,37.63999721121149],[127.04662098709522,37.640040009505434]],[[127.04654787677592,37.6409266530002],[127.04652224638413,37.640999866404556],[127.0465478765162,37.64092664842691],[127.04654787677592,37.6409266530002]],[[127.04778599677475,37.641403965088855],[127.04781171340694,37.64119815075757],[127.04778599734374,37.6414039654234],[127.04778599677475,37.641403965088855]],[[127.05052367648534,37.64410045299143],[127.05069272647951,37.64380559139366],[127.0506902617524,37.64381094515082],[127.05052367648534,37.64410045299143]],[[127.05041062776758,37.644494388582345],[127.05035298485762,37.64460929176156],[127.05035527291008,37.64459154964793],[127.05037949856384,37.644540570988866],[127.05041062784272,37.644494383050265],[127.05051952787137,37.64425333601431],[127.05052428358346,37.64421419649771],[127.05051952779623,37.64425334154637],[127.05041062776758,37.644494388582345]],[[127.05512918645036,37.64132231595888],[127.05499414609596,37.642355398034304],[127.05503532685606,37.64201666394715],[127.05504448680108,37.64194486979953],[127.05512300936601,37.641334422310855],[127.05512918652484,37.641322310427164],[127.05577698683963,37.64062629448332],[127.05512918645036,37.64132231595888]],[[127.05587197648079,37.64659521604303],[127.0557065175976,37.64743376262547],[127.05545088881833,37.64820562910001],[127.05543816634508,37.64824054772997],[127.05526398058484,37.648537949234004],[127.05519660466062,37.64864862879898],[127.05507387113433,37.64884887233191],[127.05496635239437,37.649029674950626],[127.05495468354634,37.649049104776104],[127.05493452580576,37.64908206297843],[127.05479216834821,37.64931919218086],[127.05476881880152,37.649357214833664],[127.05473027576255,37.649430157143016],[127.05465441466056,37.64956195902546],[127.0539490274642,37.65057615149414],[127.05374591039735,37.652053559597036],[127.0539490275386,37.65057614596162],[127.05543816641934,37.648240542197655],[127.05587197648079,37.64659521604303]],[[127.05403783882285,37.654751285162305],[127.05402087657706,37.6550443883438],[127.05400635909984,37.65530089381899],[127.05394871380028,37.6554172081072],[127.0539154645573,37.6554825342006],[127.05368700987229,37.65592861793086],[127.05358055830624,37.65613167296014],[127.05357472527407,37.656151946198186],[127.05358055838052,37.65613166742712],[127.05400635917411,37.65530088828606],[127.05402803019348,37.654903323503454],[127.0540310099962,37.65485433606876],[127.05403749090502,37.65475607281228],[127.05403783889709,37.65475127962943],[127.05405376877329,37.65448943367501],[127.05403783882285,37.654751285162305]],[[127.05359800304642,37.65677022568373],[127.05331211967997,37.65767442131769],[127.05320122915346,37.65785410667069],[127.05254447163679,37.658912469318075],[127.05179541097561,37.65992189132722],[127.05148194020073,37.65987528207012],[127.0514530908441,37.660422351471304],[127.05148194027524,37.65987527653673],[127.05179541105007,37.65992188579386],[127.05254447171116,37.658912463784816],[127.05359800304642,37.65677022568373]],[[127.05161513512206,37.6606970850343],[127.05157382990632,37.66142914335827],[127.05161513490508,37.66069708466639],[127.05161513512206,37.6606970850343]],[[127.05140995923688,37.663966291651434],[127.05088047720646,37.66479625732879],[127.05086880986444,37.66482329141023],[127.05030613059996,37.66581036997603],[127.05028188695032,37.66584445519697],[127.04965737847792,37.666555633594555],[127.04945974927416,37.66684177301739],[127.04891989984999,37.66758416765642],[127.04816152630217,37.67118892317725],[127.0489198999247,37.66758416212235],[127.04965737855255,37.66655562806056],[127.05030613067449,37.665810364442116],[127.05116771023704,37.66397934476123],[127.05140995931126,37.66396628611774],[127.05155931960684,37.66302780551879],[127.05140995923688,37.663966291651434]],[[127.04876288398607,37.673837826202636],[127.04873693209339,37.67479511390145],[127.0487628839319,37.67383782541637],[127.04876288398607,37.673837826202636]],[[127.05180330679596,37.685805401554695],[127.05196407686029,37.68516901749823],[127.05207150791041,37.68452084089491],[127.05196407678659,37.68516902303375],[127.05180330679596,37.685805401554695]]]}}]}