행정동명,통합카테고리,기준_년분기_코드,성장확률_pct,업종내_순위,업종내_전체동수,상위_퍼센트,등급
청운효자동,B2B 서비스,20253,66.2,41,368,11.1,A
청운효자동,미용실,20253,58.9,48,419,11.5,A
청운효자동,분식/간식,20253,77.8,7,415,1.7,A
청운효자동,뷰티/화장품,20253,40.9,262,394,66.5,C
청운효자동,생활용품 소매,20253,29.6,327,405,80.7,D
청운효자동,수리/세탁,20253,75.9,73,382,19.1,A
청운효자동,스포츠/레저,20253,60.6,76,395,19.2,A
청운효자동,식품 소매,20253,56.7,129,422,30.6,B
청운효자동,양식/기타외식,20253,60.9,47,241,19.5,A
청운효자동,의료/약국,20253,42.7,302,413,73.1,C
청운효자동,의류/패션,20253,36.3,362,402,90.0,D
청운효자동,일반학원,20253,66.5,27,397,6.8,A
청운효자동,일식,20253,31.3,236,279,84.6,D
청운효자동,주점,20253,43.0,249,398,62.6,C
청운효자동,카페,20253,71.1,26,419,6.2,A
청운효자동,패스트푸드/치킨,20253,68.0,25,409,6.1,A
청운효자동,편의점,20253,53.7,77,405,19.0,A
청운효자동,한식,20253,84.8,10,421,2.4,A
사직동,B2B 서비스,20253,66.5,40,368,10.9,A
사직동,미용실,20253,72.5,10,419,2.4,A
사직동,분식/간식,20253,70.4,21,415,5.1,A
사직동,뷰티/화장품,20253,65.4,90,394,22.8,A
사직동,생활용품 소매,20253,65.0,102,405,25.2,B
사직동,수리/세탁,20253,30.3,355,382,92.9,D
사직동,숙박,20253,45.3,118,194,60.8,C
사직동,스포츠/레저,20253,54.8,117,395,29.6,B
사직동,식품 소매,20253,56.5,131,422,31.0,B
사직동,양식/기타외식,20253,65.3,27,241,11.2,A
사직동,예술학원,20253,30.5,328,378,86.8,D
사직동,오락/유흥,20253,56.5,98,361,27.1,B
사직동,의료/약국,20253,75.3,9,413,2.2,A
사직동,의류/패션,20253,49.4,282,402,70.1,C
사직동,일반학원,20253,59.6,64,397,16.1,A
사직동,일식,20253,45.8,131,279,47.0,B
사직동,전자/통신,20253,20.4,276,309,89.3,D
사직동,주점,20253,79.7,1,398,0.3,A
사직동,중식,20253,59.5,70,358,19.6,A
사직동,카페,20253,87.0,9,419,2.1,A
사직동,패스트푸드/치킨,20253,72.0,14,409,3.4,A
사직동,편의점,20253,69.0,16,405,4.0,A
사직동,한식,20253,87.1,4,421,1.0,A
삼청동,분식/간식,20253,79.4,5,415,1.2,A
삼청동,뷰티/화장품,20253,72.9,51,394,12.9,A
삼청동,생활용품 소매,20253,51.0,195,405,48.1,B
삼청동,식품 소매,20253,63.3,76,422,18.0,A
삼청동,양식/기타외식,20253,75.4,5,241,2.1,A
삼청동,의료/약국,20253,53.4,200,413,48.4,B
삼청동,의류/패션,20253,57.9,212,402,52.7,C
삼청동,일식,20253,80.6,3,279,1.1,A
삼청동,전자/통신,20253,56.0,114,309,36.9,B
삼청동,주점,20253,79.7,2,398,0.5,A
삼청동,카페,20253,84.4,12,419,2.9,A
삼청동,패스트푸드/치킨,20253,62.6,50,409,12.2,A
삼청동,편의점,20253,76.4,7,405,1.7,A
삼청동,한식,20253,82.9,12,421,2.9,A
부암동,B2B 서비스,20253,44.6,186,368,50.5,C
부암동,미용실,20253,62.3,35,419,8.4,A
부암동,분식/간식,20253,61.3,69,415,16.6,A
부암동,생활용품 소매,20253,74.7,37,405,9.1,A
부암동,수리/세탁,20253,44.0,285,382,74.6,C
부암동,숙박,20253,65.3,33,194,17.0,A
부암동,스포츠/레저,20253,37.7,309,395,78.2,D
부암동,식품 소매,20253,26.3,407,422,96.4,D
부암동,양식/기타외식,20253,64.6,30,241,12.4,A
부암동,예술학원,20253,59.4,72,378,19.0,A
부암동,의류/패션,20253,54.1,246,402,61.2,C
부암동,일반학원,20253,51.7,140,397,35.3,B
부암동,주점,20253,50.0,171,398,43.0,B
부암동,중식,20253,31.2,342,358,95.5,D
부암동,카페,20253,73.8,23,419,5.5,A
부암동,패스트푸드/치킨,20253,71.9,15,409,3.7,A
부암동,편의점,20253,70.7,13,405,3.2,A
부암동,한식,20253,75.1,39,421,9.3,A
평창동,B2B 서비스,20253,27.3,308,368,83.7,D
평창동,미용실,20253,65.0,27,419,6.4,A
평창동,분식/간식,20253,66.1,36,415,8.7,A
평창동,뷰티/화장품,20253,40.7,268,394,68.0,C
평창동,생활용품 소매,20253,67.5,83,405,20.5,A
평창동,수리/세탁,20253,76.0,71,382,18.6,A
평창동,숙박,20253,36.8,152,194,78.4,D
평창동,스포츠/레저,20253,68.1,40,395,10.1,A
평창동,식품 소매,20253,65.5,62,422,14.7,A
평창동,애완동물,20253,31.0,126,147,85.7,D
평창동,양식/기타외식,20253,51.2,118,241,49.0,B
평창동,예술학원,20253,44.1,193,378,51.1,C
평창동,의료/약국,20253,60.7,103,413,24.9,A
평창동,의류/패션,20253,61.3,187,402,46.5,B
평창동,일반학원,20253,56.5,88,397,22.2,A
평창동,일식,20253,51.2,92,279,33.0,B
평창동,주점,20253,34.3,338,398,84.9,D
평창동,카페,20253,29.2,366,419,87.4,D
평창동,패스트푸드/치킨,20253,28.9,394,409,96.3,D
평창동,편의점,20253,42.8,226,405,55.8,C
평창동,한식,20253,9.0,421,421,100.0,D
무악동,미용실,20253,59.2,47,419,11.2,A
무악동,분식/간식,20253,45.6,264,415,63.6,C
무악동,식품 소매,20253,38.7,317,422,75.1,D
무악동,의료/약국,20253,31.6,373,413,90.3,D
무악동,일반학원,20253,32.2,363,397,91.4,D
무악동,주점,20253,36.8,310,398,77.9,D
무악동,카페,20253,35.3,314,419,74.9,C
무악동,패스트푸드/치킨,20253,67.5,27,409,6.6,A
무악동,편의점,20253,30.9,391,405,96.5,D
무악동,한식,20253,39.3,310,421,73.6,C
교남동,미용실,20253,66.4,21,419,5.0,A
교남동,분식/간식,20253,48.4,231,415,55.7,C
교남동,뷰티/화장품,20253,62.5,109,394,27.7,B
교남동,스포츠/레저,20253,59.9,78,395,19.7,A
교남동,식품 소매,20253,48.7,215,422,50.9,C
교남동,의료/약국,20253,42.9,299,413,72.4,C
교남동,일반학원,20253,35.5,337,397,84.9,D
교남동,일식,20253,40.5,181,279,64.9,C
교남동,중식,20253,70.4,17,358,4.7,A
교남동,카페,20253,57.3,74,419,17.7,A
교남동,패스트푸드/치킨,20253,60.5,54,409,13.2,A
교남동,편의점,20253,51.2,93,405,23.0,A
교남동,한식,20253,64.5,96,421,22.8,A
가회동,미용실,20253,44.5,173,419,41.3,B
가회동,분식/간식,20253,64.2,51,415,12.3,A
가회동,생활용품 소매,20253,46.4,231,405,57.0,C
가회동,스포츠/레저,20253,52.6,137,395,34.7,B
가회동,식품 소매,20253,83.0,2,422,0.5,A
가회동,양식/기타외식,20253,69.9,12,241,5.0,A
가회동,오락/유흥,20253,81.3,2,361,0.6,A
가회동,의료/약국,20253,21.7,403,413,97.6,D
가회동,의류/패션,20253,48.4,288,402,71.6,C
가회동,일반학원,20253,62.6,40,397,10.1,A
가회동,일식,20253,70.6,11,279,3.9,A
가회동,주점,20253,72.4,13,398,3.3,A
가회동,카페,20253,94.8,2,419,0.5,A
가회동,패스트푸드/치킨,20253,57.8,78,409,19.1,A
가회동,편의점,20253,72.7,12,405,3.0,A
가회동,한식,20253,91.3,2,421,0.5,A
종로1.2.3.4가동,B2B 서비스,20253,24.4,331,368,89.9,D
종로1.2.3.4가동,미용실,20253,54.9,77,419,18.4,A
종로1.2.3.4가동,분식/간식,20253,66.2,35,415,8.4,A
종로1.2.3.4가동,뷰티/화장품,20253,53.8,158,394,40.1,B
종로1.2.3.4가동,생활용품 소매,20253,37.6,293,405,72.3,C
종로1.2.3.4가동,수리/세탁,20253,71.2,112,382,29.3,B
종로1.2.3.4가동,숙박,20253,54.6,71,194,36.6,B
종로1.2.3.4가동,스포츠/레저,20253,40.4,270,395,68.4,C
종로1.2.3.4가동,식품 소매,20253,80.1,4,422,0.9,A
종로1.2.3.4가동,양식/기타외식,20253,64.0,34,241,14.1,A
종로1.2.3.4가동,예술학원,20253,37.8,265,378,70.1,C
종로1.2.3.4가동,오락/유흥,20253,50.5,157,361,43.5,B
종로1.2.3.4가동,의료/약국,20253,60.3,109,413,26.4,B
종로1.2.3.4가동,의류/패션,20253,49.4,283,402,70.4,C
종로1.2.3.4가동,일반학원,20253,50.3,163,397,41.1,B
종로1.2.3.4가동,일식,20253,61.5,30,279,10.8,A
종로1.2.3.4가동,전자/통신,20253,48.8,145,309,46.9,B
종로1.2.3.4가동,주점,20253,73.9,7,398,1.8,A
종로1.2.3.4가동,중식,20253,70.5,16,358,4.5,A
종로1.2.3.4가동,카페,20253,87.7,8,419,1.9,A
종로1.2.3.4가동,패스트푸드/치킨,20253,74.3,9,409,2.2,A
종로1.2.3.4가동,편의점,20253,73.8,10,405,2.5,A
종로1.2.3.4가동,한식,20253,85.1,9,421,2.1,A
종로5.6가동,B2B 서비스,20253,28.0,306,368,83.2,D
종로5.6가동,미용실,20253,40.8,226,419,53.9,C
종로5.6가동,분식/간식,20253,70.8,19,415,4.6,A
종로5.6가동,뷰티/화장품,20253,30.7,324,394,82.2,D
종로5.6가동,생활용품 소매,20253,71.2,56,405,13.8,A
종로5.6가동,숙박,20253,44.7,121,194,62.4,C
종로5.6가동,식품 소매,20253,66.5,51,422,12.1,A
종로5.6가동,애완동물,20253,36.8,110,147,74.8,C
종로5.6가동,양식/기타외식,20253,69.5,16,241,6.6,A
종로5.6가동,오락/유흥,20253,59.6,80,361,22.2,A
종로5.6가동,의료/약국,20253,47.1,262,413,63.4,C
종로5.6가동,의류/패션,20253,69.8,109,402,27.1,B
종로5.6가동,일식,20253,49.1,106,279,38.0,B
종로5.6가동,전자/통신,20253,88.4,6,309,1.9,A
종로5.6가동,주점,20253,58.9,92,398,23.1,A
종로5.6가동,중식,20253,67.9,20,358,5.6,A
종로5.6가동,카페,20253,67.0,34,419,8.1,A
종로5.6가동,패스트푸드/치킨,20253,45.8,198,409,48.4,B
종로5.6가동,편의점,20253,60.0,33,405,8.1,A
종로5.6가동,한식,20253,79.9,18,421,4.3,A
이화동,B2B 서비스,20253,33.4,270,368,73.4,C
이화동,미용실,20253,42.5,200,419,47.7,B
이화동,분식/간식,20253,58.0,103,415,24.8,A
이화동,생활용품 소매,20253,59.5,131,405,32.3,B
이화동,스포츠/레저,20253,33.3,350,395,88.6,D
이화동,식품 소매,20253,65.7,58,422,13.7,A
이화동,양식/기타외식,20253,58.7,65,241,27.0,B
이화동,예술학원,20253,39.6,248,378,65.6,C
이화동,오락/유흥,20253,41.3,247,361,68.4,C
이화동,의료/약국,20253,52.6,209,413,50.6,C
이화동,의류/패션,20253,69.2,115,402,28.6,B
이화동,일반학원,20253,32.6,358,397,90.2,D
이화동,일식,20253,54.9,72,279,25.8,B
이화동,전자/통신,20253,84.5,13,309,4.2,A
이화동,주점,20253,52.5,145,398,36.4,B
이화동,중식,20253,43.9,244,358,68.2,C
이화동,카페,20253,55.0,94,419,22.4,A
이화동,패스트푸드/치킨,20253,77.1,6,409,1.5,A
이화동,편의점,20253,57.5,47,405,11.6,A
이화동,한식,20253,77.7,24,421,5.7,A
혜화동,B2B 서비스,20253,50.2,136,368,37.0,B
혜화동,미용실,20253,39.7,240,419,57.3,C
혜화동,분식/간식,20253,60.5,80,415,19.3,A
혜화동,뷰티/화장품,20253,50.1,192,394,48.7,B
혜화동,생활용품 소매,20253,62.8,115,405,28.4,B
혜화동,수리/세탁,20253,23.7,369,382,96.6,D
혜화동,숙박,20253,56.9,62,194,32.0,B
혜화동,스포츠/레저,20253,51.2,156,395,39.5,B
혜화동,식품 소매,20253,57.6,123,422,29.1,B
혜화동,양식/기타외식,20253,60.1,54,241,22.4,A
혜화동,예술학원,20253,38.1,262,378,69.3,C
혜화동,오락/유흥,20253,46.1,199,361,55.1,C
혜화동,의료/약국,20253,45.3,276,413,66.8,C
혜화동,의류/패션,20253,33.8,372,402,92.5,D
혜화동,일반학원,20253,59.2,70,397,17.6,A
혜화동,일식,20253,40.6,177,279,63.4,C
혜화동,전자/통신,20253,43.3,174,309,56.3,C
혜화동,주점,20253,70.6,21,398,5.3,A
혜화동,중식,20253,58.0,85,358,23.7,A
혜화동,카페,20253,59.0,66,419,15.8,A
혜화동,패스트푸드/치킨,20253,69.8,20,409,4.9,A
혜화동,편의점,20253,66.3,20,405,4.9,A
혜화동,한식,20253,85.7,5,421,1.2,A
창신1동,B2B 서비스,20253,79.1,10,368,2.7,A
창신1동,미용실,20253,54.6,78,419,18.6,A
창신1동,분식/간식,20253,58.0,104,415,25.1,B
창신1동,뷰티/화장품,20253,75.2,40,394,10.2,A
창신1동,생활용품 소매,20253,91.6,1,405,0.2,A
창신1동,숙박,20253,34.6,160,194,82.5,D
창신1동,스포츠/레저,20253,84.0,3,395,0.8,A
창신1동,식품 소매,20253,74.4,11,422,2.6,A
창신1동,애완동물,20253,66.6,23,147,15.6,A
창신1동,양식/기타외식,20253,32.2,216,241,89.6,D
창신1동,예술학원,20253,18.8,374,378,98.9,D
창신1동,오락/유흥,20253,66.7,30,361,8.3,A
창신1동,의료/약국,20253,63.4,83,413,20.1,A
창신1동,의류/패션,20253,51.2,269,402,66.9,C
창신1동,일반학원,20253,68.0,23,397,5.8,A
창신1동,전자/통신,20253,48.2,147,309,47.6,B
창신1동,주점,20253,67.3,35,398,8.8,A
창신1동,중식,20253,67.4,22,358,6.1,A
창신1동,카페,20253,56.2,82,419,19.6,A
창신1동,패스트푸드/치킨,20253,61.1,51,409,12.5,A
창신1동,편의점,20253,52.3,87,405,21.5,A
창신1동,한식,20253,54.6,172,421,40.9,B
창신2동,미용실,20253,26.7,402,419,95.9,D
창신2동,분식/간식,20253,60.1,84,415,20.2,A
창신2동,뷰티/화장품,20253,78.0,19,394,4.8,A
창신2동,생활용품 소매,20253,19.2,380,405,93.8,D
창신2동,숙박,20253,75.3,8,194,4.1,A
창신2동,식품 소매,20253,28.2,397,422,94.1,D
창신2동,양식/기타외식,20253,30.0,221,241,91.7,D
창신2동,오락/유흥,20253,56.1,103,361,28.5,B
창신2동,의료/약국,20253,43.3,293,413,70.9,C
창신2동,의류/패션,20253,64.2,149,402,37.1,B
창신2동,주점,20253,51.9,151,398,37.9,B
창신2동,중식,20253,70.1,18,358,5.0,A
창신2동,카페,20253,47.2,167,419,39.9,B
창신2동,패스트푸드/치킨,20253,37.6,305,409,74.6,C
창신2동,한식,20253,62.0,122,421,29.0,B
창신3동,미용실,20253,29.7,367,419,87.6,D
창신3동,스포츠/레저,20253,41.3,265,395,67.1,C
창신3동,식품 소매,20253,48.8,211,422,50.0,B
창신3동,카페,20253,54.7,97,419,23.2,A
창신3동,패스트푸드/치킨,20253,34.3,343,409,83.9,D
창신3동,편의점,20253,59.4,39,405,9.6,A
창신3동,한식,20253,47.4,239,421,56.8,C
숭인1동,미용실,20253,21.9,416,419,99.3,D
숭인1동,분식/간식,20253,58.9,92,415,22.2,A
숭인1동,뷰티/화장품,20253,30.3,326,394,82.7,D
숭인1동,생활용품 소매,20253,25.3,347,405,85.7,D
숭인1동,식품 소매,20253,45.8,252,422,59.7,C
숭인1동,의료/약국,20253,46.0,271,413,65.6,C
숭인1동,의류/패션,20253,79.4,26,402,6.5,A
숭인1동,일반학원,20253,42.3,260,397,65.5,C
숭인1동,전자/통신,20253,52.5,129,309,41.7,B
숭인1동,주점,20253,23.3,384,398,96.5,D
숭인1동,카페,20253,42.9,222,419,53.0,C
숭인1동,패스트푸드/치킨,20253,65.1,39,409,9.5,A
숭인1동,편의점,20253,38.9,301,405,74.3,C
숭인1동,한식,20253,43.8,270,421,64.1,C
숭인2동,미용실,20253,59.7,43,419,10.3,A
숭인2동,분식/간식,20253,56.5,120,415,28.9,B
숭인2동,뷰티/화장품,20253,45.8,223,394,56.6,C
숭인2동,생활용품 소매,20253,25.2,350,405,86.4,D
숭인2동,수리/세탁,20253,51.1,251,382,65.7,C
숭인2동,숙박,20253,62.7,43,194,22.2,A
숭인2동,스포츠/레저,20253,81.3,5,395,1.3,A
숭인2동,식품 소매,20253,59.6,102,422,24.2,A
숭인2동,양식/기타외식,20253,60.8,49,241,20.3,A
숭인2동,오락/유흥,20253,70.5,16,361,4.4,A
숭인2동,의료/약국,20253,44.9,285,413,69.0,C
숭인2동,의류/패션,20253,79.9,22,402,5.5,A
숭인2동,일식,20253,62.4,27,279,9.7,A
숭인2동,전자/통신,20253,45.6,159,309,51.5,C
숭인2동,주점,20253,59.6,84,398,21.1,A
숭인2동,중식,20253,57.0,101,358,28.2,B
숭인2동,카페,20253,51.8,111,419,26.5,B
숭인2동,패스트푸드/치킨,20253,65.6,34,409,8.3,A
숭인2동,편의점,20253,60.9,29,405,7.2,A
숭인2동,한식,20253,58.6,146,421,34.7,B
소공동,미용실,20253,29.9,366,419,87.4,D
소공동,분식/간식,20253,30.2,403,415,97.1,D
소공동,뷰티/화장품,20253,38.7,278,394,70.6,C
소공동,생활용품 소매,20253,82.7,8,405,2.0,A
소공동,수리/세탁,20253,29.2,359,382,94.0,D
소공동,숙박,20253,52.8,80,194,41.2,B
소공동,스포츠/레저,20253,23.0,389,395,98.5,D
소공동,식품 소매,20253,84.3,1,422,0.2,A
소공동,양식/기타외식,20253,32.9,212,241,88.0,D
소공동,예술학원,20253,43.7,196,378,51.9,C
소공동,오락/유흥,20253,37.7,273,361,75.6,D
소공동,의료/약국,20253,54.5,184,413,44.6,B
소공동,의류/패션,20253,41.6,331,402,82.3,D
소공동,일식,20253,52.4,88,279,31.5,B
소공동,전자/통신,20253,34.8,223,309,72.2,C
소공동,주점,20253,49.0,184,398,46.2,B
소공동,중식,20253,57.5,91,358,25.4,B
소공동,카페,20253,56.1,83,419,19.8,A
소공동,패스트푸드/치킨,20253,32.6,361,409,88.3,D
소공동,편의점,20253,45.0,192,405,47.4,B
소공동,한식,20253,61.7,125,421,29.7,B
회현동,B2B 서비스,20253,49.8,140,368,38.0,B
회현동,미용실,20253,57.1,55,419,13.1,A
회현동,분식/간식,20253,48.1,237,415,57.1,C
회현동,뷰티/화장품,20253,58.2,127,394,32.2,B
회현동,생활용품 소매,20253,74.8,36,405,8.9,A
회현동,수리/세탁,20253,48.9,260,382,68.1,C
회현동,숙박,20253,21.5,190,194,97.9,D
회현동,스포츠/레저,20253,73.6,17,395,4.3,A
회현동,식품 소매,20253,64.0,69,422,16.4,A
회현동,애완동물,20253,25.0,141,147,95.9,D
회현동,양식/기타외식,20253,46.6,146,241,60.6,C
회현동,오락/유흥,20253,56.2,101,361,28.0,B
회현동,의료/약국,20253,39.2,335,413,81.1,D
회현동,의류/패션,20253,73.2,78,402,19.4,A
회현동,일식,20253,47.5,122,279,43.7,B
회현동,전자/통신,20253,45.1,163,309,52.8,C
회현동,주점,20253,49.3,181,398,45.5,B
회현동,중식,20253,59.9,67,358,18.7,A
회현동,카페,20253,78.3,15,419,3.6,A
회현동,패스트푸드/치킨,20253,44.2,215,409,52.6,C
회현동,편의점,20253,84.8,3,405,0.7,A
회현동,한식,20253,80.9,16,421,3.8,A
명동,B2B 서비스,20253,65.8,43,368,11.7,A
명동,미용실,20253,31.4,351,419,83.8,D
명동,분식/간식,20253,49.9,209,415,50.4,C
명동,뷰티/화장품,20253,27.6,341,394,86.5,D
명동,생활용품 소매,20253,39.0,281,405,69.4,C
명동,수리/세탁,20253,37.0,331,382,86.6,D
명동,숙박,20253,52.5,82,194,42.3,B
명동,스포츠/레저,20253,59.5,82,395,20.8,A
명동,식품 소매,20253,57.4,124,422,29.4,B
명동,양식/기타외식,20253,71.9,8,241,3.3,A
명동,오락/유흥,20253,45.0,209,361,57.9,C
명동,의료/약국,20253,30.6,377,413,91.3,D
명동,의류/패션,20253,61.9,178,402,44.3,B
명동,일반학원,20253,72.6,17,397,4.3,A
명동,일식,20253,77.4,5,279,1.8,A
명동,전자/통신,20253,37.0,216,309,69.9,C
명동,주점,20253,53.9,134,398,33.7,B
명동,중식,20253,77.1,4,358,1.1,A
명동,카페,20253,67.5,30,419,7.2,A
명동,패스트푸드/치킨,20253,44.7,208,409,50.9,C
명동,편의점,20253,39.1,296,405,73.1,C
명동,한식,20253,75.8,33,421,7.8,A
필동,B2B 서비스,20253,71.6,23,368,6.2,A
필동,미용실,20253,42.2,204,419,48.7,B
필동,분식/간식,20253,65.5,41,415,9.9,A
필동,뷰티/화장품,20253,38.5,282,394,71.6,C
필동,생활용품 소매,20253,49.7,204,405,50.4,C
필동,수리/세탁,20253,75.4,77,382,20.2,A
필동,숙박,20253,14.8,193,194,99.5,D
필동,스포츠/레저,20253,22.6,391,395,99.0,D
필동,식품 소매,20253,61.3,93,422,22.0,A
필동,양식/기타외식,20253,58.8,63,241,26.1,B
필동,예술학원,20253,44.8,181,378,47.9,B
필동,오락/유흥,20253,67.7,23,361,6.4,A
필동,의료/약국,20253,52.9,207,413,50.1,C
필동,의류/패션,20253,64.3,148,402,36.8,B
필동,일식,20253,48.1,113,279,40.5,B
필동,전자/통신,20253,40.5,190,309,61.5,C
필동,주점,20253,78.3,3,398,0.8,A
필동,중식,20253,58.1,82,358,22.9,A
필동,카페,20253,83.0,14,419,3.3,A
필동,패스트푸드/치킨,20253,68.7,21,409,5.1,A
필동,편의점,20253,85.4,2,405,0.5,A
필동,한식,20253,85.3,7,421,1.7,A
장충동,미용실,20253,30.1,363,419,86.6,D
장충동,분식/간식,20253,63.7,54,415,13.0,A
장충동,뷰티/화장품,20253,65.6,88,394,22.3,A
장충동,생활용품 소매,20253,15.2,395,405,97.5,D
장충동,수리/세탁,20253,54.7,233,382,61.0,C
장충동,숙박,20253,45.2,120,194,61.9,C
장충동,식품 소매,20253,68.1,38,422,9.0,A
장충동,양식/기타외식,20253,55.4,85,241,35.3,B
장충동,오락/유흥,20253,25.6,344,361,95.3,D
장충동,의류/패션,20253,47.7,291,402,72.4,C
장충동,일식,20253,63.6,22,279,7.9,A
장충동,주점,20253,69.4,27,398,6.8,A
장충동,중식,20253,58.1,81,358,22.6,A
장충동,카페,20253,32.1,341,419,81.4,D
장충동,패스트푸드/치킨,20253,71.0,17,409,4.2,A
장충동,편의점,20253,60.2,32,405,7.9,A
장충동,한식,20253,84.1,11,421,2.6,A
광희동,B2B 서비스,20253,51.4,129,368,35.1,B
광희동,미용실,20253,35.9,294,419,70.2,C
광희동,분식/간식,20253,49.0,219,415,52.8,C
광희동,뷰티/화장품,20253,79.4,15,394,3.8,A
광희동,생활용품 소매,20253,41.9,264,405,65.2,C
광희동,수리/세탁,20253,82.4,26,382,6.8,A
광희동,숙박,20253,65.6,32,194,16.5,A
광희동,스포츠/레저,20253,51.9,144,395,36.5,B
광희동,식품 소매,20253,28.8,392,422,92.9,D
광희동,양식/기타외식,20253,46.0,152,241,63.1,C
광희동,오락/유흥,20253,53.3,126,361,34.9,B
광희동,의료/약국,20253,47.8,255,413,61.7,C
광희동,의류/패션,20253,61.7,183,402,45.5,B
광희동,일식,20253,47.3,123,279,44.1,B
광희동,전자/통신,20253,41.2,183,309,59.2,C
광희동,주점,20253,48.2,194,398,48.7,B
광희동,중식,20253,44.9,230,358,64.2,C
광희동,카페,20253,42.6,226,419,53.9,C
광희동,패스트푸드/치킨,20253,43.0,228,409,55.7,C
광희동,편의점,20253,48.2,134,405,33.1,B
광희동,한식,20253,62.4,119,421,28.3,B
을지로동,B2B 서비스,20253,10.2,367,368,99.7,D
을지로동,미용실,20253,34.5,314,419,74.9,C
을지로동,분식/간식,20253,57.2,113,415,27.2,B
을지로동,뷰티/화장품,20253,47.2,212,394,53.8,C
을지로동,생활용품 소매,20253,39.7,275,405,67.9,C
을지로동,수리/세탁,20253,56.9,218,382,57.1,C
을지로동,숙박,20253,48.2,106,194,54.6,C
을지로동,스포츠/레저,20253,35.9,328,395,83.0,D
을지로동,식품 소매,20253,18.4,421,422,99.8,D
을지로동,양식/기타외식,20253,44.4,162,241,67.2,C
을지로동,오락/유흥,20253,55.4,110,361,30.5,B
을지로동,의료/약국,20253,41.5,314,413,76.0,D
을지로동,의류/패션,20253,66.5,134,402,33.3,B
을지로동,일식,20253,40.0,186,279,66.7,C
을지로동,전자/통신,20253,40.0,193,309,62.5,C
을지로동,주점,20253,44.6,236,398,59.3,C
을지로동,중식,20253,60.8,59,358,16.5,A
을지로동,카페,20253,49.2,141,419,33.7,B
을지로동,패스트푸드/치킨,20253,40.7,259,409,63.3,C
을지로동,편의점,20253,47.3,149,405,36.8,B
을지로동,한식,20253,73.5,47,421,11.2,A
신당동,B2B 서비스,20253,80.1,7,368,1.9,A
신당동,미용실,20253,36.9,279,419,66.6,C
신당동,분식/간식,20253,54.9,149,415,35.9,B
신당동,뷰티/화장품,20253,61.3,110,394,27.9,B
신당동,생활용품 소매,20253,30.0,324,405,80.0,D
신당동,수리/세탁,20253,45.5,276,382,72.3,C
신당동,숙박,20253,45.9,114,194,58.8,C
신당동,식품 소매,20253,58.8,108,422,25.6,B
신당동,양식/기타외식,20253,56.0,82,241,34.0,B
신당동,오락/유흥,20253,50.1,162,361,44.9,B
신당동,의료/약국,20253,44.3,290,413,70.2,C
신당동,의류/패션,20253,55.9,230,402,57.2,C
신당동,일반학원,20253,80.2,5,397,1.3,A
신당동,일식,20253,62.5,26,279,9.3,A
신당동,전자/통신,20253,71.9,49,309,15.9,A
신당동,주점,20253,54.1,132,398,33.2,B
신당동,중식,20253,55.7,113,358,31.6,B
신당동,카페,20253,53.8,101,419,24.1,A
신당동,패스트푸드/치킨,20253,59.7,61,409,14.9,A
신당동,편의점,20253,55.4,61,405,15.1,A
신당동,한식,20253,69.8,64,421,15.2,A
다산동,B2B 서비스,20253,29.6,297,368,80.7,D
다산동,미용실,20253,55.7,70,419,16.7,A
다산동,분식/간식,20253,58.5,95,415,22.9,A
다산동,뷰티/화장품,20253,67.6,78,394,19.8,A
다산동,생활용품 소매,20253,52.6,184,405,45.4,B
다산동,수리/세탁,20253,90.5,2,382,0.5,A
다산동,숙박,20253,55.3,68,194,35.1,B
다산동,스포츠/레저,20253,56.0,106,395,26.8,B
다산동,식품 소매,20253,69.8,29,422,6.9,A
다산동,양식/기타외식,20253,55.3,87,241,36.1,B
다산동,예술학원,20253,62.1,56,378,14.8,A
다산동,오락/유흥,20253,53.8,122,361,33.8,B
다산동,의료/약국,20253,54.9,178,413,43.1,B
다산동,의류/패션,20253,61.7,182,402,45.3,B
다산동,일반학원,20253,47.7,203,397,51.1,C
다산동,일식,20253,47.9,115,279,41.2,B
다산동,전자/통신,20253,22.1,269,309,87.1,D
다산동,주점,20253,45.3,227,398,57.0,C
다산동,중식,20253,50.7,176,358,49.2,B
다산동,카페,20253,64.8,47,419,11.2,A
다산동,패스트푸드/치킨,20253,51.8,130,409,31.8,B
다산동,편의점,20253,51.3,92,405,22.7,A
다산동,한식,20253,66.5,86,421,20.4,A
약수동,B2B 서비스,20253,57.1,94,368,25.5,B
약수동,미용실,20253,41.7,212,419,50.6,C
약수동,분식/간식,20253,45.8,261,415,62.9,C
약수동,뷰티/화장품,20253,22.5,371,394,94.2,D
약수동,생활용품 소매,20253,51.9,190,405,46.9,B
약수동,스포츠/레저,20253,36.8,322,395,81.5,D
약수동,식품 소매,20253,50.3,201,422,47.6,B
약수동,예술학원,20253,38.7,255,378,67.5,C
약수동,오락/유흥,20253,69.1,20,361,5.5,A
약수동,의료/약국,20253,64.3,74,413,17.9,A
약수동,의류/패션,20253,27.3,387,402,96.3,D
약수동,일반학원,20253,61.7,45,397,11.3,A
약수동,일식,20253,39.3,191,279,68.5,C
약수동,전자/통신,20253,31.5,235,309,76.1,D
약수동,주점,20253,47.1,205,398,51.5,C
약수동,카페,20253,39.3,262,419,62.5,C
약수동,패스트푸드/치킨,20253,56.8,86,409,21.0,A
약수동,편의점,20253,41.1,253,405,62.5,C
약수동,한식,20253,40.6,297,421,70.5,C
청구동,미용실,20253,28.0,390,419,93.1,D
청구동,뷰티/화장품,20253,33.5,307,394,77.9,D
청구동,생활용품 소매,20253,70.4,65,405,16.0,A
청구동,스포츠/레저,20253,32.8,352,395,89.1,D
청구동,식품 소매,20253,74.3,12,422,2.8,A
청구동,오락/유흥,20253,23.9,349,361,96.7,D
청구동,의료/약국,20253,57.6,139,413,33.7,B
청구동,의류/패션,20253,62.1,174,402,43.3,B
청구동,일반학원,20253,55.8,98,397,24.7,A
청구동,일식,20253,56.3,60,279,21.5,A
청구동,주점,20253,56.7,108,398,27.1,B
청구동,카페,20253,49.4,138,419,32.9,B
청구동,패스트푸드/치킨,20253,59.4,68,409,16.6,A
청구동,편의점,20253,53.9,76,405,18.8,A
청구동,한식,20253,73.3,49,421,11.6,A
신당5동,B2B 서비스,20253,75.3,13,368,3.5,A
신당5동,미용실,20253,71.4,12,419,2.9,A
신당5동,분식/간식,20253,59.2,91,415,21.9,A
신당5동,뷰티/화장품,20253,35.1,301,394,76.4,D
신당5동,생활용품 소매,20253,48.6,212,405,52.3,C
신당5동,수리/세탁,20253,55.6,225,382,58.9,C
신당5동,숙박,20253,52.3,83,194,42.8,B
신당5동,스포츠/레저,20253,72.4,22,395,5.6,A
신당5동,식품 소매,20253,56.0,137,422,32.5,B
신당5동,양식/기타외식,20253,56.6,78,241,32.4,B
신당5동,오락/유흥,20253,33.2,304,361,84.2,D
신당5동,의료/약국,20253,57.0,149,413,36.1,B
신당5동,의류/패션,20253,62.9,166,402,41.3,B
신당5동,일식,20253,41.6,166,279,59.5,C
신당5동,전자/통신,20253,77.4,32,309,10.4,A
신당5동,주점,20253,34.5,335,398,84.2,D
신당5동,중식,20253,53.9,134,358,37.4,B
신당5동,카페,20253,48.4,148,419,35.3,B
신당5동,패스트푸드/치킨,20253,39.3,284,409,69.4,C
신당5동,편의점,20253,45.4,181,405,44.7,B
신당5동,한식,20253,65.8,89,421,21.1,A
동화동,미용실,20253,32.5,335,419,80.0,D
동화동,분식/간식,20253,50.6,201,415,48.4,B
동화동,뷰티/화장품,20253,56.9,133,394,33.8,B
동화동,생활용품 소매,20253,49.8,202,405,49.9,B
동화동,수리/세탁,20253,76.4,69,382,18.1,A
동화동,스포츠/레저,20253,72.8,20,395,5.1,A
동화동,식품 소매,20253,28.1,398,422,94.3,D
동화동,예술학원,20253,62.4,54,378,14.3,A
동화동,오락/유흥,20253,34.6,291,361,80.6,D
동화동,의료/약국,20253,31.9,368,413,89.1,D
동화동,의류/패션,20253,27.9,385,402,95.8,D
동화동,일반학원,20253,65.3,30,397,7.6,A
동화동,주점,20253,42.5,255,398,64.1,C
동화동,중식,20253,52.4,152,358,42.5,B
동화동,카페,20253,32.8,333,419,79.5,D
동화동,패스트푸드/치킨,20253,62.9,47,409,11.5,A
동화동,편의점,20253,42.3,239,405,59.0,C
동화동,한식,20253,51.4,205,421,48.7,B
황학동,B2B 서비스,20253,43.8,191,368,51.9,C
황학동,미용실,20253,31.8,347,419,82.8,D
황학동,분식/간식,20253,64.6,47,415,11.3,A
황학동,뷰티/화장품,20253,42.3,253,394,64.2,C
황학동,생활용품 소매,20253,70.1,67,405,16.5,A
황학동,수리/세탁,20253,62.3,188,382,49.2,B
황학동,숙박,20253,49.1,99,194,51.0,C
황학동,스포츠/레저,20253,33.7,346,395,87.6,D
황학동,식품 소매,20253,37.0,330,422,78.2,D
황학동,양식/기타외식,20253,41.7,177,241,73.4,C
황학동,예술학원,20253,28.6,342,378,90.5,D
황학동,오락/유흥,20253,67.9,22,361,6.1,A
황학동,의료/약국,20253,50.6,231,413,55.9,C
황학동,의류/패션,20253,75.7,53,402,13.2,A
황학동,일반학원,20253,55.1,105,397,26.4,B
황학동,일식,20253,62.6,25,279,9.0,A
황학동,전자/통신,20253,10.5,306,309,99.0,D
황학동,주점,20253,54.8,122,398,30.7,B
황학동,중식,20253,59.7,69,358,19.3,A
황학동,카페,20253,42.6,225,419,53.7,C
황학동,패스트푸드/치킨,20253,59.6,64,409,15.6,A
황학동,편의점,20253,41.7,249,405,61.5,C
황학동,한식,20253,69.2,69,421,16.4,A
중림동,B2B 서비스,20253,57.4,93,368,25.3,B
중림동,미용실,20253,37.2,270,419,64.4,C
중림동,분식/간식,20253,56.8,116,415,28.0,B
중림동,뷰티/화장품,20253,80.6,11,394,2.8,A
중림동,생활용품 소매,20253,20.3,374,405,92.3,D
중림동,수리/세탁,20253,45.3,278,382,72.8,C
중림동,숙박,20253,41.3,132,194,68.0,C
중림동,식품 소매,20253,24.8,412,422,97.6,D
중림동,양식/기타외식,20253,63.7,35,241,14.5,A
중림동,오락/유흥,20253,29.0,328,361,90.9,D
중림동,의료/약국,20253,75.9,7,413,1.7,A
중림동,의류/패션,20253,39.7,345,402,85.8,D
중림동,전자/통신,20253,39.1,201,309,65.0,C
중림동,주점,20253,48.9,185,398,46.5,B
중림동,중식,20253,52.6,149,358,41.6,B
중림동,카페,20253,42.6,224,419,53.5,C
중림동,패스트푸드/치킨,20253,40.0,270,409,66.0,C
중림동,편의점,20253,43.3,222,405,54.8,C
중림동,한식,20253,85.1,8,421,1.9,A
후암동,B2B 서비스,20253,46.4,171,368,46.5,B
후암동,미용실,20253,27.7,394,419,94.0,D
후암동,분식/간식,20253,34.4,376,415,90.6,D
후암동,뷰티/화장품,20253,69.5,69,394,17.5,A
후암동,생활용품 소매,20253,80.6,11,405,2.7,A
후암동,수리/세탁,20253,65.0,170,382,44.5,B
후암동,숙박,20253,13.3,194,194,100.0,D
후암동,스포츠/레저,20253,58.0,90,395,22.8,A
후암동,식품 소매,20253,65.1,63,422,14.9,A
후암동,양식/기타외식,20253,48.8,138,241,57.3,C
후암동,예술학원,20253,47.2,156,378,41.3,B
후암동,오락/유흥,20253,32.6,308,361,85.3,D
후암동,의료/약국,20253,68.7,40,413,9.7,A
후암동,의류/패션,20253,55.5,237,402,59.0,C
후암동,일반학원,20253,20.9,395,397,99.5,D
후암동,일식,20253,50.4,100,279,35.8,B
후암동,전자/통신,20253,92.6,4,309,1.3,A
후암동,주점,20253,50.4,168,398,42.2,B
후암동,중식,20253,30.8,344,358,96.1,D
후암동,카페,20253,49.4,137,419,32.7,B
후암동,패스트푸드/치킨,20253,38.4,292,409,71.4,C
후암동,편의점,20253,38.0,319,405,78.8,D
후암동,한식,20253,70.4,60,421,14.3,A
용산2가동,B2B 서비스,20253,71.2,25,368,6.8,A
용산2가동,미용실,20253,59.6,45,419,10.7,A
용산2가동,분식/간식,20253,57.9,105,415,25.3,B
용산2가동,뷰티/화장품,20253,53.1,168,394,42.6,B
용산2가동,생활용품 소매,20253,57.6,147,405,36.3,B
용산2가동,수리/세탁,20253,58.5,211,382,55.2,C
용산2가동,스포츠/레저,20253,29.1,372,395,94.2,D
용산2가동,식품 소매,20253,53.3,162,422,38.4,B
용산2가동,양식/기타외식,20253,57.6,71,241,29.5,B
용산2가동,예술학원,20253,53.8,110,378,29.1,B
용산2가동,오락/유흥,20253,33.5,302,361,83.7,D
용산2가동,의료/약국,20253,50.3,235,413,56.9,C
용산2가동,의류/패션,20253,68.5,119,402,29.6,B
용산2가동,일식,20253,59.4,43,279,15.4,A
용산2가동,전자/통신,20253,85.9,10,309,3.2,A
용산2가동,주점,20253,52.5,144,398,36.2,B
용산2가동,중식,20253,42.2,267,358,74.6,C
용산2가동,카페,20253,75.7,19,419,4.5,A
용산2가동,패스트푸드/치킨,20253,60.8,52,409,12.7,A
용산2가동,편의점,20253,39.9,278,405,68.6,C
용산2가동,한식,20253,50.7,210,421,49.9,B
남영동,B2B 서비스,20253,38.2,238,368,64.7,C
남영동,미용실,20253,66.3,22,419,5.3,A
남영동,분식/간식,20253,56.4,121,415,29.2,B
남영동,뷰티/화장품,20253,30.0,327,394,83.0,D
남영동,생활용품 소매,20253,70.8,60,405,14.8,A
남영동,숙박,20253,48.6,102,194,52.6,C
남영동,스포츠/레저,20253,74.4,14,395,3.5,A
남영동,식품 소매,20253,36.9,331,422,78.4,D
남영동,양식/기타외식,20253,48.8,137,241,56.8,C
남영동,예술학원,20253,31.9,322,378,85.2,D
남영동,오락/유흥,20253,43.9,223,361,61.8,C
남영동,의료/약국,20253,55.1,172,413,41.6,B
남영동,의류/패션,20253,75.9,49,402,12.2,A
남영동,일반학원,20253,79.5,6,397,1.5,A
남영동,일식,20253,42.7,154,279,55.2,C
남영동,전자/통신,20253,65.9,68,309,22.0,A
남영동,주점,20253,73.5,9,398,2.3,A
남영동,중식,20253,58.0,83,358,23.2,A
남영동,카페,20253,65.0,46,419,11.0,A
남영동,패스트푸드/치킨,20253,59.5,66,409,16.1,A
남영동,편의점,20253,43.7,214,405,52.8,C
남영동,한식,20253,78.0,23,421,5.5,A
청파동,B2B 서비스,20253,29.6,298,368,81.0,D
청파동,미용실,20253,36.3,287,419,68.5,C
청파동,분식/간식,20253,68.1,25,415,6.0,A
청파동,뷰티/화장품,20253,43.7,242,394,61.4,C
청파동,생활용품 소매,20253,76.1,28,405,6.9,A
청파동,수리/세탁,20253,66.4,148,382,38.7,B
청파동,숙박,20253,71.4,14,194,7.2,A
청파동,스포츠/레저,20253,61.2,74,395,18.7,A
청파동,식품 소매,20253,46.3,242,422,57.3,C
청파동,양식/기타외식,20253,42.4,174,241,72.2,C
청파동,예술학원,20253,92.0,1,378,0.3,A
청파동,오락/유흥,20253,58.6,84,361,23.3,A
청파동,의료/약국,20253,59.9,116,413,28.1,B
청파동,의류/패션,20253,36.6,360,402,89.6,D
청파동,일반학원,20253,49.0,182,397,45.8,B
청파동,일식,20253,51.7,89,279,31.9,B
청파동,전자/통신,20253,69.6,55,309,17.8,A
청파동,주점,20253,54.3,128,398,32.2,B
청파동,중식,20253,54.1,132,358,36.9,B
청파동,카페,20253,76.7,17,419,4.1,A
청파동,패스트푸드/치킨,20253,73.2,10,409,2.4,A
청파동,편의점,20253,50.8,97,405,24.0,A
청파동,한식,20253,72.8,51,421,12.1,A
원효로1동,B2B 서비스,20253,49.6,141,368,38.3,B
원효로1동,미용실,20253,32.8,328,419,78.3,D
원효로1동,분식/간식,20253,36.1,366,415,88.2,D
원효로1동,뷰티/화장품,20253,17.1,391,394,99.2,D
원효로1동,생활용품 소매,20253,77.9,22,405,5.4,A
원효로1동,수리/세탁,20253,43.2,293,382,76.7,D
원효로1동,숙박,20253,48.4,104,194,53.6,C
원효로1동,스포츠/레저,20253,55.4,111,395,28.1,B
원효로1동,식품 소매,20253,66.5,50,422,11.8,A
원효로1동,오락/유흥,20253,21.8,354,361,98.1,D
원효로1동,의료/약국,20253,21.4,405,413,98.1,D
원효로1동,의류/패션,20253,72.2,90,402,22.4,A
원효로1동,일반학원,20253,49.0,180,397,45.3,B
원효로1동,일식,20253,56.0,62,279,22.2,A
원효로1동,전자/통신,20253,40.7,188,309,60.8,C
원효로1동,주점,20253,53.2,137,398,34.4,B
원효로1동,중식,20253,48.0,201,358,56.1,C
원효로1동,카페,20253,66.6,36,419,8.6,A
원효로1동,패스트푸드/치킨,20253,44.8,207,409,50.6,C
원효로1동,편의점,20253,35.8,345,405,85.2,D
원효로1동,한식,20253,69.8,65,421,15.4,A
원효로2동,B2B 서비스,20253,27.1,311,368,84.5,D
원효로2동,미용실,20253,48.0,139,419,33.2,B
원효로2동,분식/간식,20253,48.6,226,415,54.5,C
원효로2동,뷰티/화장품,20253,27.7,340,394,86.3,D
원효로2동,생활용품 소매,20253,34.9,305,405,75.3,D
원효로2동,수리/세탁,20253,64.8,172,382,45.0,B
원효로2동,스포츠/레저,20253,61.5,70,395,17.7,A
원효로2동,식품 소매,20253,55.0,146,422,34.6,B
원효로2동,예술학원,20253,46.8,160,378,42.3,B
원효로2동,의료/약국,20253,51.0,228,413,55.2,C
원효로2동,의류/패션,20253,40.9,340,402,84.6,D
원효로2동,일반학원,20253,72.1,18,397,4.5,A
원효로2동,일식,20253,65.6,18,279,6.5,A
원효로2동,전자/통신,20253,16.0,292,309,94.5,D
원효로2동,주점,20253,62.4,57,398,14.3,A
원효로2동,중식,20253,53.2,142,358,39.7,B
원효로2동,카페,20253,34.8,322,419,76.8,D
원효로2동,편의점,20253,47.5,146,405,36.0,B
원효로2동,한식,20253,61.2,127,421,30.2,B
효창동,B2B 서비스,20253,44.9,183,368,49.7,B
효창동,미용실,20253,38.5,251,419,59.9,C
효창동,분식/간식,20253,32.2,394,415,94.9,D
효창동,뷰티/화장품,20253,17.5,389,394,98.7,D
효창동,생활용품 소매,20253,39.7,276,405,68.1,C
효창동,스포츠/레저,20253,22.7,390,395,98.7,D
효창동,식품 소매,20253,55.5,142,422,33.6,B
효창동,예술학원,20253,61.8,59,378,15.6,A
효창동,의료/약국,20253,75.1,11,413,2.7,A
효창동,의류/패션,20253,67.9,124,402,30.8,B
효창동,일반학원,20253,65.4,29,397,7.3,A
효창동,카페,20253,57.7,72,419,17.2,A
효창동,패스트푸드/치킨,20253,39.9,276,409,67.5,C
효창동,편의점,20253,49.2,113,405,27.9,B
효창동,한식,20253,40.9,294,421,69.8,C
용문동,B2B 서비스,20253,36.8,247,368,67.1,C
용문동,미용실,20253,53.8,88,419,21.0,A
용문동,분식/간식,20253,55.4,140,415,33.7,B
용문동,뷰티/화장품,20253,39.2,273,394,69.3,C
용문동,생활용품 소매,20253,41.7,266,405,65.7,C
용문동,수리/세탁,20253,87.3,7,382,1.8,A
용문동,식품 소매,20253,57.9,118,422,28.0,B
용문동,양식/기타외식,20253,65.1,29,241,12.0,A
용문동,예술학원,20253,44.6,187,378,49.5,B
용문동,오락/유흥,20253,63.4,53,361,14.7,A
용문동,의료/약국,20253,51.8,217,413,52.5,C
용문동,의류/패션,20253,70.3,104,402,25.9,B
용문동,전자/통신,20253,42.3,178,309,57.6,C
용문동,주점,20253,47.4,199,398,50.0,B
용문동,카페,20253,44.0,204,419,48.7,B
용문동,패스트푸드/치킨,20253,39.4,282,409,68.9,C
용문동,편의점,20253,40.5,264,405,65.2,C
용문동,한식,20253,45.0,260,421,61.8,C
한강로동,B2B 서비스,20253,64.1,59,368,16.0,A
한강로동,미용실,20253,39.0,246,419,58.7,C
한강로동,분식/간식,20253,51.8,188,415,45.3,B
한강로동,뷰티/화장품,20253,38.0,284,394,72.1,C
한강로동,생활용품 소매,20253,35.1,303,405,74.8,C
한강로동,수리/세탁,20253,21.6,372,382,97.4,D
한강로동,숙박,20253,62.2,46,194,23.7,A
한강로동,스포츠/레저,20253,46.8,210,395,53.2,C
한강로동,식품 소매,20253,45.4,257,422,60.9,C
한강로동,애완동물,20253,45.6,81,147,55.1,C
한강로동,양식/기타외식,20253,50.1,126,241,52.3,C
한강로동,오락/유흥,20253,44.7,213,361,59.0,C
한강로동,의료/약국,20253,65.2,66,413,16.0,A
한강로동,의류/패션,20253,53.7,247,402,61.4,C
한강로동,일반학원,20253,82.4,3,397,0.8,A
한강로동,일식,20253,38.2,200,279,71.7,C
한강로동,전자/통신,20253,68.5,57,309,18.4,A
한강로동,주점,20253,70.7,20,398,5.0,A
한강로동,중식,20253,52.1,157,358,43.9,B
한강로동,카페,20253,67.7,29,419,6.9,A
한강로동,패스트푸드/치킨,20253,44.8,206,409,50.4,C
한강로동,편의점,20253,50.0,108,405,26.7,B
한강로동,한식,20253,62.7,113,421,26.8,B
이촌1동,미용실,20253,44.3,175,419,41.8,B
이촌1동,분식/간식,20253,39.0,347,415,83.6,D
이촌1동,뷰티/화장품,20253,45.5,226,394,57.4,C
이촌1동,생활용품 소매,20253,67.7,82,405,20.2,A
이촌1동,수리/세탁,20253,36.1,335,382,87.7,D
이촌1동,스포츠/레저,20253,51.9,145,395,36.7,B
이촌1동,식품 소매,20253,44.1,263,422,62.3,C
이촌1동,양식/기타외식,20253,36.6,197,241,81.7,D
이촌1동,예술학원,20253,45.9,167,378,44.2,B
이촌1동,의료/약국,20253,55.9,160,413,38.7,B
이촌1동,의류/패션,20253,45.6,304,402,75.6,D
이촌1동,일반학원,20253,30.4,374,397,94.2,D
이촌1동,일식,20253,47.7,118,279,42.3,B
이촌1동,전자/통신,20253,42.4,177,309,57.3,C
이촌1동,주점,20253,41.1,268,398,67.3,C
이촌1동,중식,20253,51.7,162,358,45.3,B
이촌1동,카페,20253,48.2,152,419,36.3,B
이촌1동,패스트푸드/치킨,20253,58.3,75,409,18.3,A
이촌1동,편의점,20253,39.3,293,405,72.3,C
이촌1동,한식,20253,35.4,347,421,82.4,D
이촌2동,B2B 서비스,20253,30.4,291,368,79.1,D
이촌2동,미용실,20253,36.7,282,419,67.3,C
이촌2동,분식/간식,20253,31.5,396,415,95.4,D
이촌2동,생활용품 소매,20253,14.1,398,405,98.3,D
이촌2동,수리/세탁,20253,53.2,241,382,63.1,C
이촌2동,식품 소매,20253,38.5,319,422,75.6,D
이촌2동,예술학원,20253,69.7,26,378,6.9,A
이촌2동,의류/패션,20253,77.2,36,402,9.0,A
이촌2동,일반학원,20253,61.9,42,397,10.6,A
이촌2동,전자/통신,20253,81.1,19,309,6.1,A
이촌2동,카페,20253,23.7,402,419,95.9,D
이촌2동,패스트푸드/치킨,20253,36.0,324,409,79.2,D
이촌2동,편의점,20253,34.1,371,405,91.6,D
이촌2동,한식,20253,58.0,149,421,35.4,B
이태원1동,미용실,20253,43.1,194,419,46.3,B
이태원1동,분식/간식,20253,41.4,323,415,77.8,D
이태원1동,뷰티/화장품,20253,53.1,167,394,42.4,B
이태원1동,생활용품 소매,20253,73.6,46,405,11.4,A
이태원1동,수리/세탁,20253,40.6,311,382,81.4,D
이태원1동,숙박,20253,24.3,186,194,95.9,D
이태원1동,스포츠/레저,20253,47.7,193,395,48.9,B
이태원1동,식품 소매,20253,45.9,248,422,58.8,C
이태원1동,양식/기타외식,20253,28.8,226,241,93.8,D
이태원1동,오락/유흥,20253,29.7,324,361,89.8,D
이태원1동,의료/약국,20253,20.0,409,413,99.0,D
이태원1동,의류/패션,20253,67.6,125,402,31.1,B
이태원1동,일식,20253,53.8,79,279,28.3,B
이태원1동,전자/통신,20253,61.3,89,309,28.8,B
이태원1동,주점,20253,42.8,251,398,63.1,C
이태원1동,중식,20253,35.1,321,358,89.7,D
이태원1동,카페,20253,44.5,199,419,47.5,B
이태원1동,패스트푸드/치킨,20253,46.6,185,409,45.2,B
이태원1동,편의점,20253,29.6,397,405,98.0,D
이태원1동,한식,20253,31.4,375,421,89.1,D
이태원2동,B2B 서비스,20253,74.7,17,368,4.6,A
이태원2동,미용실,20253,65.2,26,419,6.2,A
이태원2동,분식/간식,20253,57.9,106,415,25.5,B
이태원2동,뷰티/화장품,20253,50.4,190,394,48.2,B
이태원2동,생활용품 소매,20253,18.4,383,405,94.6,D
이태원2동,수리/세탁,20253,65.4,166,382,43.5,B
이태원2동,스포츠/레저,20253,56.2,105,395,26.6,B
이태원2동,식품 소매,20253,38.0,326,422,77.3,D
이태원2동,양식/기타외식,20253,46.2,148,241,61.4,C
이태원2동,의료/약국,20253,64.8,70,413,16.9,A
이태원2동,의류/패션,20253,64.0,155,402,38.6,B
이태원2동,일식,20253,41.6,167,279,59.9,C
이태원2동,주점,20253,40.4,277,398,69.6,C
이태원2동,중식,20253,73.0,7,358,2.0,A
이태원2동,카페,20253,50.3,129,419,30.8,B
이태원2동,패스트푸드/치킨,20253,52.3,126,409,30.8,B
이태원2동,편의점,20253,38.2,314,405,77.5,D
이태원2동,한식,20253,50.1,219,421,52.0,C
한남동,B2B 서비스,20253,71.2,24,368,6.5,A
한남동,미용실,20253,47.3,149,419,35.6,B
한남동,분식/간식,20253,44.1,284,415,68.4,C
한남동,뷰티/화장품,20253,24.7,363,394,92.1,D
한남동,생활용품 소매,20253,79.5,14,405,3.5,A
한남동,수리/세탁,20253,38.8,322,382,84.3,D
한남동,숙박,20253,43.6,123,194,63.4,C
한남동,스포츠/레저,20253,24.9,387,395,98.0,D
한남동,식품 소매,20253,71.4,22,422,5.2,A
한남동,양식/기타외식,20253,54.2,98,241,40.7,B
한남동,오락/유흥,20253,73.6,7,361,1.9,A
한남동,의료/약국,20253,31.4,374,413,90.6,D
한남동,의류/패션,20253,58.8,205,402,51.0,C
한남동,일반학원,20253,20.3,396,397,99.7,D
한남동,일식,20253,56.0,63,279,22.6,A
한남동,전자/통신,20253,26.3,251,309,81.2,D
한남동,주점,20253,59.8,81,398,20.4,A
한남동,중식,20253,58.6,78,358,21.8,A
한남동,카페,20253,51.6,114,419,27.2,B
한남동,패스트푸드/치킨,20253,46.1,191,409,46.7,B
한남동,편의점,20253,49.2,116,405,28.6,B
한남동,한식,20253,62.5,115,421,27.3,B
서빙고동,B2B 서비스,20253,27.1,312,368,84.8,D
서빙고동,미용실,20253,35.9,295,419,70.4,C
서빙고동,분식/간식,20253,60.1,85,415,20.5,A
서빙고동,생활용품 소매,20253,39.6,277,405,68.4,C
서빙고동,수리/세탁,20253,60.0,202,382,52.9,C
서빙고동,스포츠/레저,20253,32.8,351,395,88.9,D
서빙고동,식품 소매,20253,48.8,212,422,50.2,C
서빙고동,예술학원,20253,73.6,15,378,4.0,A
서빙고동,의류/패션,20253,34.3,368,402,91.5,D
서빙고동,일반학원,20253,8.4,397,397,100.0,D
서빙고동,카페,20253,68.7,28,419,6.7,A
서빙고동,패스트푸드/치킨,20253,32.2,367,409,89.7,D
서빙고동,편의점,20253,44.0,209,405,51.6,C
서빙고동,한식,20253,40.4,301,421,71.5,C
보광동,B2B 서비스,20253,64.8,52,368,14.1,A
보광동,미용실,20253,61.8,38,419,9.1,A
보광동,분식/간식,20253,73.3,11,415,2.7,A
보광동,뷰티/화장품,20253,47.4,209,394,53.0,C
보광동,생활용품 소매,20253,45.0,243,405,60.0,C
보광동,수리/세탁,20253,12.8,380,382,99.5,D
보광동,숙박,20253,75.4,7,194,3.6,A
보광동,스포츠/레저,20253,40.4,273,395,69.1,C
보광동,식품 소매,20253,47.5,228,422,54.0,C
보광동,애완동물,20253,38.1,107,147,72.8,C
보광동,양식/기타외식,20253,48.5,139,241,57.7,C
보광동,예술학원,20253,63.7,47,378,12.4,A
보광동,의료/약국,20253,42.0,309,413,74.8,C
보광동,의류/패션,20253,47.5,295,402,73.4,C
보광동,일반학원,20253,39.1,294,397,74.1,C
보광동,전자/통신,20253,67.9,64,309,20.7,A
보광동,주점,20253,38.6,293,398,73.6,C
보광동,카페,20253,41.2,245,419,58.5,C
보광동,패스트푸드/치킨,20253,35.6,331,409,80.9,D
보광동,편의점,20253,56.9,52,405,12.8,A
보광동,한식,20253,38.1,322,421,76.5,D
왕십리2동,미용실,20253,36.7,280,419,66.8,C
왕십리2동,분식/간식,20253,44.9,274,415,66.0,C
왕십리2동,뷰티/화장품,20253,27.2,343,394,87.1,D
왕십리2동,생활용품 소매,20253,69.3,74,405,18.3,A
왕십리2동,수리/세탁,20253,85.7,9,382,2.4,A
왕십리2동,숙박,20253,49.9,97,194,50.0,B
왕십리2동,스포츠/레저,20253,60.7,75,395,19.0,A
왕십리2동,식품 소매,20253,36.0,339,422,80.3,D
왕십리2동,예술학원,20253,38.1,263,378,69.6,C
왕십리2동,오락/유흥,20253,35.5,284,361,78.7,D
왕십리2동,의료/약국,20253,51.5,222,413,53.8,C
왕십리2동,의류/패션,20253,73.9,72,402,17.9,A
왕십리2동,일반학원,20253,37.9,312,397,78.6,D
왕십리2동,주점,20253,46.9,207,398,52.0,C
왕십리2동,중식,20253,56.6,106,358,29.6,B
왕십리2동,카페,20253,35.0,317,419,75.7,D
왕십리2동,패스트푸드/치킨,20253,31.5,374,409,91.4,D
왕십리2동,편의점,20253,35.3,358,405,88.4,D
왕십리2동,한식,20253,24.8,407,421,96.7,D
왕십리도선동,B2B 서비스,20253,59.2,80,368,21.7,A
왕십리도선동,미용실,20253,33.2,324,419,77.3,D
왕십리도선동,분식/간식,20253,48.1,239,415,57.6,C
왕십리도선동,뷰티/화장품,20253,34.6,304,394,77.2,D
왕십리도선동,생활용품 소매,20253,22.3,363,405,89.6,D
왕십리도선동,수리/세탁,20253,43.0,294,382,77.0,D
왕십리도선동,숙박,20253,49.1,100,194,51.5,C
왕십리도선동,스포츠/레저,20253,32.8,354,395,89.6,D
왕십리도선동,식품 소매,20253,47.7,226,422,53.6,C
왕십리도선동,애완동물,20253,34.5,116,147,78.9,D
왕십리도선동,양식/기타외식,20253,46.3,147,241,61.0,C
왕십리도선동,예술학원,20253,40.2,242,378,64.0,C
왕십리도선동,오락/유흥,20253,60.7,71,361,19.7,A
왕십리도선동,의료/약국,20253,67.7,44,413,10.7,A
왕십리도선동,의류/패션,20253,71.8,96,402,23.9,A
왕십리도선동,일반학원,20253,71.1,20,397,5.0,A
왕십리도선동,일식,20253,52.9,83,279,29.7,B
왕십리도선동,전자/통신,20253,74.2,42,309,13.6,A
왕십리도선동,주점,20253,42.0,262,398,65.8,C
왕십리도선동,중식,20253,55.0,121,358,33.8,B
왕십리도선동,카페,20253,54.3,100,419,23.9,A
왕십리도선동,패스트푸드/치킨,20253,65.3,35,409,8.6,A
왕십리도선동,편의점,20253,50.1,107,405,26.4,B
왕십리도선동,한식,20253,57.3,155,421,36.8,B
마장동,B2B 서비스,20253,27.0,313,368,85.1,D
마장동,미용실,20253,42.5,199,419,47.5,B
마장동,분식/간식,20253,32.6,390,415,94.0,D
마장동,생활용품 소매,20253,62.2,117,405,28.9,B
마장동,수리/세탁,20253,52.4,247,382,64.7,C
마장동,숙박,20253,37.9,145,194,74.7,C
마장동,스포츠/레저,20253,54.0,124,395,31.4,B
마장동,식품 소매,20253,55.7,140,422,33.2,B
마장동,예술학원,20253,42.8,211,378,55.8,C
마장동,오락/유흥,20253,46.2,194,361,53.7,C
마장동,의료/약국,20253,39.6,332,413,80.4,D
마장동,의류/패션,20253,10.8,402,402,100.0,D
마장동,일반학원,20253,51.5,141,397,35.5,B
마장동,전자/통신,20253,39.6,196,309,63.4,C
마장동,주점,20253,53.0,141,398,35.4,B
마장동,중식,20253,63.4,38,358,10.6,A
마장동,카페,20253,42.8,223,419,53.2,C
마장동,패스트푸드/치킨,20253,49.6,149,409,36.4,B
마장동,편의점,20253,42.4,236,405,58.3,C
마장동,한식,20253,63.6,104,421,24.7,A
사근동,미용실,20253,41.4,216,419,51.6,C
사근동,분식/간식,20253,81.7,4,415,1.0,A
사근동,뷰티/화장품,20253,45.9,222,394,56.3,C
사근동,생활용품 소매,20253,78.7,19,405,4.7,A
사근동,수리/세탁,20253,67.6,141,382,36.9,B
사근동,스포츠/레저,20253,47.3,199,395,50.4,C
사근동,식품 소매,20253,22.4,416,422,98.6,D
사근동,양식/기타외식,20253,77.1,3,241,1.2,A
사근동,예술학원,20253,40.9,233,378,61.6,C
사근동,오락/유흥,20253,52.0,143,361,39.6,B
사근동,의료/약국,20253,38.8,339,413,82.1,D
사근동,의류/패션,20253,38.0,354,402,88.1,D
사근동,일식,20253,43.6,148,279,53.0,C
사근동,전자/통신,20253,66.9,66,309,21.4,A
사근동,주점,20253,63.7,53,398,13.3,A
사근동,중식,20253,71.6,13,358,3.6,A
사근동,카페,20253,92.7,5,419,1.2,A
사근동,패스트푸드/치킨,20253,90.2,3,409,0.7,A
사근동,편의점,20253,95.9,1,405,0.2,A
사근동,한식,20253,82.5,13,421,3.1,A
행당1동,B2B 서비스,20253,32.4,280,368,76.1,D
행당1동,미용실,20253,37.6,264,419,63.0,C
행당1동,분식/간식,20253,47.7,243,415,58.6,C
행당1동,뷰티/화장품,20253,37.9,286,394,72.6,C
행당1동,생활용품 소매,20253,43.3,254,405,62.7,C
행당1동,수리/세탁,20253,34.8,341,382,89.3,D
행당1동,스포츠/레저,20253,57.6,93,395,23.5,A
행당1동,식품 소매,20253,72.5,17,422,4.0,A
행당1동,애완동물,20253,25.7,139,147,94.6,D
행당1동,양식/기타외식,20253,43.0,173,241,71.8,C
행당1동,예술학원,20253,37.1,275,378,72.8,C
행당1동,오락/유흥,20253,46.7,189,361,52.4,C
행당1동,의료/약국,20253,41.1,316,413,76.5,D
행당1동,의류/패션,20253,75.2,58,402,14.4,A
행당1동,일반학원,20253,37.5,316,397,79.6,D
행당1동,일식,20253,42.1,160,279,57.3,C
행당1동,전자/통신,20253,54.2,120,309,38.8,B
행당1동,주점,20253,35.6,322,398,80.9,D
행당1동,중식,20253,55.2,117,358,32.7,B
행당1동,카페,20253,50.7,126,419,30.1,B
행당1동,패스트푸드/치킨,20253,71.0,16,409,3.9,A
행당1동,편의점,20253,42.9,225,405,55.6,C
행당1동,한식,20253,62.2,120,421,28.5,B
행당2동,미용실,20253,33.3,323,419,77.1,D
행당2동,분식/간식,20253,47.4,248,415,59.8,C
행당2동,뷰티/화장품,20253,59.7,118,394,29.9,B
행당2동,생활용품 소매,20253,21.3,370,405,91.4,D
행당2동,수리/세탁,20253,83.9,16,382,4.2,A
행당2동,스포츠/레저,20253,47.9,190,395,48.1,B
행당2동,식품 소매,20253,37.6,328,422,77.7,D
행당2동,예술학원,20253,40.5,237,378,62.7,C
행당2동,의료/약국,20253,60.0,114,413,27.6,B
행당2동,의류/패션,20253,61.5,185,402,46.0,B
행당2동,일반학원,20253,39.2,292,397,73.6,C
행당2동,전자/통신,20253,59.9,93,309,30.1,B
행당2동,주점,20253,67.1,36,398,9.0,A
행당2동,카페,20253,44.0,206,419,49.2,B
행당2동,패스트푸드/치킨,20253,52.4,125,409,30.6,B
행당2동,편의점,20253,45.9,176,405,43.5,B
행당2동,한식,20253,46.2,252,421,59.9,C
응봉동,미용실,20253,58.0,52,419,12.4,A
응봉동,분식/간식,20253,38.8,349,415,84.1,D
응봉동,뷰티/화장품,20253,35.2,300,394,76.1,D
응봉동,수리/세탁,20253,89.3,3,382,0.8,A
응봉동,스포츠/레저,20253,47.0,205,395,51.9,C
응봉동,식품 소매,20253,30.5,383,422,90.8,D
응봉동,예술학원,20253,19.0,373,378,98.7,D
응봉동,의료/약국,20253,27.9,387,413,93.7,D
응봉동,의류/패션,20253,84.8,5,402,1.2,A
응봉동,일반학원,20253,37.1,320,397,80.6,D
응봉동,카페,20253,52.2,108,419,25.8,B
응봉동,패스트푸드/치킨,20253,28.2,397,409,97.1,D
응봉동,한식,20253,46.5,249,421,59.1,C
금호1가동,B2B 서비스,20253,93.6,1,368,0.3,A
금호1가동,미용실,20253,55.5,73,419,17.4,A
금호1가동,분식/간식,20253,48.5,230,415,55.4,C
금호1가동,스포츠/레저,20253,37.0,319,395,80.8,D
금호1가동,식품 소매,20253,67.7,41,422,9.7,A
금호1가동,예술학원,20253,48.1,146,378,38.6,B
금호1가동,의료/약국,20253,26.3,393,413,95.2,D
금호1가동,의류/패션,20253,75.0,59,402,14.7,A
금호1가동,일반학원,20253,65.1,32,397,8.1,A
금호1가동,주점,20253,61.7,64,398,16.1,A
금호1가동,카페,20253,67.2,32,419,7.6,A
금호1가동,패스트푸드/치킨,20253,29.8,390,409,95.4,D
금호1가동,편의점,20253,49.6,111,405,27.4,B
금호1가동,한식,20253,37.6,325,421,77.2,D
금호2.3가동,미용실,20253,53.0,92,419,22.0,A
금호2.3가동,분식/간식,20253,65.0,45,415,10.8,A
금호2.3가동,뷰티/화장품,20253,48.2,199,394,50.5,C
금호2.3가동,생활용품 소매,20253,23.5,359,405,88.6,D
금호2.3가동,수리/세탁,20253,72.3,106,382,27.7,B
금호2.3가동,숙박,20253,74.3,10,194,5.2,A
금호2.3가동,스포츠/레저,20253,54.5,119,395,30.1,B
금호2.3가동,식품 소매,20253,54.1,159,422,37.7,B
금호2.3가동,양식/기타외식,20253,56.9,76,241,31.5,B
금호2.3가동,예술학원,20253,35.0,296,378,78.3,D
금호2.3가동,오락/유흥,20253,65.2,37,361,10.2,A
금호2.3가동,의료/약국,20253,74.0,15,413,3.6,A
금호2.3가동,의류/패션,20253,41.0,338,402,84.1,D
금호2.3가동,일반학원,20253,28.6,383,397,96.5,D
금호2.3가동,일식,20253,59.4,44,279,15.8,A
금호2.3가동,전자/통신,20253,42.1,179,309,57.9,C
금호2.3가동,주점,20253,51.4,160,398,40.2,B
금호2.3가동,중식,20253,47.6,206,358,57.5,C
금호2.3가동,카페,20253,47.0,169,419,40.3,B
금호2.3가동,패스트푸드/치킨,20253,41.5,247,409,60.4,C
금호2.3가동,편의점,20253,42.7,229,405,56.5,C
금호2.3가동,한식,20253,35.5,346,421,82.2,D
금호4가동,B2B 서비스,20253,16.6,355,368,96.5,D
금호4가동,미용실,20253,40.0,238,419,56.8,C
금호4가동,분식/간식,20253,37.1,361,415,87.0,D
금호4가동,뷰티/화장품,20253,65.9,87,394,22.1,A
금호4가동,생활용품 소매,20253,65.5,98,405,24.2,A
금호4가동,스포츠/레저,20253,58.9,84,395,21.3,A
금호4가동,식품 소매,20253,48.1,222,422,52.6,C
금호4가동,애완동물,20253,68.1,17,147,11.6,A
금호4가동,양식/기타외식,20253,32.4,214,241,88.8,D
금호4가동,예술학원,20253,82.5,4,378,1.1,A
금호4가동,오락/유흥,20253,29.5,325,361,90.0,D
금호4가동,의료/약국,20253,74.9,13,413,3.1,A
금호4가동,의류/패션,20253,42.5,326,402,81.1,D
금호4가동,일반학원,20253,35.4,338,397,85.1,D
금호4가동,전자/통신,20253,15.0,297,309,96.1,D
금호4가동,주점,20253,50.0,170,398,42.7,B
금호4가동,중식,20253,46.0,220,358,61.5,C
금호4가동,카페,20253,45.4,189,419,45.1,B
금호4가동,패스트푸드/치킨,20253,49.3,154,409,37.7,B
금호4가동,편의점,20253,37.7,320,405,79.0,D
금호4가동,한식,20253,38.6,315,421,74.8,C
옥수동,B2B 서비스,20253,25.5,319,368,86.7,D
옥수동,미용실,20253,25.2,409,419,97.6,D
옥수동,분식/간식,20253,51.3,194,415,46.7,B
옥수동,뷰티/화장품,20253,18.1,387,394,98.2,D
옥수동,생활용품 소매,20253,67.0,88,405,21.7,A
옥수동,수리/세탁,20253,70.5,120,382,31.4,B
옥수동,스포츠/레저,20253,55.0,115,395,29.1,B
옥수동,식품 소매,20253,33.5,364,422,86.3,D
옥수동,양식/기타외식,20253,52.3,111,241,46.1,B
옥수동,예술학원,20253,53.3,112,378,29.6,B
옥수동,오락/유흥,20253,50.2,160,361,44.3,B
옥수동,의료/약국,20253,69.3,35,413,8.5,A
옥수동,의류/패션,20253,74.4,68,402,16.9,A
옥수동,일반학원,20253,57.2,82,397,20.7,A
옥수동,일식,20253,71.4,10,279,3.6,A
옥수동,주점,20253,73.2,11,398,2.8,A
옥수동,카페,20253,54.6,99,419,23.6,A
옥수동,패스트푸드/치킨,20253,29.9,388,409,94.9,D
옥수동,편의점,20253,49.1,117,405,28.9,B
옥수동,한식,20253,59.7,139,421,33.0,B
성수1가1동,B2B 서비스,20253,44.2,189,368,51.4,C
성수1가1동,미용실,20253,56.8,60,419,14.3,A
성수1가1동,분식/간식,20253,51.9,187,415,45.1,B
성수1가1동,뷰티/화장품,20253,25.1,359,394,91.1,D
성수1가1동,생활용품 소매,20253,25.3,349,405,86.2,D
성수1가1동,수리/세탁,20253,55.3,229,382,59.9,C
성수1가1동,스포츠/레저,20253,46.2,215,395,54.4,C
성수1가1동,식품 소매,20253,68.2,37,422,8.8,A
성수1가1동,양식/기타외식,20253,61.8,42,241,17.4,A
성수1가1동,예술학원,20253,42.2,217,378,57.4,C
성수1가1동,오락/유흥,20253,50.2,159,361,44.0,B
성수1가1동,의료/약국,20253,54.7,182,413,44.1,B
성수1가1동,의류/패션,20253,51.0,271,402,67.4,C
성수1가1동,일반학원,20253,31.1,370,397,93.2,D
성수1가1동,전자/통신,20253,19.5,283,309,91.6,D
성수1가1동,주점,20253,45.6,221,398,55.5,C
성수1가1동,중식,20253,58.9,75,358,20.9,A
성수1가1동,카페,20253,65.3,45,419,10.7,A
성수1가1동,패스트푸드/치킨,20253,68.4,22,409,5.4,A
성수1가1동,편의점,20253,57.2,48,405,11.9,A
성수1가1동,한식,20253,65.4,92,421,21.9,A
성수1가2동,B2B 서비스,20253,63.1,64,368,17.4,A
성수1가2동,미용실,20253,37.8,262,419,62.5,C
성수1가2동,분식/간식,20253,54.6,155,415,37.3,B
성수1가2동,뷰티/화장품,20253,57.7,130,394,33.0,B
성수1가2동,생활용품 소매,20253,42.4,261,405,64.4,C
성수1가2동,수리/세탁,20253,40.2,316,382,82.7,D
성수1가2동,스포츠/레저,20253,65.2,48,395,12.2,A
성수1가2동,식품 소매,20253,48.3,219,422,51.9,C
성수1가2동,양식/기타외식,20253,58.9,61,241,25.3,B
성수1가2동,예술학원,20253,36.2,285,378,75.4,D
성수1가2동,오락/유흥,20253,50.8,152,361,42.1,B
성수1가2동,의료/약국,20253,31.9,369,413,89.3,D
성수1가2동,의류/패션,20253,47.7,292,402,72.6,C
성수1가2동,일반학원,20253,43.9,246,397,62.0,C
성수1가2동,일식,20253,60.6,36,279,12.9,A
성수1가2동,전자/통신,20253,29.8,240,309,77.7,D
성수1가2동,주점,20253,69.6,25,398,6.3,A
성수1가2동,중식,20253,58.6,77,358,21.5,A
성수1가2동,카페,20253,71.7,25,419,6.0,A
성수1가2동,패스트푸드/치킨,20253,68.1,24,409,5.9,A
성수1가2동,편의점,20253,50.4,101,405,24.9,A
성수1가2동,한식,20253,69.0,70,421,16.6,A
성수2가1동,B2B 서비스,20253,38.9,234,368,63.6,C
성수2가1동,미용실,20253,47.0,151,419,36.0,B
성수2가1동,분식/간식,20253,46.2,258,415,62.2,C
성수2가1동,뷰티/화장품,20253,69.7,66,394,16.8,A
성수2가1동,생활용품 소매,20253,24.8,351,405,86.7,D
성수2가1동,수리/세탁,20253,79.4,47,382,12.3,A
성수2가1동,숙박,20253,19.9,191,194,98.5,D
성수2가1동,스포츠/레저,20253,67.1,42,395,10.6,A
성수2가1동,식품 소매,20253,43.0,275,422,65.2,C
성수2가1동,애완동물,20253,48.3,69,147,46.9,B
성수2가1동,양식/기타외식,20253,41.1,183,241,75.9,D
성수2가1동,오락/유흥,20253,45.5,204,361,56.5,C
성수2가1동,의료/약국,20253,45.0,284,413,68.8,C
성수2가1동,의류/패션,20253,57.6,215,402,53.5,C
성수2가1동,일반학원,20253,66.6,26,397,6.5,A
성수2가1동,일식,20253,41.5,168,279,60.2,C
성수2가1동,전자/통신,20253,16.3,290,309,93.9,D
성수2가1동,주점,20253,63.8,52,398,13.1,A
성수2가1동,중식,20253,42.4,265,358,74.0,C
성수2가1동,카페,20253,58.2,69,419,16.5,A
성수2가1동,패스트푸드/치킨,20253,48.9,159,409,38.9,B
성수2가1동,편의점,20253,58.3,45,405,11.1,A
성수2가1동,한식,20253,70.0,63,421,15.0,A
성수2가3동,B2B 서비스,20253,36.8,246,368,66.8,C
성수2가3동,미용실,20253,46.5,155,419,37.0,B
성수2가3동,분식/간식,20253,55.2,145,415,34.9,B
성수2가3동,뷰티/화장품,20253,53.5,163,394,41.4,B
성수2가3동,생활용품 소매,20253,34.9,306,405,75.6,D
성수2가3동,수리/세탁,20253,66.6,146,382,38.2,B
성수2가3동,스포츠/레저,20253,52.4,141,395,35.7,B
성수2가3동,식품 소매,20253,58.5,110,422,26.1,B
성수2가3동,양식/기타외식,20253,51.9,113,241,46.9,B
성수2가3동,예술학원,20253,41.3,228,378,60.3,C
성수2가3동,오락/유흥,20253,33.6,300,361,83.1,D
성수2가3동,의료/약국,20253,64.1,77,413,18.6,A
성수2가3동,의류/패션,20253,74.6,65,402,16.2,A
성수2가3동,일반학원,20253,63.9,36,397,9.1,A
성수2가3동,일식,20253,40.2,185,279,66.3,C
성수2가3동,전자/통신,20253,40.6,189,309,61.2,C
성수2가3동,주점,20253,50.2,169,398,42.5,B
성수2가3동,중식,20253,59.7,68,358,19.0,A
성수2가3동,카페,20253,41.9,233,419,55.6,C
성수2가3동,패스트푸드/치킨,20253,39.9,274,409,67.0,C
성수2가3동,편의점,20253,49.0,121,405,29.9,B
성수2가3동,한식,20253,59.4,140,421,33.3,B
송정동,B2B 서비스,20253,65.6,45,368,12.2,A
송정동,미용실,20253,45.7,165,419,39.4,B
송정동,분식/간식,20253,41.1,326,415,78.6,D
송정동,뷰티/화장품,20253,85.6,2,394,0.5,A
송정동,생활용품 소매,20253,44.8,245,405,60.5,C
송정동,수리/세탁,20253,66.4,147,382,38.5,B
송정동,숙박,20253,58.0,58,194,29.9,B
송정동,스포츠/레저,20253,39.1,286,395,72.4,C
송정동,식품 소매,20253,52.6,167,422,39.6,B
송정동,오락/유흥,20253,60.3,75,361,20.8,A
송정동,의료/약국,20253,45.5,275,413,66.6,C
송정동,의류/패션,20253,36.5,361,402,89.8,D
송정동,일반학원,20253,86.6,2,397,0.5,A
송정동,주점,20253,55.5,117,398,29.4,B
송정동,카페,20253,56.0,84,419,20.0,A
송정동,패스트푸드/치킨,20253,72.5,12,409,2.9,A
송정동,편의점,20253,52.6,85,405,21.0,A
송정동,한식,20253,54.5,174,421,41.3,B
용답동,B2B 서비스,20253,23.9,336,368,91.3,D
용답동,미용실,20253,49.3,128,419,30.5,B
용답동,분식/간식,20253,44.8,275,415,66.3,C
용답동,뷰티/화장품,20253,46.5,218,394,55.3,C
용답동,생활용품 소매,20253,17.1,388,405,95.8,D
용답동,수리/세탁,20253,29.5,358,382,93.7,D
용답동,스포츠/레저,20253,69.1,36,395,9.1,A
용답동,식품 소매,20253,45.5,256,422,60.7,C
용답동,애완동물,20253,58.1,42,147,28.6,B
용답동,예술학원,20253,30.0,334,378,88.4,D
용답동,오락/유흥,20253,72.6,10,361,2.8,A
용답동,의료/약국,20253,69.9,29,413,7.0,A
용답동,의류/패션,20253,56.7,223,402,55.5,C
용답동,일반학원,20253,35.6,336,397,84.6,D
용답동,일식,20253,50.7,96,279,34.4,B
용답동,전자/통신,20253,77.6,30,309,9.7,A
용답동,주점,20253,74.7,6,398,1.5,A
용답동,중식,20253,32.0,337,358,94.1,D
용답동,카페,20253,51.4,117,419,27.9,B
용답동,패스트푸드/치킨,20253,66.4,30,409,7.3,A
용답동,편의점,20253,55.1,66,405,16.3,A
용답동,한식,20253,53.5,184,421,43.7,B
화양동,B2B 서비스,20253,75.0,14,368,3.8,A
화양동,미용실,20253,39.5,242,419,57.8,C
화양동,분식/간식,20253,61.8,64,415,15.4,A
화양동,뷰티/화장품,20253,45.0,233,394,59.1,C
화양동,생활용품 소매,20253,59.7,130,405,32.1,B
화양동,수리/세탁,20253,58.6,210,382,55.0,C
화양동,숙박,20253,67.2,26,194,13.4,A
화양동,스포츠/레저,20253,51.2,155,395,39.2,B
화양동,식품 소매,20253,58.7,109,422,25.8,B
화양동,양식/기타외식,20253,59.2,57,241,23.7,A
화양동,예술학원,20253,15.5,377,378,99.7,D
화양동,오락/유흥,20253,62.7,59,361,16.3,A
화양동,의료/약국,20253,64.1,78,413,18.9,A
화양동,의류/패션,20253,61.6,184,402,45.8,B
화양동,일반학원,20253,31.0,371,397,93.5,D
화양동,일식,20253,59.2,45,279,16.1,A
화양동,전자/통신,20253,76.0,37,309,12.0,A
화양동,주점,20253,59.4,88,398,22.1,A
화양동,중식,20253,52.5,150,358,41.9,B
화양동,카페,20253,75.5,21,419,5.0,A
화양동,패스트푸드/치킨,20253,76.1,7,409,1.7,A
화양동,편의점,20253,67.8,17,405,4.2,A
화양동,한식,20253,74.1,44,421,10.5,A
군자동,B2B 서비스,20253,8.9,368,368,100.0,D
군자동,미용실,20253,46.1,160,419,38.2,B
군자동,분식/간식,20253,61.2,71,415,17.1,A
군자동,뷰티/화장품,20253,59.5,120,394,30.5,B
군자동,생활용품 소매,20253,36.2,300,405,74.1,C
군자동,수리/세탁,20253,34.1,343,382,89.8,D
군자동,숙박,20253,45.8,115,194,59.3,C
군자동,스포츠/레저,20253,49.1,178,395,45.1,B
군자동,식품 소매,20253,35.9,341,422,80.8,D
군자동,양식/기타외식,20253,55.4,86,241,35.7,B
군자동,예술학원,20253,44.5,189,378,50.0,B
군자동,오락/유흥,20253,44.4,218,361,60.4,C
군자동,의료/약국,20253,33.7,361,413,87.4,D
군자동,의류/패션,20253,37.2,359,402,89.3,D
군자동,일반학원,20253,35.7,335,397,84.4,D
군자동,일식,20253,49.5,104,279,37.3,B
군자동,주점,20253,38.2,297,398,74.6,C
군자동,중식,20253,62.1,47,358,13.1,A
군자동,카페,20253,76.7,16,419,3.8,A
군자동,패스트푸드/치킨,20253,68.2,23,409,5.6,A
군자동,편의점,20253,55.2,64,405,15.8,A
군자동,한식,20253,66.6,85,421,20.2,A
중곡1동,B2B 서비스,20253,48.2,158,368,42.9,B
중곡1동,미용실,20253,31.4,352,419,84.0,D
중곡1동,분식/간식,20253,56.1,127,415,30.6,B
중곡1동,뷰티/화장품,20253,86.3,1,394,0.3,A
중곡1동,생활용품 소매,20253,23.7,358,405,88.4,D
중곡1동,수리/세탁,20253,45.1,279,382,73.0,C
중곡1동,숙박,20253,51.1,91,194,46.9,B
중곡1동,스포츠/레저,20253,48.6,184,395,46.6,B
중곡1동,식품 소매,20253,59.6,104,422,24.6,A
중곡1동,애완동물,20253,46.8,76,147,51.7,C
중곡1동,예술학원,20253,42.4,216,378,57.1,C
중곡1동,오락/유흥,20253,64.5,43,361,11.9,A
중곡1동,의료/약국,20253,38.8,338,413,81.8,D
중곡1동,의류/패션,20253,46.1,300,402,74.6,C
중곡1동,일반학원,20253,37.6,314,397,79.1,D
중곡1동,일식,20253,27.5,258,279,92.5,D
중곡1동,주점,20253,59.5,86,398,21.6,A
중곡1동,중식,20253,38.4,291,358,81.3,D
중곡1동,카페,20253,63.2,49,419,11.7,A
중곡1동,패스트푸드/치킨,20253,63.9,44,409,10.8,A
중곡1동,편의점,20253,48.0,141,405,34.8,B
중곡1동,한식,20253,57.6,153,421,36.3,B
중곡2동,B2B 서비스,20253,46.3,175,368,47.6,B
중곡2동,미용실,20253,53.9,86,419,20.5,A
중곡2동,분식/간식,20253,43.1,301,415,72.5,C
중곡2동,뷰티/화장품,20253,47.2,211,394,53.6,C
중곡2동,생활용품 소매,20253,27.9,336,405,83.0,D
중곡2동,수리/세탁,20253,33.7,346,382,90.6,D
중곡2동,숙박,20253,36.2,155,194,79.9,D
중곡2동,스포츠/레저,20253,36.2,325,395,82.3,D
중곡2동,식품 소매,20253,55.2,145,422,34.4,B
중곡2동,예술학원,20253,50.8,127,378,33.6,B
중곡2동,오락/유흥,20253,58.6,83,361,23.0,A
중곡2동,의료/약국,20253,51.7,220,413,53.3,C
중곡2동,의류/패션,20253,75.0,60,402,14.9,A
중곡2동,일반학원,20253,37.7,313,397,78.8,D
중곡2동,일식,20253,31.6,234,279,83.9,D
중곡2동,주점,20253,37.0,308,398,77.4,D
중곡2동,중식,20253,38.2,295,358,82.4,D
중곡2동,카페,20253,49.9,132,419,31.5,B
중곡2동,패스트푸드/치킨,20253,39.2,285,409,69.7,C
중곡2동,편의점,20253,40.8,257,405,63.5,C
중곡2동,한식,20253,57.3,156,421,37.1,B
중곡3동,B2B 서비스,20253,65.7,44,368,12.0,A
중곡3동,미용실,20253,35.9,292,419,69.7,C
중곡3동,분식/간식,20253,48.6,225,415,54.2,C
중곡3동,뷰티/화장품,20253,26.9,347,394,88.1,D
중곡3동,생활용품 소매,20253,39.3,280,405,69.1,C
중곡3동,수리/세탁,20253,40.3,314,382,82.2,D
중곡3동,숙박,20253,24.9,182,194,93.8,D
중곡3동,스포츠/레저,20253,35.7,330,395,83.5,D
중곡3동,식품 소매,20253,46.0,246,422,58.3,C
중곡3동,애완동물,20253,68.3,16,147,10.9,A
중곡3동,양식/기타외식,20253,47.6,143,241,59.3,C
중곡3동,예술학원,20253,57.2,86,378,22.8,A
중곡3동,오락/유흥,20253,39.1,266,361,73.7,C
중곡3동,의료/약국,20253,60.0,115,413,27.8,B
중곡3동,의류/패션,20253,46.8,297,402,73.9,C
중곡3동,일반학원,20253,49.5,174,397,43.8,B
중곡3동,전자/통신,20253,25.9,253,309,81.9,D
중곡3동,주점,20253,66.1,41,398,10.3,A
중곡3동,중식,20253,51.5,165,358,46.1,B
중곡3동,카페,20253,44.5,200,419,47.7,B
중곡3동,패스트푸드/치킨,20253,41.5,248,409,60.6,C
중곡3동,편의점,20253,43.3,221,405,54.6,C
중곡3동,한식,20253,47.5,238,421,56.5,C
중곡4동,B2B 서비스,20253,26.4,315,368,85.6,D
중곡4동,미용실,20253,43.9,180,419,43.0,B
중곡4동,분식/간식,20253,58.2,98,415,23.6,A
중곡4동,뷰티/화장품,20253,77.2,26,394,6.6,A
중곡4동,생활용품 소매,20253,61.7,119,405,29.4,B
중곡4동,수리/세탁,20253,45.6,275,382,72.0,C
중곡4동,숙박,20253,48.5,103,194,53.1,C
중곡4동,스포츠/레저,20253,52.5,139,395,35.2,B
중곡4동,식품 소매,20253,60.8,97,422,23.0,A
중곡4동,예술학원,20253,43.6,198,378,52.4,C
중곡4동,오락/유흥,20253,52.0,141,361,39.1,B
중곡4동,의료/약국,20253,54.0,193,413,46.7,B
중곡4동,의류/패션,20253,56.6,224,402,55.7,C
중곡4동,일반학원,20253,33.6,353,397,88.9,D
중곡4동,일식,20253,27.2,260,279,93.2,D
중곡4동,전자/통신,20253,20.7,272,309,88.0,D
중곡4동,주점,20253,24.6,381,398,95.7,D
중곡4동,중식,20253,41.3,271,358,75.7,D
중곡4동,카페,20253,34.8,321,419,76.6,D
중곡4동,패스트푸드/치킨,20253,48.7,163,409,39.9,B
중곡4동,편의점,20253,39.9,281,405,69.4,C
중곡4동,한식,20253,54.8,169,421,40.1,B
능동,B2B 서비스,20253,57.4,92,368,25.0,A
능동,미용실,20253,37.3,268,419,64.0,C
능동,분식/간식,20253,53.9,158,415,38.1,B
능동,뷰티/화장품,20253,73.1,49,394,12.4,A
능동,생활용품 소매,20253,48.9,209,405,51.6,C
능동,수리/세탁,20253,49.9,257,382,67.3,C
능동,스포츠/레저,20253,66.5,45,395,11.4,A
능동,식품 소매,20253,38.2,324,422,76.8,D
능동,양식/기타외식,20253,65.8,26,241,10.8,A
능동,예술학원,20253,25.7,354,378,93.7,D
능동,오락/유흥,20253,61.7,63,361,17.5,A
능동,의료/약국,20253,41.6,313,413,75.8,D
능동,의류/패션,20253,53.5,249,402,61.9,C
능동,일반학원,20253,47.2,212,397,53.4,C
능동,일식,20253,58.3,52,279,18.6,A
능동,전자/통신,20253,51.9,132,309,42.7,B
능동,주점,20253,40.7,272,398,68.3,C
능동,카페,20253,50.8,123,419,29.4,B
능동,패스트푸드/치킨,20253,60.2,56,409,13.7,A
능동,편의점,20253,44.3,204,405,50.4,C
능동,한식,20253,44.1,266,421,63.2,C
광장동,B2B 서비스,20253,47.7,162,368,44.0,B
광장동,미용실,20253,74.1,9,419,2.1,A
광장동,분식/간식,20253,55.7,135,415,32.5,B
광장동,뷰티/화장품,20253,45.4,227,394,57.6,C
광장동,생활용품 소매,20253,69.5,72,405,17.8,A
광장동,수리/세탁,20253,75.3,79,382,20.7,A
광장동,숙박,20253,29.2,174,194,89.7,D
광장동,스포츠/레저,20253,69.8,33,395,8.4,A
광장동,식품 소매,20253,28.5,394,422,93.4,D
광장동,애완동물,20253,31.6,125,147,85.0,D
광장동,양식/기타외식,20253,33.8,209,241,86.7,D
광장동,예술학원,20253,40.5,235,378,62.2,C
광장동,오락/유흥,20253,80.6,4,361,1.1,A
광장동,의료/약국,20253,40.3,325,413,78.7,D
광장동,의류/패션,20253,25.3,389,402,96.8,D
광장동,일반학원,20253,59.3,68,397,17.1,A
광장동,일식,20253,53.9,77,279,27.6,B
광장동,주점,20253,68.9,28,398,7.0,A
광장동,중식,20253,39.8,277,358,77.4,D
광장동,카페,20253,48.1,154,419,36.8,B
광장동,패스트푸드/치킨,20253,31.0,381,409,93.2,D
광장동,편의점,20253,45.5,180,405,44.4,B
광장동,한식,20253,70.8,56,421,13.3,A
자양1동,B2B 서비스,20253,43.0,202,368,54.9,C
자양1동,미용실,20253,30.3,359,419,85.7,D
자양1동,분식/간식,20253,71.3,18,415,4.3,A
자양1동,뷰티/화장품,20253,77.5,22,394,5.6,A
자양1동,생활용품 소매,20253,72.2,50,405,12.3,A
자양1동,수리/세탁,20253,62.5,186,382,48.7,B
자양1동,스포츠/레저,20253,50.6,167,395,42.3,B
자양1동,식품 소매,20253,46.7,238,422,56.4,C
자양1동,양식/기타외식,20253,84.9,1,241,0.4,A
자양1동,예술학원,20253,21.7,369,378,97.6,D
자양1동,오락/유흥,20253,33.7,299,361,82.8,D
자양1동,의료/약국,20253,45.3,277,413,67.1,C
자양1동,의류/패션,20253,62.9,167,402,41.5,B
자양1동,일반학원,20253,30.8,372,397,93.7,D
자양1동,전자/통신,20253,75.4,40,309,12.9,A
자양1동,주점,20253,64.2,49,398,12.3,A
자양1동,중식,20253,50.3,180,358,50.3,C
자양1동,카페,20253,49.3,140,419,33.4,B
자양1동,패스트푸드/치킨,20253,40.5,261,409,63.8,C
자양1동,편의점,20253,47.1,152,405,37.5,B
자양1동,한식,20253,60.3,132,421,31.4,B
자양2동,B2B 서비스,20253,34.0,266,368,72.3,C
자양2동,미용실,20253,31.7,349,419,83.3,D
자양2동,분식/간식,20253,32.3,393,415,94.7,D
자양2동,뷰티/화장품,20253,30.9,320,394,81.2,D
자양2동,생활용품 소매,20253,61.0,121,405,29.9,B
자양2동,수리/세탁,20253,39.0,321,382,84.0,D
자양2동,스포츠/레저,20253,74.7,13,395,3.3,A
자양2동,식품 소매,20253,50.2,202,422,47.9,B
자양2동,양식/기타외식,20253,60.7,50,241,20.7,A
자양2동,예술학원,20253,43.2,203,378,53.7,C
자양2동,오락/유흥,20253,28.7,329,361,91.1,D
자양2동,의료/약국,20253,46.3,269,413,65.1,C
자양2동,의류/패션,20253,79.6,24,402,6.0,A
자양2동,일반학원,20253,43.6,249,397,62.7,C
자양2동,일식,20253,66.8,16,279,5.7,A
자양2동,전자/통신,20253,42.4,176,309,57.0,C
자양2동,주점,20253,51.9,150,398,37.7,B
자양2동,중식,20253,49.3,188,358,52.5,C
자양2동,카페,20253,28.5,381,419,90.9,D
자양2동,패스트푸드/치킨,20253,46.0,194,409,47.4,B
자양2동,편의점,20253,47.8,143,405,35.3,B
자양2동,한식,20253,37.6,328,421,77.9,D
자양3동,B2B 서비스,20253,58.2,83,368,22.6,A
자양3동,미용실,20253,42.4,202,419,48.2,B
자양3동,분식/간식,20253,27.4,412,415,99.3,D
자양3동,뷰티/화장품,20253,64.2,95,394,24.1,A
자양3동,생활용품 소매,20253,54.3,169,405,41.7,B
자양3동,수리/세탁,20253,52.5,245,382,64.1,C
자양3동,숙박,20253,48.4,105,194,54.1,C
자양3동,스포츠/레저,20253,33.7,345,395,87.3,D
자양3동,식품 소매,20253,41.6,290,422,68.7,C
자양3동,양식/기타외식,20253,43.7,170,241,70.5,C
자양3동,예술학원,20253,36.3,284,378,75.1,D
자양3동,오락/유흥,20253,47.0,184,361,51.0,C
자양3동,의료/약국,20253,35.5,353,413,85.5,D
자양3동,의류/패션,20253,39.9,343,402,85.3,D
자양3동,일반학원,20253,48.5,192,397,48.4,B
자양3동,일식,20253,58.5,50,279,17.9,A
자양3동,전자/통신,20253,12.2,304,309,98.4,D
자양3동,주점,20253,44.8,234,398,58.8,C
자양3동,중식,20253,50.9,172,358,48.0,B
자양3동,카페,20253,53.1,103,419,24.6,A
자양3동,패스트푸드/치킨,20253,39.8,278,409,68.0,C
자양3동,편의점,20253,25.8,405,405,100.0,D
자양3동,한식,20253,48.5,232,421,55.1,C
자양4동,B2B 서비스,20253,43.3,200,368,54.3,C
자양4동,미용실,20253,37.4,267,419,63.7,C
자양4동,분식/간식,20253,66.6,33,415,8.0,A
자양4동,뷰티/화장품,20253,33.0,310,394,78.7,D
자양4동,생활용품 소매,20253,49.8,203,405,50.1,C
자양4동,수리/세탁,20253,55.1,231,382,60.5,C
자양4동,숙박,20253,34.7,159,194,82.0,D
자양4동,스포츠/레저,20253,55.6,108,395,27.3,B
자양4동,식품 소매,20253,56.3,133,422,31.5,B
자양4동,양식/기타외식,20253,63.1,38,241,15.8,A
자양4동,예술학원,20253,28.1,346,378,91.5,D
자양4동,오락/유흥,20253,56.9,94,361,26.0,B
자양4동,의료/약국,20253,58.7,125,413,30.3,B
자양4동,의류/패션,20253,61.2,188,402,46.8,B
자양4동,일반학원,20253,39.7,289,397,72.8,C
자양4동,전자/통신,20253,73.4,46,309,14.9,A
자양4동,주점,20253,64.5,46,398,11.6,A
자양4동,중식,20253,52.6,147,358,41.1,B
자양4동,카페,20253,56.4,80,419,19.1,A
자양4동,패스트푸드/치킨,20253,56.2,89,409,21.8,A
자양4동,편의점,20253,63.9,23,405,5.7,A
자양4동,한식,20253,68.2,74,421,17.6,A
구의1동,B2B 서비스,20253,48.3,156,368,42.4,B
구의1동,미용실,20253,65.9,24,419,5.7,A
구의1동,분식/간식,20253,53.6,165,415,39.8,B
구의1동,뷰티/화장품,20253,31.6,316,394,80.2,D
구의1동,생활용품 소매,20253,42.5,260,405,64.2,C
구의1동,수리/세탁,20253,75.4,78,382,20.4,A
구의1동,숙박,20253,54.1,73,194,37.6,B
구의1동,스포츠/레저,20253,55.6,110,395,27.8,B
구의1동,식품 소매,20253,46.1,243,422,57.6,C
구의1동,애완동물,20253,47.2,75,147,51.0,C
구의1동,양식/기타외식,20253,32.3,215,241,89.2,D
구의1동,예술학원,20253,78.1,9,378,2.4,A
구의1동,오락/유흥,20253,60.0,78,361,21.6,A
구의1동,의료/약국,20253,30.0,379,413,91.8,D
구의1동,의류/패션,20253,64.9,145,402,36.1,B
구의1동,일반학원,20253,38.5,306,397,77.1,D
구의1동,일식,20253,44.7,140,279,50.2,C
구의1동,전자/통신,20253,41.9,180,309,58.3,C
구의1동,주점,20253,42.7,253,398,63.6,C
구의1동,중식,20253,55.8,112,358,31.3,B
구의1동,카페,20253,45.8,184,419,43.9,B
구의1동,패스트푸드/치킨,20253,67.6,26,409,6.4,A
구의1동,편의점,20253,55.9,57,405,14.1,A
구의1동,한식,20253,67.2,81,421,19.2,A
구의2동,B2B 서비스,20253,52.7,123,368,33.4,B
구의2동,미용실,20253,45.1,170,419,40.6,B
구의2동,분식/간식,20253,62.5,61,415,14.7,A
구의2동,뷰티/화장품,20253,23.3,369,394,93.7,D
구의2동,생활용품 소매,20253,65.2,100,405,24.7,A
구의2동,수리/세탁,20253,24.4,366,382,95.8,D
구의2동,숙박,20253,38.8,139,194,71.6,C
구의2동,스포츠/레저,20253,62.3,63,395,15.9,A
구의2동,식품 소매,20253,55.0,149,422,35.3,B
구의2동,애완동물,20253,53.5,51,147,34.7,B
구의2동,예술학원,20253,26.5,351,378,92.9,D
구의2동,오락/유흥,20253,34.9,287,361,79.5,D
구의2동,의료/약국,20253,58.2,132,413,32.0,B
구의2동,의류/패션,20253,55.9,231,402,57.5,C
구의2동,일반학원,20253,42.1,265,397,66.8,C
구의2동,일식,20253,45.5,135,279,48.4,B
구의2동,전자/통신,20253,11.7,305,309,98.7,D
구의2동,주점,20253,54.4,123,398,30.9,B
구의2동,중식,20253,39.7,279,358,77.9,D
구의2동,카페,20253,41.2,244,419,58.2,C
구의2동,패스트푸드/치킨,20253,44.8,205,409,50.1,C
구의2동,편의점,20253,47.1,153,405,37.8,B
구의2동,한식,20253,43.1,274,421,65.1,C
구의3동,B2B 서비스,20253,26.2,317,368,86.1,D
구의3동,미용실,20253,46.6,154,419,36.8,B
구의3동,분식/간식,20253,51.7,190,415,45.8,B
구의3동,뷰티/화장품,20253,76.8,29,394,7.4,A
구의3동,생활용품 소매,20253,37.8,290,405,71.6,C
구의3동,수리/세탁,20253,79.0,48,382,12.6,A
구의3동,숙박,20253,53.3,77,194,39.7,B
구의3동,스포츠/레저,20253,40.4,274,395,69.4,C
구의3동,식품 소매,20253,45.5,255,422,60.4,C
구의3동,양식/기타외식,20253,60.4,53,241,22.0,A
구의3동,예술학원,20253,42.8,210,378,55.6,C
구의3동,오락/유흥,20253,39.7,263,361,72.9,C
구의3동,의료/약국,20253,45.2,279,413,67.6,C
구의3동,의류/패션,20253,56.5,225,402,56.0,C
구의3동,일반학원,20253,45.9,228,397,57.4,C
구의3동,일식,20253,56.7,57,279,20.4,A
구의3동,전자/통신,20253,43.8,171,309,55.3,C
구의3동,주점,20253,47.2,203,398,51.0,C
구의3동,중식,20253,52.6,148,358,41.3,B
구의3동,카페,20253,35.4,311,419,74.2,C
구의3동,패스트푸드/치킨,20253,44.2,216,409,52.8,C
구의3동,편의점,20253,40.4,266,405,65.7,C
구의3동,한식,20253,60.4,131,421,31.1,B
용신동,B2B 서비스,20253,47.7,161,368,43.8,B
용신동,미용실,20253,76.3,5,419,1.2,A
용신동,분식/간식,20253,61.6,66,415,15.9,A
용신동,뷰티/화장품,20253,53.2,165,394,41.9,B
용신동,생활용품 소매,20253,48.6,213,405,52.6,C
용신동,수리/세탁,20253,56.0,220,382,57.6,C
용신동,숙박,20253,72.3,12,194,6.2,A
용신동,스포츠/레저,20253,44.8,229,395,58.0,C
용신동,식품 소매,20253,46.4,240,422,56.9,C
용신동,양식/기타외식,20253,29.8,223,241,92.5,D
용신동,예술학원,20253,50.0,133,378,35.2,B
용신동,오락/유흥,20253,35.6,282,361,78.1,D
용신동,의료/약국,20253,64.4,72,413,17.4,A
용신동,의류/패션,20253,83.0,10,402,2.5,A
용신동,일반학원,20253,48.8,186,397,46.9,B
용신동,일식,20253,58.8,48,279,17.2,A
용신동,전자/통신,20253,37.9,208,309,67.3,C
용신동,주점,20253,23.2,386,398,97.0,D
용신동,중식,20253,57.8,88,358,24.6,A
용신동,카페,20253,62.6,52,419,12.4,A
용신동,패스트푸드/치킨,20253,54.1,103,409,25.2,B
용신동,편의점,20253,59.7,36,405,8.9,A
용신동,한식,20253,70.7,57,421,13.5,A
제기동,B2B 서비스,20253,51.0,133,368,36.1,B
제기동,미용실,20253,37.1,271,419,64.7,C
제기동,분식/간식,20253,70.1,22,415,5.3,A
제기동,뷰티/화장품,20253,83.7,5,394,1.3,A
제기동,생활용품 소매,20253,63.5,111,405,27.4,B
제기동,수리/세탁,20253,41.9,303,382,79.3,D
제기동,숙박,20253,69.5,17,194,8.8,A
제기동,스포츠/레저,20253,33.9,344,395,87.1,D
제기동,식품 소매,20253,32.0,373,422,88.4,D
제기동,애완동물,20253,30.0,130,147,88.4,D
제기동,양식/기타외식,20253,54.8,93,241,38.6,B
제기동,예술학원,20253,58.0,83,378,22.0,A
제기동,오락/유흥,20253,28.4,331,361,91.7,D
제기동,의료/약국,20253,47.0,263,413,63.7,C
제기동,의류/패션,20253,35.3,364,402,90.5,D
제기동,일반학원,20253,49.3,176,397,44.3,B
제기동,일식,20253,75.4,6,279,2.2,A
제기동,전자/통신,20253,69.7,54,309,17.5,A
제기동,주점,20253,58.4,94,398,23.6,A
제기동,중식,20253,61.1,53,358,14.8,A
제기동,카페,20253,84.7,11,419,2.6,A
제기동,패스트푸드/치킨,20253,58.4,74,409,18.1,A
제기동,편의점,20253,63.0,25,405,6.2,A
제기동,한식,20253,68.1,77,421,18.3,A
전농1동,B2B 서비스,20253,30.0,295,368,80.2,D
전농1동,미용실,20253,34.4,315,419,75.2,D
전농1동,분식/간식,20253,57.5,109,415,26.3,B
전농1동,뷰티/화장품,20253,66.4,82,394,20.8,A
전농1동,생활용품 소매,20253,66.9,89,405,22.0,A
전농1동,수리/세탁,20253,84.3,15,382,3.9,A
전농1동,숙박,20253,66.3,28,194,14.4,A
전농1동,스포츠/레저,20253,70.9,30,395,7.6,A
전농1동,식품 소매,20253,47.4,231,422,54.7,C
전농1동,애완동물,20253,69.5,15,147,10.2,A
전농1동,예술학원,20253,55.3,98,378,25.9,B
전농1동,오락/유흥,20253,43.5,228,361,63.2,C
전농1동,의료/약국,20253,53.0,206,413,49.9,B
전농1동,의류/패션,20253,62.3,173,402,43.0,B
전농1동,일반학원,20253,28.1,384,397,96.7,D
전농1동,일식,20253,31.0,240,279,86.0,D
전농1동,전자/통신,20253,85.1,12,309,3.9,A
전농1동,주점,20253,47.8,195,398,49.0,B
전농1동,중식,20253,56.3,109,358,30.4,B
전농1동,카페,20253,50.6,127,419,30.3,B
전농1동,패스트푸드/치킨,20253,64.1,42,409,10.3,A
전농1동,편의점,20253,47.0,154,405,38.0,B
전농1동,한식,20253,60.2,133,421,31.6,B
전농2동,B2B 서비스,20253,36.4,251,368,68.2,C
전농2동,미용실,20253,67.0,19,419,4.5,A
전농2동,분식/간식,20253,53.1,170,415,41.0,B
전농2동,뷰티/화장품,20253,54.9,147,394,37.3,B
전농2동,생활용품 소매,20253,35.0,304,405,75.1,D
전농2동,수리/세탁,20253,43.9,286,382,74.9,C
전농2동,스포츠/레저,20253,38.0,305,395,77.2,D
전농2동,식품 소매,20253,46.8,236,422,55.9,C
전농2동,양식/기타외식,20253,59.8,55,241,22.8,A
전농2동,예술학원,20253,48.0,148,378,39.2,B
전농2동,오락/유흥,20253,45.5,205,361,56.8,C
전농2동,의료/약국,20253,24.8,398,413,96.4,D
전농2동,의류/패션,20253,70.1,105,402,26.1,B
전농2동,일반학원,20253,53.8,120,397,30.2,B
전농2동,주점,20253,35.5,324,398,81.4,D
전농2동,중식,20253,35.3,318,358,88.8,D
전농2동,카페,20253,66.2,40,419,9.5,A
전농2동,패스트푸드/치킨,20253,59.8,60,409,14.7,A
전농2동,편의점,20253,52.0,88,405,21.7,A
전농2동,한식,20253,37.2,334,421,79.3,D
답십리1동,B2B 서비스,20253,53.5,118,368,32.1,B
답십리1동,미용실,20253,52.4,96,419,22.9,A
답십리1동,분식/간식,20253,46.2,256,415,61.7,C
답십리1동,뷰티/화장품,20253,52.4,170,394,43.1,B
답십리1동,생활용품 소매,20253,50.3,198,405,48.9,B
답십리1동,수리/세탁,20253,75.5,75,382,19.6,A
답십리1동,숙박,20253,43.2,124,194,63.9,C
답십리1동,스포츠/레저,20253,34.2,342,395,86.6,D
답십리1동,식품 소매,20253,49.4,208,422,49.3,B
답십리1동,예술학원,20253,30.0,335,378,88.6,D
답십리1동,오락/유흥,20253,71.5,11,361,3.0,A
답십리1동,의료/약국,20253,53.5,198,413,47.9,B
답십리1동,의류/패션,20253,49.6,279,402,69.4,C
답십리1동,일반학원,20253,46.2,224,397,56.4,C
답십리1동,주점,20253,38.8,290,398,72.9,C
답십리1동,카페,20253,54.7,96,419,22.9,A
답십리1동,패스트푸드/치킨,20253,57.2,82,409,20.0,A
답십리1동,편의점,20253,42.9,224,405,55.3,C
답십리1동,한식,20253,46.3,251,421,59.6,C
답십리2동,B2B 서비스,20253,33.8,269,368,73.1,C
답십리2동,미용실,20253,45.5,168,419,40.1,B
답십리2동,분식/간식,20253,39.1,345,415,83.1,D
답십리2동,뷰티/화장품,20253,31.3,318,394,80.7,D
답십리2동,생활용품 소매,20253,39.3,279,405,68.9,C
답십리2동,수리/세탁,20253,81.7,34,382,8.9,A
답십리2동,스포츠/레저,20253,59.5,81,395,20.5,A
답십리2동,식품 소매,20253,51.6,185,422,43.8,B
답십리2동,애완동물,20253,57.5,45,147,30.6,B
답십리2동,예술학원,20253,67.1,32,378,8.5,A
답십리2동,오락/유흥,20253,48.3,175,361,48.5,B
답십리2동,의료/약국,20253,60.9,101,413,24.5,A
답십리2동,의류/패션,20253,41.8,329,402,81.8,D
답십리2동,일반학원,20253,31.9,366,397,92.2,D
답십리2동,일식,20253,26.6,263,279,94.3,D
답십리2동,전자/통신,20253,39.2,200,309,64.7,C
답십리2동,주점,20253,25.0,379,398,95.2,D
답십리2동,중식,20253,36.0,312,358,87.2,D
답십리2동,카페,20253,47.5,164,419,39.1,B
답십리2동,패스트푸드/치킨,20253,29.6,391,409,95.6,D
답십리2동,편의점,20253,43.4,219,405,54.1,C
답십리2동,한식,20253,38.1,323,421,76.7,D
장안1동,B2B 서비스,20253,28.1,304,368,82.6,D
장안1동,미용실,20253,54.1,85,419,20.3,A
장안1동,분식/간식,20253,46.6,254,415,61.2,C
장안1동,뷰티/화장품,20253,43.1,247,394,62.7,C
장안1동,생활용품 소매,20253,29.3,329,405,81.2,D
장안1동,수리/세탁,20253,68.4,137,382,35.9,B
장안1동,숙박,20253,67.9,23,194,11.9,A
장안1동,스포츠/레저,20253,40.1,277,395,70.1,C
장안1동,식품 소매,20253,48.0,223,422,52.8,C
장안1동,애완동물,20253,62.8,33,147,22.4,A
장안1동,예술학원,20253,33.1,311,378,82.3,D
장안1동,오락/유흥,20253,64.7,39,361,10.8,A
장안1동,의료/약국,20253,58.4,127,413,30.8,B
장안1동,의류/패션,20253,44.2,309,402,76.9,D
장안1동,일반학원,20253,46.2,223,397,56.2,C
장안1동,일식,20253,48.1,114,279,40.9,B
장안1동,전자/통신,20253,67.9,65,309,21.0,A
장안1동,주점,20253,57.5,96,398,24.1,A
장안1동,중식,20253,48.2,200,358,55.9,C
장안1동,카페,20253,37.3,288,419,68.7,C
장안1동,패스트푸드/치킨,20253,38.0,299,409,73.1,C
장안1동,편의점,20253,39.9,282,405,69.6,C
장안1동,한식,20253,46.7,244,421,58.0,C
장안2동,B2B 서비스,20253,52.7,122,368,33.2,B
장안2동,미용실,20253,41.2,221,419,52.7,C
장안2동,분식/간식,20253,31.8,395,415,95.2,D
장안2동,뷰티/화장품,20253,73.5,46,394,11.7,A
장안2동,생활용품 소매,20253,50.0,201,405,49.6,B
장안2동,수리/세탁,20253,80.2,42,382,11.0,A
장안2동,숙박,20253,29.0,176,194,90.7,D
장안2동,스포츠/레저,20253,65.1,50,395,12.7,A
장안2동,식품 소매,20253,52.0,178,422,42.2,B
장안2동,양식/기타외식,20253,34.2,207,241,85.9,D
장안2동,예술학원,20253,35.7,291,378,77.0,D
장안2동,오락/유흥,20253,43.0,234,361,64.8,C
장안2동,의료/약국,20253,24.7,400,413,96.9,D
장안2동,의류/패션,20253,75.6,54,402,13.4,A
장안2동,일반학원,20253,48.7,190,397,47.9,B
장안2동,일식,20253,60.1,40,279,14.3,A
장안2동,전자/통신,20253,27.8,244,309,79.0,D
장안2동,주점,20253,40.4,276,398,69.3,C
장안2동,중식,20253,29.7,346,358,96.6,D
장안2동,카페,20253,33.8,325,419,77.6,D
장안2동,패스트푸드/치킨,20253,36.6,317,409,77.5,D
장안2동,편의점,20253,53.3,83,405,20.5,A
장안2동,한식,20253,29.1,387,421,91.9,D
청량리동,B2B 서비스,20253,28.4,302,368,82.1,D
청량리동,미용실,20253,65.6,25,419,6.0,A
청량리동,분식/간식,20253,48.3,232,415,55.9,C
청량리동,뷰티/화장품,20253,27.3,342,394,86.8,D
청량리동,생활용품 소매,20253,16.0,393,405,97.0,D
청량리동,수리/세탁,20253,59.7,205,382,53.7,C
청량리동,숙박,20253,54.6,70,194,36.1,B
청량리동,스포츠/레저,20253,44.1,238,395,60.3,C
청량리동,식품 소매,20253,41.5,291,422,69.0,C
청량리동,양식/기타외식,20253,37.7,195,241,80.9,D
청량리동,예술학원,20253,75.0,13,378,3.4,A
청량리동,오락/유흥,20253,28.1,333,361,92.2,D
청량리동,의료/약국,20253,59.3,120,413,29.1,B
청량리동,의류/패션,20253,71.5,99,402,24.6,A
청량리동,일반학원,20253,56.2,93,397,23.4,A
청량리동,일식,20253,26.1,267,279,95.7,D
청량리동,전자/통신,20253,20.7,273,309,88.3,D
청량리동,주점,20253,26.3,371,398,93.2,D
청량리동,중식,20253,48.3,198,358,55.3,C
청량리동,카페,20253,52.0,109,419,26.0,B
청량리동,패스트푸드/치킨,20253,59.1,70,409,17.1,A
청량리동,편의점,20253,39.8,283,405,69.9,C
청량리동,한식,20253,60.1,136,421,32.3,B
회기동,미용실,20253,28.5,381,419,90.9,D
회기동,분식/간식,20253,82.8,2,415,0.5,A
회기동,뷰티/화장품,20253,26.7,349,394,88.6,D
회기동,생활용품 소매,20253,19.7,378,405,93.3,D
회기동,숙박,20253,29.3,173,194,89.2,D
회기동,스포츠/레저,20253,41.2,266,395,67.3,C
회기동,식품 소매,20253,81.6,3,422,0.7,A
회기동,양식/기타외식,20253,44.2,164,241,68.0,C
회기동,예술학원,20253,65.3,36,378,9.5,A
회기동,오락/유흥,20253,64.2,49,361,13.6,A
회기동,의료/약국,20253,34.0,359,413,86.9,D
회기동,의류/패션,20253,55.4,238,402,59.2,C
회기동,일반학원,20253,78.9,7,397,1.8,A
회기동,일식,20253,77.9,4,279,1.4,A
회기동,전자/통신,20253,41.2,184,309,59.5,C
회기동,주점,20253,72.0,16,398,4.0,A
회기동,중식,20253,88.3,1,358,0.3,A
회기동,카페,20253,93.7,3,419,0.7,A
회기동,패스트푸드/치킨,20253,90.0,4,409,1.0,A
회기동,편의점,20253,63.3,24,405,5.9,A
회기동,한식,20253,89.6,3,421,0.7,A
휘경1동,B2B 서비스,20253,39.8,226,368,61.4,C
휘경1동,미용실,20253,38.0,259,419,61.8,C
휘경1동,분식/간식,20253,33.8,384,415,92.5,D
휘경1동,뷰티/화장품,20253,45.2,229,394,58.1,C
휘경1동,생활용품 소매,20253,62.3,116,405,28.6,B
휘경1동,수리/세탁,20253,68.4,138,382,36.1,B
휘경1동,숙박,20253,58.7,57,194,29.4,B
휘경1동,스포츠/레저,20253,71.0,29,395,7.3,A
휘경1동,식품 소매,20253,54.0,160,422,37.9,B
휘경1동,양식/기타외식,20253,51.2,119,241,49.4,B
휘경1동,예술학원,20253,28.3,345,378,91.3,D
휘경1동,오락/유흥,20253,33.5,303,361,83.9,D
휘경1동,의료/약국,20253,43.8,292,413,70.7,C
휘경1동,의류/패션,20253,65.6,136,402,33.8,B
휘경1동,일반학원,20253,59.0,72,397,18.1,A
휘경1동,일식,20253,30.7,243,279,87.1,D
휘경1동,전자/통신,20253,16.2,291,309,94.2,D
휘경1동,주점,20253,45.7,219,398,55.0,C
휘경1동,중식,20253,42.5,263,358,73.5,C
휘경1동,카페,20253,31.7,346,419,82.6,D
휘경1동,패스트푸드/치킨,20253,49.4,151,409,36.9,B
휘경1동,편의점,20253,39.8,284,405,70.1,C
휘경1동,한식,20253,51.8,200,421,47.5,B
휘경2동,B2B 서비스,20253,43.2,201,368,54.6,C
휘경2동,미용실,20253,79.1,2,419,0.5,A
휘경2동,분식/간식,20253,42.5,307,415,74.0,C
휘경2동,뷰티/화장품,20253,31.5,317,394,80.5,D
휘경2동,생활용품 소매,20253,77.3,24,405,5.9,A
휘경2동,수리/세탁,20253,67.6,142,382,37.2,B
휘경2동,스포츠/레저,20253,52.0,143,395,36.2,B
휘경2동,식품 소매,20253,52.1,176,422,41.7,B
휘경2동,예술학원,20253,57.0,89,378,23.5,A
휘경2동,오락/유흥,20253,29.0,327,361,90.6,D
휘경2동,의료/약국,20253,57.6,140,413,33.9,B
휘경2동,일반학원,20253,60.2,57,397,14.4,A
휘경2동,일식,20253,82.0,2,279,0.7,A
휘경2동,주점,20253,46.5,211,398,53.0,C
휘경2동,카페,20253,64.1,48,419,11.5,A
휘경2동,패스트푸드/치킨,20253,56.2,90,409,22.0,A
휘경2동,편의점,20253,79.3,5,405,1.2,A
휘경2동,한식,20253,74.7,40,421,9.5,A
이문1동,B2B 서비스,20253,69.2,33,368,9.0,A
이문1동,미용실,20253,36.9,278,419,66.3,C
이문1동,분식/간식,20253,72.1,13,415,3.1,A
이문1동,뷰티/화장품,20253,74.7,42,394,10.7,A
이문1동,생활용품 소매,20253,61.9,118,405,29.1,B
이문1동,수리/세탁,20253,32.1,351,382,91.9,D
이문1동,숙박,20253,74.4,9,194,4.6,A
이문1동,스포츠/레저,20253,27.7,376,395,95.2,D
이문1동,식품 소매,20253,54.1,158,422,37.4,B
이문1동,애완동물,20253,64.3,30,147,20.4,A
이문1동,양식/기타외식,20253,68.8,18,241,7.5,A
이문1동,예술학원,20253,60.9,66,378,17.5,A
이문1동,오락/유흥,20253,64.2,48,361,13.3,A
이문1동,의료/약국,20253,40.7,321,413,77.7,D
이문1동,의류/패션,20253,55.8,233,402,58.0,C
이문1동,일반학원,20253,76.6,10,397,2.5,A
이문1동,일식,20253,72.9,9,279,3.2,A
이문1동,주점,20253,71.4,18,398,4.5,A
이문1동,중식,20253,59.3,72,358,20.1,A
이문1동,카페,20253,86.8,10,419,2.4,A
이문1동,패스트푸드/치킨,20253,56.9,84,409,20.5,A
이문1동,편의점,20253,82.3,4,405,1.0,A
이문1동,한식,20253,67.8,79,421,18.8,A
이문2동,B2B 서비스,20253,56.6,98,368,26.6,B
이문2동,미용실,20253,36.1,290,419,69.2,C
이문2동,분식/간식,20253,60.7,76,415,18.3,A
이문2동,뷰티/화장품,20253,19.1,382,394,97.0,D
이문2동,생활용품 소매,20253,31.4,318,405,78.5,D
이문2동,수리/세탁,20253,74.2,92,382,24.1,A
이문2동,숙박,20253,66.3,27,194,13.9,A
이문2동,스포츠/레저,20253,34.9,334,395,84.6,D
이문2동,식품 소매,20253,66.5,49,422,11.6,A
이문2동,예술학원,20253,45.5,175,378,46.3,B
이문2동,오락/유흥,20253,33.8,297,361,82.3,D
이문2동,의료/약국,20253,60.4,105,413,25.4,B
이문2동,의류/패션,20253,70.0,107,402,26.6,B
이문2동,일반학원,20253,50.1,168,397,42.3,B
이문2동,주점,20253,45.4,225,398,56.5,C
이문2동,중식,20253,44.2,240,358,67.0,C
이문2동,카페,20253,39.7,258,419,61.6,C
이문2동,패스트푸드/치킨,20253,31.6,373,409,91.2,D
이문2동,편의점,20253,41.1,252,405,62.2,C
이문2동,한식,20253,40.3,302,421,71.7,C
면목2동,B2B 서비스,20253,43.6,195,368,53.0,C
면목2동,미용실,20253,50.2,118,419,28.2,B
면목2동,분식/간식,20253,43.7,292,415,70.4,C
면목2동,뷰티/화장품,20253,39.1,274,394,69.5,C
면목2동,생활용품 소매,20253,21.3,371,405,91.6,D
면목2동,수리/세탁,20253,76.9,66,382,17.3,A
면목2동,숙박,20253,38.5,140,194,72.2,C
면목2동,스포츠/레저,20253,25.7,382,395,96.7,D
면목2동,식품 소매,20253,63.6,73,422,17.3,A
면목2동,애완동물,20253,46.3,80,147,54.4,C
면목2동,예술학원,20253,50.3,130,378,34.4,B
면목2동,오락/유흥,20253,64.6,41,361,11.4,A
면목2동,의료/약국,20253,66.2,58,413,14.0,A
면목2동,의류/패션,20253,80.3,17,402,4.2,A
면목2동,일반학원,20253,51.2,147,397,37.0,B
면목2동,일식,20253,60.7,34,279,12.2,A
면목2동,전자/통신,20253,32.1,232,309,75.1,D
면목2동,주점,20253,67.8,32,398,8.0,A
면목2동,중식,20253,44.1,242,358,67.6,C
면목2동,카페,20253,35.8,303,419,72.3,C
면목2동,패스트푸드/치킨,20253,46.6,187,409,45.7,B
면목2동,편의점,20253,49.0,118,405,29.1,B
면목2동,한식,20253,62.2,121,421,28.7,B
면목4동,B2B 서비스,20253,46.0,177,368,48.1,B
면목4동,미용실,20253,62.1,36,419,8.6,A
면목4동,분식/간식,20253,33.6,388,415,93.5,D
면목4동,뷰티/화장품,20253,80.4,13,394,3.3,A
면목4동,생활용품 소매,20253,42.2,262,405,64.7,C
면목4동,수리/세탁,20253,65.4,165,382,43.2,B
면목4동,숙박,20253,60.1,49,194,25.3,B
면목4동,스포츠/레저,20253,36.3,324,395,82.0,D
면목4동,식품 소매,20253,32.7,369,422,87.4,D
면목4동,예술학원,20253,55.8,95,378,25.1,B
면목4동,오락/유흥,20253,44.0,222,361,61.5,C
면목4동,의료/약국,20253,67.5,48,413,11.6,A
면목4동,의류/패션,20253,38.2,353,402,87.8,D
면목4동,일반학원,20253,49.5,175,397,44.1,B
면목4동,전자/통신,20253,86.7,9,309,2.9,A
면목4동,주점,20253,26.7,370,398,93.0,D
면목4동,중식,20253,36.7,310,358,86.6,D
면목4동,카페,20253,22.3,410,419,97.9,D
면목4동,패스트푸드/치킨,20253,45.1,204,409,49.9,B
면목4동,편의점,20253,35.8,344,405,84.9,D
면목4동,한식,20253,38.6,316,421,75.1,D
면목5동,B2B 서비스,20253,18.9,351,368,95.4,D
면목5동,미용실,20253,25.7,406,419,96.9,D
면목5동,분식/간식,20253,29.9,404,415,97.3,D
면목5동,뷰티/화장품,20253,16.6,392,394,99.5,D
면목5동,생활용품 소매,20253,38.1,287,405,70.9,C
면목5동,수리/세탁,20253,60.6,201,382,52.6,C
면목5동,숙박,20253,47.9,108,194,55.7,C
면목5동,스포츠/레저,20253,57.4,98,395,24.8,A
면목5동,식품 소매,20253,69.2,31,422,7.3,A
면목5동,오락/유흥,20253,21.8,355,361,98.3,D
면목5동,의료/약국,20253,66.0,59,413,14.3,A
면목5동,의류/패션,20253,41.0,339,402,84.3,D
면목5동,전자/통신,20253,39.4,199,309,64.4,C
면목5동,주점,20253,44.3,239,398,60.1,C
면목5동,패스트푸드/치킨,20253,22.0,408,409,99.8,D
면목5동,편의점,20253,35.6,352,405,86.9,D
면목5동,한식,20253,44.6,261,421,62.0,C
면목본동,B2B 서비스,20253,25.3,321,368,87.2,D
면목본동,미용실,20253,40.1,236,419,56.3,C
면목본동,분식/간식,20253,67.1,30,415,7.2,A
면목본동,뷰티/화장품,20253,65.3,91,394,23.1,A
면목본동,생활용품 소매,20253,50.2,199,405,49.1,B
면목본동,수리/세탁,20253,23.9,368,382,96.3,D
면목본동,숙박,20253,27.0,180,194,92.8,D
면목본동,스포츠/레저,20253,45.5,221,395,55.9,C
면목본동,식품 소매,20253,59.4,107,422,25.4,B
면목본동,애완동물,20253,43.9,87,147,59.2,C
면목본동,양식/기타외식,20253,55.2,89,241,36.9,B
면목본동,예술학원,20253,32.3,318,378,84.1,D
면목본동,오락/유흥,20253,58.9,82,361,22.7,A
면목본동,의료/약국,20253,47.8,257,413,62.2,C
면목본동,의류/패션,20253,45.4,305,402,75.9,D
면목본동,일반학원,20253,37.2,319,397,80.4,D
면목본동,일식,20253,63.9,21,279,7.5,A
면목본동,전자/통신,20253,30.4,238,309,77.0,D
면목본동,주점,20253,39.6,284,398,71.4,C
면목본동,중식,20253,34.3,324,358,90.5,D
면목본동,카페,20253,29.1,367,419,87.6,D
면목본동,패스트푸드/치킨,20253,46.7,183,409,44.7,B
면목본동,편의점,20253,36.9,330,405,81.5,D
면목본동,한식,20253,38.8,312,421,74.1,C
면목7동,B2B 서비스,20253,29.4,299,368,81.2,D
면목7동,미용실,20253,74.9,8,419,1.9,A
면목7동,분식/간식,20253,61.7,65,415,15.7,A
면목7동,뷰티/화장품,20253,47.0,215,394,54.6,C
면목7동,생활용품 소매,20253,48.1,216,405,53.3,C
면목7동,수리/세탁,20253,77.7,59,382,15.4,A
면목7동,숙박,20253,53.5,76,194,39.2,B
면목7동,스포츠/레저,20253,62.8,59,395,14.9,A
면목7동,식품 소매,20253,62.3,82,422,19.4,A
면목7동,애완동물,20253,59.4,40,147,27.2,B
면목7동,양식/기타외식,20253,69.1,17,241,7.1,A
면목7동,예술학원,20253,44.2,192,378,50.8,C
면목7동,오락/유흥,20253,39.9,261,361,72.3,C
면목7동,의료/약국,20253,75.7,8,413,1.9,A
면목7동,의류/패션,20253,74.8,64,402,15.9,A
면목7동,일반학원,20253,53.2,125,397,31.5,B
면목7동,일식,20253,74.2,8,279,2.9,A
면목7동,전자/통신,20253,30.2,239,309,77.3,D
면목7동,주점,20253,59.9,78,398,19.6,A
면목7동,중식,20253,43.1,255,358,71.2,C
면목7동,카페,20253,29.4,362,419,86.4,D
면목7동,패스트푸드/치킨,20253,32.2,368,409,90.0,D
면목7동,편의점,20253,40.8,258,405,63.7,C
면목7동,한식,20253,29.0,389,421,92.4,D
면목3.8동,B2B 서비스,20253,10.9,366,368,99.5,D
면목3.8동,미용실,20253,31.8,348,419,83.1,D
면목3.8동,분식/간식,20253,37.3,359,415,86.5,D
면목3.8동,뷰티/화장품,20253,54.7,150,394,38.1,B
면목3.8동,생활용품 소매,20253,71.9,53,405,13.1,A
면목3.8동,수리/세탁,20253,61.2,200,382,52.4,C
면목3.8동,숙박,20253,54.1,74,194,38.1,B
면목3.8동,스포츠/레저,20253,50.6,165,395,41.8,B
면목3.8동,식품 소매,20253,38.5,320,422,75.8,D
면목3.8동,애완동물,20253,32.3,121,147,82.3,D
면목3.8동,양식/기타외식,20253,49.2,134,241,55.6,C
면목3.8동,예술학원,20253,38.9,253,378,66.9,C
면목3.8동,오락/유흥,20253,36.9,276,361,76.5,D
면목3.8동,의료/약국,20253,53.2,202,413,48.9,B
면목3.8동,의류/패션,20253,58.1,211,402,52.5,C
면목3.8동,일반학원,20253,45.4,233,397,58.7,C
면목3.8동,일식,20253,43.1,153,279,54.8,C
면목3.8동,전자/통신,20253,80.6,20,309,6.5,A
면목3.8동,주점,20253,55.3,120,398,30.2,B
면목3.8동,중식,20253,44.3,238,358,66.5,C
면목3.8동,카페,20253,55.7,87,419,20.8,A
면목3.8동,패스트푸드/치킨,20253,44.7,209,409,51.1,C
면목3.8동,편의점,20253,37.5,326,405,80.5,D
면목3.8동,한식,20253,53.2,188,421,44.7,B
상봉1동,B2B 서비스,20253,30.9,287,368,78.0,D
상봉1동,미용실,20253,30.0,364,419,86.9,D
상봉1동,분식/간식,20253,47.8,241,415,58.1,C
상봉1동,뷰티/화장품,20253,75.5,37,394,9.4,A
상봉1동,생활용품 소매,20253,16.1,391,405,96.5,D
상봉1동,수리/세탁,20253,27.6,363,382,95.0,D
상봉1동,식품 소매,20253,55.4,143,422,33.9,B
상봉1동,애완동물,20253,26.6,137,147,93.2,D
상봉1동,양식/기타외식,20253,29.0,225,241,93.4,D
상봉1동,예술학원,20253,32.7,317,378,83.9,D
상봉1동,오락/유흥,20253,55.6,107,361,29.6,B
상봉1동,의료/약국,20253,27.0,392,413,94.9,D
상봉1동,의류/패션,20253,30.1,379,402,94.3,D
상봉1동,일반학원,20253,50.9,154,397,38.8,B
상봉1동,일식,20253,55.5,69,279,24.7,A
상봉1동,주점,20253,28.7,367,398,92.2,D
상봉1동,중식,20253,36.5,311,358,86.9,D
상봉1동,카페,20253,44.5,198,419,47.3,B
상봉1동,패스트푸드/치킨,20253,43.5,224,409,54.8,C
상봉1동,편의점,20253,35.7,347,405,85.7,D
상봉1동,한식,20253,42.5,280,421,66.5,C
상봉2동,B2B 서비스,20253,66.1,42,368,11.4,A
상봉2동,미용실,20253,51.3,105,419,25.1,B
상봉2동,분식/간식,20253,56.4,123,415,29.6,B
상봉2동,뷰티/화장품,20253,47.1,214,394,54.3,C
상봉2동,생활용품 소매,20253,78.5,20,405,4.9,A
상봉2동,수리/세탁,20253,53.3,240,382,62.8,C
상봉2동,숙박,20253,39.2,138,194,71.1,C
상봉2동,스포츠/레저,20253,38.1,302,395,76.5,D
상봉2동,식품 소매,20253,64.7,65,422,15.4,A
상봉2동,애완동물,20253,66.6,22,147,15.0,A
상봉2동,예술학원,20253,59.0,75,378,19.8,A
상봉2동,오락/유흥,20253,54.9,114,361,31.6,B
상봉2동,의료/약국,20253,53.7,196,413,47.5,B
상봉2동,의류/패션,20253,48.5,287,402,71.4,C
상봉2동,일반학원,20253,72.6,16,397,4.0,A
상봉2동,일식,20253,38.0,202,279,72.4,C
상봉2동,전자/통신,20253,14.5,299,309,96.8,D
상봉2동,주점,20253,53.0,142,398,35.7,B
상봉2동,중식,20253,52.3,154,358,43.0,B
상봉2동,카페,20253,36.1,299,419,71.4,C
상봉2동,패스트푸드/치킨,20253,53.7,113,409,27.6,B
상봉2동,편의점,20253,46.7,163,405,40.2,B
상봉2동,한식,20253,69.6,67,421,15.9,A
중화1동,B2B 서비스,20253,21.5,341,368,92.7,D
중화1동,미용실,20253,44.4,174,419,41.5,B
중화1동,분식/간식,20253,40.9,332,415,80.0,D
중화1동,뷰티/화장품,20253,25.1,360,394,91.4,D
중화1동,생활용품 소매,20253,23.9,355,405,87.7,D
중화1동,수리/세탁,20253,80.7,38,382,9.9,A
중화1동,스포츠/레저,20253,43.3,247,395,62.5,C
중화1동,식품 소매,20253,26.3,406,422,96.2,D
중화1동,예술학원,20253,41.0,232,378,61.4,C
중화1동,오락/유흥,20253,85.6,1,361,0.3,A
중화1동,의료/약국,20253,40.2,328,413,79.4,D
중화1동,의류/패션,20253,49.1,284,402,70.6,C
중화1동,일반학원,20253,67.8,24,397,6.0,A
중화1동,전자/통신,20253,78.0,28,309,9.1,A
중화1동,주점,20253,26.0,373,398,93.7,D
중화1동,카페,20253,56.7,77,419,18.4,A
중화1동,패스트푸드/치킨,20253,36.7,315,409,77.0,D
중화1동,편의점,20253,48.8,123,405,30.4,B
중화1동,한식,20253,38.9,311,421,73.9,C
중화2동,B2B 서비스,20253,61.9,69,368,18.8,A
중화2동,미용실,20253,38.1,258,419,61.6,C
중화2동,분식/간식,20253,36.8,363,415,87.5,D
중화2동,뷰티/화장품,20253,58.3,125,394,31.7,B
중화2동,생활용품 소매,20253,13.5,399,405,98.5,D
중화2동,수리/세탁,20253,37.2,329,382,86.1,D
중화2동,숙박,20253,56.7,65,194,33.5,B
중화2동,스포츠/레저,20253,59.7,80,395,20.3,A
중화2동,식품 소매,20253,35.9,340,422,80.6,D
중화2동,예술학원,20253,47.3,155,378,41.0,B
중화2동,오락/유흥,20253,30.8,317,361,87.8,D
중화2동,의료/약국,20253,67.6,47,413,11.4,A
중화2동,의류/패션,20253,50.8,275,402,68.4,C
중화2동,일반학원,20253,33.7,352,397,88.7,D
중화2동,일식,20253,45.5,134,279,48.0,B
중화2동,전자/통신,20253,52.7,128,309,41.4,B
중화2동,주점,20253,49.6,177,398,44.5,B
중화2동,중식,20253,54.1,129,358,36.0,B
중화2동,카페,20253,36.4,297,419,70.9,C
중화2동,패스트푸드/치킨,20253,34.2,344,409,84.1,D
중화2동,편의점,20253,59.6,37,405,9.1,A
중화2동,한식,20253,27.1,400,421,95.0,D
묵1동,B2B 서비스,20253,37.7,240,368,65.2,C
묵1동,미용실,20253,43.4,186,419,44.4,B
묵1동,분식/간식,20253,32.4,392,415,94.5,D
묵1동,뷰티/화장품,20253,45.0,232,394,58.9,C
묵1동,생활용품 소매,20253,67.1,86,405,21.2,A
묵1동,수리/세탁,20253,51.2,250,382,65.4,C
묵1동,스포츠/레저,20253,39.3,283,395,71.6,C
묵1동,식품 소매,20253,66.2,54,422,12.8,A
묵1동,양식/기타외식,20253,34.7,205,241,85.1,D
묵1동,예술학원,20253,40.0,245,378,64.8,C
묵1동,오락/유흥,20253,39.0,267,361,74.0,C
묵1동,의료/약국,20253,50.2,236,413,57.1,C
묵1동,의류/패션,20253,67.1,129,402,32.1,B
묵1동,일반학원,20253,32.5,360,397,90.7,D
묵1동,일식,20253,31.1,238,279,85.3,D
묵1동,전자/통신,20253,37.7,210,309,68.0,C
묵1동,주점,20253,35.1,328,398,82.4,D
묵1동,중식,20253,43.7,248,358,69.3,C
묵1동,카페,20253,33.3,328,419,78.3,D
묵1동,패스트푸드/치킨,20253,39.9,272,409,66.5,C
묵1동,편의점,20253,37.6,323,405,79.8,D
묵1동,한식,20253,42.7,278,421,66.0,C
묵2동,B2B 서비스,20253,23.8,337,368,91.6,D
묵2동,미용실,20253,33.2,325,419,77.6,D
묵2동,분식/간식,20253,61.0,73,415,17.6,A
묵2동,뷰티/화장품,20253,73.9,45,394,11.4,A
묵2동,생활용품 소매,20253,38.4,284,405,70.1,C
묵2동,수리/세탁,20253,33.0,349,382,91.4,D
묵2동,숙박,20253,33.6,166,194,85.6,D
묵2동,스포츠/레저,20253,31.7,359,395,90.9,D
묵2동,식품 소매,20253,57.8,120,422,28.4,B
묵2동,예술학원,20253,39.6,249,378,65.9,C
묵2동,오락/유흥,20253,46.1,197,361,54.6,C
묵2동,의료/약국,20253,71.4,22,413,5.3,A
묵2동,의류/패션,20253,53.3,253,402,62.9,C
묵2동,일반학원,20253,49.7,170,397,42.8,B
묵2동,전자/통신,20253,27.0,245,309,79.3,D
묵2동,주점,20253,41.0,270,398,67.8,C
묵2동,중식,20253,52.2,156,358,43.6,B
묵2동,카페,20253,28.8,376,419,89.7,D
묵2동,패스트푸드/치킨,20253,46.0,192,409,46.9,B
묵2동,편의점,20253,58.5,44,405,10.9,A
묵2동,한식,20253,41.1,293,421,69.6,C
망우본동,B2B 서비스,20253,24.0,334,368,90.8,D
망우본동,미용실,20253,50.0,122,419,29.1,B
망우본동,분식/간식,20253,42.9,304,415,73.3,C
망우본동,뷰티/화장품,20253,53.7,159,394,40.4,B
망우본동,생활용품 소매,20253,39.5,278,405,68.6,C
망우본동,수리/세탁,20253,56.1,219,382,57.3,C
망우본동,숙박,20253,24.0,187,194,96.4,D
망우본동,스포츠/레저,20253,26.6,378,395,95.7,D
망우본동,식품 소매,20253,54.9,152,422,36.0,B
망우본동,예술학원,20253,55.0,101,378,26.7,B
망우본동,오락/유흥,20253,62.2,61,361,16.9,A
망우본동,의료/약국,20253,47.8,256,413,62.0,C
망우본동,의류/패션,20253,77.6,34,402,8.5,A
망우본동,일반학원,20253,56.7,85,397,21.4,A
망우본동,일식,20253,38.4,199,279,71.3,C
망우본동,전자/통신,20253,25.4,256,309,82.8,D
망우본동,주점,20253,25.3,377,398,94.7,D
망우본동,중식,20253,45.5,225,358,62.8,C
망우본동,카페,20253,38.7,264,419,63.0,C
망우본동,패스트푸드/치킨,20253,59.3,69,409,16.9,A
망우본동,편의점,20253,44.4,202,405,49.9,B
망우본동,한식,20253,35.8,342,421,81.2,D
망우3동,B2B 서비스,20253,36.7,248,368,67.4,C
망우3동,미용실,20253,56.9,59,419,14.1,A
망우3동,분식/간식,20253,60.6,78,415,18.8,A
망우3동,뷰티/화장품,20253,45.3,228,394,57.9,C
망우3동,생활용품 소매,20253,55.5,160,405,39.5,B
망우3동,수리/세탁,20253,79.4,46,382,12.0,A
망우3동,스포츠/레저,20253,25.6,383,395,97.0,D
망우3동,식품 소매,20253,25.4,411,422,97.4,D
망우3동,애완동물,20253,32.8,120,147,81.6,D
망우3동,예술학원,20253,44.6,186,378,49.2,B
망우3동,오락/유흥,20253,58.3,85,361,23.5,A
망우3동,의료/약국,20253,55.0,175,413,42.4,B
망우3동,의류/패션,20253,18.9,397,402,98.8,D
망우3동,일반학원,20253,31.6,368,397,92.7,D
망우3동,전자/통신,20253,58.1,103,309,33.3,B
망우3동,주점,20253,12.9,398,398,100.0,D
망우3동,중식,20253,61.1,54,358,15.1,A
망우3동,카페,20253,42.2,230,419,54.9,C
망우3동,패스트푸드/치킨,20253,40.5,264,409,64.5,C
망우3동,편의점,20253,48.7,126,405,31.1,B
망우3동,한식,20253,35.1,352,421,83.6,D
신내1동,B2B 서비스,20253,48.4,155,368,42.1,B
신내1동,미용실,20253,28.1,389,419,92.8,D
신내1동,분식/간식,20253,51.5,192,415,46.3,B
신내1동,뷰티/화장품,20253,77.0,27,394,6.9,A
신내1동,생활용품 소매,20253,45.2,241,405,59.5,C
신내1동,수리/세탁,20253,37.6,326,382,85.3,D
신내1동,스포츠/레저,20253,33.6,347,395,87.8,D
신내1동,식품 소매,20253,28.7,393,422,93.1,D
신내1동,애완동물,20253,66.4,24,147,16.3,A
신내1동,예술학원,20253,41.7,222,378,58.7,C
신내1동,오락/유흥,20253,27.4,337,361,93.4,D
신내1동,의료/약국,20253,64.1,79,413,19.1,A
신내1동,의류/패션,20253,45.8,302,402,75.1,D
신내1동,일반학원,20253,56.4,91,397,22.9,A
신내1동,일식,20253,33.0,229,279,82.1,D
신내1동,전자/통신,20253,45.2,161,309,52.1,C
신내1동,주점,20253,40.2,278,398,69.8,C
신내1동,중식,20253,37.5,300,358,83.8,D
신내1동,카페,20253,31.5,349,419,83.3,D
신내1동,패스트푸드/치킨,20253,27.3,401,409,98.0,D
신내1동,편의점,20253,49.0,120,405,29.6,B
신내1동,한식,20253,19.5,419,421,99.5,D
신내2동,미용실,20253,35.9,293,419,69.9,C
신내2동,분식/간식,20253,44.0,289,415,69.6,C
신내2동,뷰티/화장품,20253,84.3,4,394,1.0,A
신내2동,생활용품 소매,20253,48.6,211,405,52.1,C
신내2동,수리/세탁,20253,74.7,86,382,22.5,A
신내2동,스포츠/레저,20253,53.3,134,395,33.9,B
신내2동,식품 소매,20253,33.1,367,422,87.0,D
신내2동,예술학원,20253,44.8,182,378,48.1,B
신내2동,오락/유흥,20253,30.0,321,361,88.9,D
신내2동,의료/약국,20253,54.9,180,413,43.6,B
신내2동,의류/패션,20253,65.2,139,402,34.6,B
신내2동,일반학원,20253,52.5,130,397,32.7,B
신내2동,일식,20253,39.3,190,279,68.1,C
신내2동,전자/통신,20253,68.0,61,309,19.7,A
신내2동,주점,20253,54.3,125,398,31.4,B
신내2동,중식,20253,53.0,144,358,40.2,B
신내2동,카페,20253,29.0,370,419,88.3,D
신내2동,패스트푸드/치킨,20253,39.7,279,409,68.2,C
신내2동,편의점,20253,38.2,315,405,77.8,D
신내2동,한식,20253,24.0,412,421,97.9,D
성북동,B2B 서비스,20253,63.5,63,368,17.1,A
성북동,미용실,20253,39.2,244,419,58.2,C
성북동,분식/간식,20253,57.1,114,415,27.5,B
성북동,뷰티/화장품,20253,47.7,206,394,52.3,C
성북동,생활용품 소매,20253,37.1,295,405,72.8,C
성북동,수리/세탁,20253,73.4,100,382,26.2,B
성북동,스포츠/레저,20253,51.2,154,395,39.0,B
성북동,식품 소매,20253,33.6,360,422,85.3,D
성북동,양식/기타외식,20253,57.6,72,241,29.9,B
성북동,예술학원,20253,46.1,165,378,43.7,B
성북동,의료/약국,20253,34.5,356,413,86.2,D
성북동,의류/패션,20253,63.9,157,402,39.1,B
성북동,일반학원,20253,46.5,220,397,55.4,C
성북동,일식,20253,44.4,141,279,50.5,C
성북동,전자/통신,20253,62.4,86,309,27.8,B
성북동,주점,20253,56.0,113,398,28.4,B
성북동,중식,20253,58.9,76,358,21.2,A
성북동,카페,20253,66.3,38,419,9.1,A
성북동,패스트푸드/치킨,20253,54.7,96,409,23.5,A
성북동,편의점,20253,64.1,22,405,5.4,A
성북동,한식,20253,42.4,282,421,67.0,C
삼선동,B2B 서비스,20253,47.4,166,368,45.1,B
삼선동,미용실,20253,46.5,156,419,37.2,B
삼선동,분식/간식,20253,46.8,252,415,60.7,C
삼선동,뷰티/화장품,20253,56.6,136,394,34.5,B
삼선동,생활용품 소매,20253,76.2,27,405,6.7,A
삼선동,수리/세탁,20253,62.5,187,382,49.0,B
삼선동,숙박,20253,68.3,21,194,10.8,A
삼선동,스포츠/레저,20253,56.7,103,395,26.1,B
삼선동,식품 소매,20253,65.6,59,422,14.0,A
삼선동,애완동물,20253,67.1,20,147,13.6,A
삼선동,양식/기타외식,20253,52.9,108,241,44.8,B
삼선동,예술학원,20253,75.6,12,378,3.2,A
삼선동,오락/유흥,20253,54.4,117,361,32.4,B
삼선동,의료/약국,20253,64.3,73,413,17.7,A
삼선동,의류/패션,20253,73.5,77,402,19.2,A
삼선동,일반학원,20253,34.6,347,397,87.4,D
삼선동,일식,20253,50.5,98,279,35.1,B
삼선동,전자/통신,20253,23.8,259,309,83.8,D
삼선동,주점,20253,61.2,67,398,16.8,A
삼선동,중식,20253,66.7,25,358,7.0,A
삼선동,카페,20253,46.1,181,419,43.2,B
삼선동,패스트푸드/치킨,20253,59.7,62,409,15.2,A
삼선동,편의점,20253,46.3,167,405,41.2,B
삼선동,한식,20253,53.7,181,421,43.0,B
동선동,B2B 서비스,20253,55.4,104,368,28.3,B
동선동,미용실,20253,26.2,403,419,96.2,D
동선동,분식/간식,20253,40.9,331,415,79.8,D
동선동,뷰티/화장품,20253,40.7,266,394,67.5,C
동선동,생활용품 소매,20253,51.9,191,405,47.2,B
동선동,수리/세탁,20253,50.8,254,382,66.5,C
동선동,숙박,20253,37.5,147,194,75.8,D
동선동,스포츠/레저,20253,38.1,303,395,76.7,D
동선동,식품 소매,20253,51.7,181,422,42.9,B
동선동,애완동물,20253,46.8,77,147,52.4,C
동선동,양식/기타외식,20253,48.3,141,241,58.5,C
동선동,예술학원,20253,51.8,117,378,31.0,B
동선동,오락/유흥,20253,42.6,239,361,66.2,C
동선동,의료/약국,20253,57.0,147,413,35.6,B
동선동,의류/패션,20253,51.4,266,402,66.2,C
동선동,일반학원,20253,31.7,367,397,92.4,D
동선동,일식,20253,52.7,85,279,30.5,B
동선동,전자/통신,20253,50.3,136,309,44.0,B
동선동,주점,20253,48.6,190,398,47.7,B
동선동,중식,20253,63.0,40,358,11.2,A
동선동,카페,20253,55.2,91,419,21.7,A
동선동,패스트푸드/치킨,20253,63.0,46,409,11.2,A
동선동,편의점,20253,73.7,11,405,2.7,A
동선동,한식,20253,66.7,83,421,19.7,A
돈암1동,미용실,20253,54.6,79,419,18.9,A
돈암1동,분식/간식,20253,75.4,8,415,1.9,A
돈암1동,뷰티/화장품,20253,82.8,6,394,1.5,A
돈암1동,스포츠/레저,20253,13.1,395,395,100.0,D
돈암1동,식품 소매,20253,51.5,187,422,44.3,B
돈암1동,예술학원,20253,29.1,339,378,89.7,D
돈암1동,의료/약국,20253,40.5,323,413,78.2,D
돈암1동,의류/패션,20253,44.2,310,402,77.1,D
돈암1동,일반학원,20253,27.5,385,397,97.0,D
돈암1동,주점,20253,45.2,228,398,57.3,C
돈암1동,카페,20253,60.7,56,419,13.4,A
돈암1동,패스트푸드/치킨,20253,65.2,38,409,9.3,A
돈암1동,편의점,20253,44.5,198,405,48.9,B
돈암1동,한식,20253,38.5,318,421,75.5,D
돈암2동,미용실,20253,37.6,266,419,63.5,C
돈암2동,분식/간식,20253,36.3,365,415,88.0,D
돈암2동,뷰티/화장품,20253,63.5,99,394,25.1,B
돈암2동,생활용품 소매,20253,74.2,40,405,9.9,A
돈암2동,수리/세탁,20253,65.5,160,382,41.9,B
돈암2동,스포츠/레저,20253,21.5,392,395,99.2,D
돈암2동,식품 소매,20253,50.4,198,422,46.9,B
돈암2동,예술학원,20253,24.9,357,378,94.4,D
돈암2동,의료/약국,20253,54.5,183,413,44.3,B
돈암2동,의류/패션,20253,29.4,382,402,95.0,D
돈암2동,일반학원,20253,38.5,307,397,77.3,D
돈암2동,카페,20253,58.1,71,419,16.9,A
돈암2동,패스트푸드/치킨,20253,57.6,79,409,19.3,A
돈암2동,편의점,20253,30.3,393,405,97.0,D
돈암2동,한식,20253,22.9,414,421,98.3,D
안암동,B2B 서비스,20253,45.8,178,368,48.4,B
안암동,미용실,20253,47.8,141,419,33.7,B
안암동,분식/간식,20253,53.6,164,415,39.5,B
안암동,뷰티/화장품,20253,69.5,70,394,17.8,A
안암동,생활용품 소매,20253,74.4,39,405,9.6,A
안암동,수리/세탁,20253,82.7,25,382,6.5,A
안암동,스포츠/레저,20253,32.1,358,395,90.6,D
안암동,식품 소매,20253,61.3,92,422,21.8,A
안암동,양식/기타외식,20253,74.6,7,241,2.9,A
안암동,예술학원,20253,32.7,315,378,83.3,D
안암동,오락/유흥,20253,58.0,88,361,24.4,A
안암동,의료/약국,20253,45.1,281,413,68.0,C
안암동,의류/패션,20253,51.2,268,402,66.7,C
안암동,일반학원,20253,70.2,21,397,5.3,A
안암동,일식,20253,47.1,124,279,44.4,B
안암동,전자/통신,20253,50.0,139,309,45.0,B
안암동,주점,20253,73.2,10,398,2.5,A
안암동,중식,20253,78.9,3,358,0.8,A
안암동,카페,20253,95.2,1,419,0.2,A
안암동,패스트푸드/치킨,20253,92.4,1,409,0.2,A
안암동,편의점,20253,65.3,21,405,5.2,A
안암동,한식,20253,96.6,1,421,0.2,A
보문동,B2B 서비스,20253,54.7,109,368,29.6,B
보문동,미용실,20253,63.1,31,419,7.4,A
보문동,분식/간식,20253,55.7,132,415,31.8,B
보문동,뷰티/화장품,20253,51.9,175,394,44.4,B
보문동,생활용품 소매,20253,56.1,156,405,38.5,B
보문동,수리/세탁,20253,65.5,161,382,42.1,B
보문동,숙박,20253,44.2,122,194,62.9,C
보문동,스포츠/레저,20253,44.1,239,395,60.5,C
보문동,식품 소매,20253,39.0,316,422,74.9,C
보문동,예술학원,20253,35.3,293,378,77.5,D
보문동,오락/유흥,20253,60.5,73,361,20.2,A
보문동,의료/약국,20253,55.4,167,413,40.4,B
보문동,의류/패션,20253,63.9,156,402,38.8,B
보문동,일반학원,20253,48.3,196,397,49.4,B
보문동,전자/통신,20253,83.4,14,309,4.5,A
보문동,주점,20253,40.5,274,398,68.8,C
보문동,중식,20253,57.0,100,358,27.9,B
보문동,카페,20253,44.8,193,419,46.1,B
보문동,패스트푸드/치킨,20253,52.1,128,409,31.3,B
보문동,편의점,20253,43.6,215,405,53.1,C
보문동,한식,20253,33.9,364,421,86.5,D
정릉1동,B2B 서비스,20253,31.5,285,368,77.4,D
정릉1동,미용실,20253,70.1,13,419,3.1,A
정릉1동,분식/간식,20253,52.7,177,415,42.7,B
정릉1동,뷰티/화장품,20253,42.0,256,394,65.0,C
정릉1동,생활용품 소매,20253,20.7,372,405,91.9,D
정릉1동,수리/세탁,20253,69.8,124,382,32.5,B
정릉1동,숙박,20253,64.2,38,194,19.6,A
정릉1동,스포츠/레저,20253,48.2,188,395,47.6,B
정릉1동,식품 소매,20253,45.9,247,422,58.5,C
정릉1동,예술학원,20253,45.5,174,378,46.0,B
정릉1동,의료/약국,20253,56.3,152,413,36.8,B
정릉1동,의류/패션,20253,85.7,4,402,1.0,A
정릉1동,일반학원,20253,53.2,126,397,31.7,B
정릉1동,주점,20253,37.8,301,398,75.6,D
정릉1동,중식,20253,64.7,32,358,8.9,A
정릉1동,카페,20253,48.7,146,419,34.8,B
정릉1동,패스트푸드/치킨,20253,27.6,399,409,97.6,D
정릉1동,편의점,20253,40.1,274,405,67.7,C
정릉1동,한식,20253,49.1,226,421,53.7,C
정릉2동,B2B 서비스,20253,43.4,197,368,53.5,C
정릉2동,미용실,20253,40.0,239,419,57.0,C
정릉2동,분식/간식,20253,75.4,9,415,2.2,A
정릉2동,뷰티/화장품,20253,63.1,103,394,26.1,B
정릉2동,생활용품 소매,20253,42.8,258,405,63.7,C
정릉2동,수리/세탁,20253,69.6,128,382,33.5,B
정릉2동,스포츠/레저,20253,45.0,227,395,57.5,C
정릉2동,식품 소매,20253,47.5,229,422,54.3,C
정릉2동,예술학원,20253,41.2,230,378,60.8,C
정릉2동,오락/유흥,20253,60.7,72,361,19.9,A
정릉2동,의료/약국,20253,36.2,351,413,85.0,D
정릉2동,의류/패션,20253,48.7,286,402,71.1,C
정릉2동,일반학원,20253,23.0,390,397,98.2,D
정릉2동,전자/통신,20253,32.0,233,309,75.4,D
정릉2동,주점,20253,33.8,344,398,86.4,D
정릉2동,중식,20253,26.5,352,358,98.3,D
정릉2동,카페,20253,37.4,286,419,68.3,C
정릉2동,패스트푸드/치킨,20253,33.5,353,409,86.3,D
정릉2동,편의점,20253,36.1,342,405,84.4,D
정릉2동,한식,20253,30.8,380,421,90.3,D
정릉3동,B2B 서비스,20253,56.9,96,368,26.1,B
정릉3동,미용실,20253,25.9,405,419,96.7,D
정릉3동,분식/간식,20253,53.1,169,415,40.7,B
정릉3동,생활용품 소매,20253,47.8,220,405,54.3,C
정릉3동,수리/세탁,20253,62.0,190,382,49.7,B
정릉3동,스포츠/레저,20253,68.4,38,395,9.6,A
정릉3동,식품 소매,20253,59.9,101,422,23.9,A
정릉3동,양식/기타외식,20253,65.2,28,241,11.6,A
정릉3동,예술학원,20253,80.1,6,378,1.6,A
정릉3동,오락/유흥,20253,47.4,180,361,49.9,B
정릉3동,의료/약국,20253,41.1,317,413,76.8,D
정릉3동,의류/패션,20253,20.3,396,402,98.5,D
정릉3동,일반학원,20253,47.3,211,397,53.1,C
정릉3동,전자/통신,20253,68.0,63,309,20.4,A
정릉3동,주점,20253,69.5,26,398,6.5,A
정릉3동,중식,20253,43.7,247,358,69.0,C
정릉3동,카페,20253,91.8,6,419,1.4,A
정릉3동,패스트푸드/치킨,20253,75.5,8,409,2.0,A
정릉3동,편의점,20253,62.6,28,405,6.9,A
정릉3동,한식,20253,75.9,32,421,7.6,A
정릉4동,미용실,20253,56.9,58,419,13.8,A
정릉4동,분식/간식,20253,63.5,55,415,13.3,A
정릉4동,뷰티/화장품,20253,51.5,181,394,45.9,B
정릉4동,생활용품 소매,20253,34.8,307,405,75.8,D
정릉4동,수리/세탁,20253,71.0,116,382,30.4,B
정릉4동,식품 소매,20253,48.5,216,422,51.2,C
정릉4동,애완동물,20253,43.3,92,147,62.6,C
정릉4동,양식/기타외식,20253,61.6,43,241,17.8,A
정릉4동,예술학원,20253,42.8,209,378,55.3,C
정릉4동,오락/유흥,20253,70.8,14,361,3.9,A
정릉4동,의료/약국,20253,66.5,54,413,13.1,A
정릉4동,의류/패션,20253,84.2,8,402,2.0,A
정릉4동,일반학원,20253,32.9,357,397,89.9,D
정릉4동,주점,20253,52.1,149,398,37.4,B
정릉4동,카페,20253,65.4,44,419,10.5,A
정릉4동,패스트푸드/치킨,20253,42.8,231,409,56.5,C
정릉4동,편의점,20253,48.5,128,405,31.6,B
정릉4동,한식,20253,53.0,189,421,44.9,B
길음1동,B2B 서비스,20253,40.2,223,368,60.6,C
길음1동,미용실,20253,43.3,189,419,45.1,B
길음1동,분식/간식,20253,53.9,159,415,38.3,B
길음1동,뷰티/화장품,20253,76.2,34,394,8.6,A
길음1동,생활용품 소매,20253,37.9,289,405,71.4,C
길음1동,수리/세탁,20253,87.3,6,382,1.6,A
길음1동,스포츠/레저,20253,47.1,203,395,51.4,C
길음1동,식품 소매,20253,48.4,217,422,51.4,C
길음1동,예술학원,20253,50.1,132,378,34.9,B
길음1동,오락/유흥,20253,52.5,133,361,36.8,B
길음1동,의료/약국,20253,67.7,46,413,11.1,A
길음1동,의류/패션,20253,52.4,260,402,64.7,C
길음1동,일반학원,20253,59.9,62,397,15.6,A
길음1동,전자/통신,20253,64.1,76,309,24.6,A
길음1동,주점,20253,45.3,226,398,56.8,C
길음1동,중식,20253,32.6,334,358,93.3,D
길음1동,카페,20253,46.2,180,419,43.0,B
길음1동,패스트푸드/치킨,20253,45.7,201,409,49.1,B
길음1동,편의점,20253,56.9,51,405,12.6,A
길음1동,한식,20253,49.9,221,421,52.5,C
길음2동,B2B 서비스,20253,47.8,160,368,43.5,B
길음2동,미용실,20253,51.0,108,419,25.8,B
길음2동,분식/간식,20253,41.7,316,415,76.1,D
길음2동,뷰티/화장품,20253,55.1,146,394,37.1,B
길음2동,생활용품 소매,20253,54.0,172,405,42.5,B
길음2동,스포츠/레저,20253,34.3,341,395,86.3,D
길음2동,식품 소매,20253,43.4,271,422,64.2,C
길음2동,예술학원,20253,57.2,87,378,23.0,A
길음2동,오락/유흥,20253,23.8,350,361,97.0,D
길음2동,의료/약국,20253,44.3,291,413,70.5,C
길음2동,의류/패션,20253,74.8,62,402,15.4,A
길음2동,일반학원,20253,52.5,129,397,32.5,B
길음2동,전자/통신,20253,37.4,213,309,68.9,C
길음2동,주점,20253,55.4,119,398,29.9,B
길음2동,중식,20253,55.3,115,358,32.1,B
길음2동,카페,20253,44.1,202,419,48.2,B
길음2동,패스트푸드/치킨,20253,32.4,365,409,89.2,D
길음2동,편의점,20253,38.3,313,405,77.3,D
길음2동,한식,20253,54.4,178,421,42.3,B
종암동,B2B 서비스,20253,79.8,9,368,2.4,A
종암동,미용실,20253,42.0,209,419,49.9,B
종암동,분식/간식,20253,56.4,122,415,29.4,B
종암동,뷰티/화장품,20253,68.6,73,394,18.5,A
종암동,생활용품 소매,20253,82.7,7,405,1.7,A
종암동,수리/세탁,20253,42.7,298,382,78.0,D
종암동,숙박,20253,86.3,2,194,1.0,A
종암동,스포츠/레저,20253,39.4,282,395,71.4,C
종암동,식품 소매,20253,62.0,85,422,20.1,A
종암동,애완동물,20253,66.2,27,147,18.4,A
종암동,양식/기타외식,20253,45.3,156,241,64.7,C
종암동,예술학원,20253,72.6,23,378,6.1,A
종암동,오락/유흥,20253,46.8,186,361,51.5,C
종암동,의료/약국,20253,58.1,135,413,32.7,B
종암동,의류/패션,20253,46.6,298,402,74.1,C
종암동,일반학원,20253,43.4,250,397,63.0,C
종암동,일식,20253,50.5,99,279,35.5,B
종암동,전자/통신,20253,36.0,220,309,71.2,C
종암동,주점,20253,38.6,292,398,73.4,C
종암동,중식,20253,37.6,299,358,83.5,D
종암동,카페,20253,38.3,274,419,65.4,C
종암동,패스트푸드/치킨,20253,43.7,222,409,54.3,C
종암동,편의점,20253,40.2,273,405,67.4,C
종암동,한식,20253,61.8,124,421,29.5,B
월곡1동,B2B 서비스,20253,54.2,114,368,31.0,B
월곡1동,미용실,20253,35.9,297,419,70.9,C
월곡1동,분식/간식,20253,72.1,14,415,3.4,A
월곡1동,뷰티/화장품,20253,25.8,354,394,89.8,D
월곡1동,생활용품 소매,20253,75.6,32,405,7.9,A
월곡1동,수리/세탁,20253,12.9,379,382,99.2,D
월곡1동,스포츠/레저,20253,84.1,2,395,0.5,A
월곡1동,식품 소매,20253,38.6,318,422,75.4,D
월곡1동,예술학원,20253,75.6,11,378,2.9,A
월곡1동,오락/유흥,20253,63.4,54,361,15.0,A
월곡1동,의료/약국,20253,57.7,138,413,33.4,B
월곡1동,의류/패션,20253,69.4,112,402,27.9,B
월곡1동,일반학원,20253,39.6,291,397,73.3,C
월곡1동,주점,20253,47.7,196,398,49.2,B
월곡1동,중식,20253,42.8,259,358,72.3,C
월곡1동,카페,20253,47.4,166,419,39.6,B
월곡1동,패스트푸드/치킨,20253,34.6,339,409,82.9,D
월곡1동,편의점,20253,36.9,329,405,81.2,D
월곡1동,한식,20253,42.4,283,421,67.2,C
월곡2동,B2B 서비스,20253,51.5,128,368,34.8,B
월곡2동,미용실,20253,41.9,210,419,50.1,C
월곡2동,분식/간식,20253,44.8,276,415,66.5,C
월곡2동,뷰티/화장품,20253,66.8,80,394,20.3,A
월곡2동,생활용품 소매,20253,42.9,257,405,63.5,C
월곡2동,수리/세탁,20253,61.7,195,382,51.0,C
월곡2동,숙박,20253,39.9,133,194,68.6,C
월곡2동,스포츠/레저,20253,50.6,166,395,42.0,B
월곡2동,식품 소매,20253,32.8,368,422,87.2,D
월곡2동,양식/기타외식,20253,62.2,41,241,17.0,A
월곡2동,오락/유흥,20253,21.5,356,361,98.6,D
월곡2동,의료/약국,20253,52.8,208,413,50.4,C
월곡2동,의류/패션,20253,63.0,165,402,41.0,B
월곡2동,일반학원,20253,52.0,136,397,34.3,B
월곡2동,일식,20253,40.8,174,279,62.4,C
월곡2동,전자/통신,20253,15.3,295,309,95.5,D
월곡2동,주점,20253,38.0,300,398,75.4,D
월곡2동,중식,20253,59.9,66,358,18.4,A
월곡2동,카페,20253,60.2,58,419,13.8,A
월곡2동,패스트푸드/치킨,20253,37.7,302,409,73.8,C
월곡2동,편의점,20253,39.7,286,405,70.6,C
월곡2동,한식,20253,64.7,93,421,22.1,A
장위1동,B2B 서비스,20253,56.0,102,368,27.7,B
장위1동,미용실,20253,45.9,163,419,38.9,B
장위1동,분식/간식,20253,47.7,245,415,59.0,C
장위1동,뷰티/화장품,20253,76.1,35,394,8.9,A
장위1동,생활용품 소매,20253,44.7,246,405,60.7,C
장위1동,수리/세탁,20253,86.2,8,382,2.1,A
장위1동,스포츠/레저,20253,36.8,323,395,81.8,D
장위1동,식품 소매,20253,41.8,288,422,68.2,C
장위1동,예술학원,20253,51.7,118,378,31.2,B
장위1동,오락/유흥,20253,32.9,306,361,84.8,D
장위1동,의료/약국,20253,70.7,25,413,6.1,A
장위1동,의류/패션,20253,47.6,294,402,73.1,C
장위1동,일반학원,20253,30.8,373,397,94.0,D
장위1동,전자/통신,20253,33.0,228,309,73.8,C
장위1동,주점,20253,31.4,356,398,89.4,D
장위1동,중식,20253,29.8,345,358,96.4,D
장위1동,카페,20253,50.3,128,419,30.5,B
장위1동,패스트푸드/치킨,20253,47.3,175,409,42.8,B
장위1동,편의점,20253,49.2,114,405,28.1,B
장위1동,한식,20253,35.7,345,421,81.9,D
장위2동,B2B 서비스,20253,62.1,68,368,18.5,A
장위2동,미용실,20253,41.4,215,419,51.3,C
장위2동,분식/간식,20253,82.3,3,415,0.7,A
장위2동,뷰티/화장품,20253,35.4,299,394,75.9,D
장위2동,생활용품 소매,20253,17.2,387,405,95.6,D
장위2동,수리/세탁,20253,34.1,344,382,90.1,D
장위2동,스포츠/레저,20253,62.7,60,395,15.2,A
장위2동,식품 소매,20253,40.5,301,422,71.3,C
장위2동,오락/유흥,20253,56.3,100,361,27.7,B
장위2동,의료/약국,20253,64.3,75,413,18.2,A
장위2동,의류/패션,20253,60.6,191,402,47.5,B
장위2동,일반학원,20253,52.9,127,397,32.0,B
장위2동,일식,20253,24.5,270,279,96.8,D
장위2동,전자/통신,20253,57.9,104,309,33.7,B
장위2동,주점,20253,25.0,378,398,95.0,D
장위2동,중식,20253,58.4,80,358,22.3,A
장위2동,카페,20253,37.7,280,419,66.8,C
장위2동,패스트푸드/치킨,20253,46.2,189,409,46.2,B
장위2동,편의점,20253,38.7,302,405,74.6,C
장위2동,한식,20253,53.5,186,421,44.2,B
장위3동,B2B 서비스,20253,32.7,275,368,74.7,C
장위3동,미용실,20253,53.6,90,419,21.5,A
장위3동,분식/간식,20253,58.4,96,415,23.1,A
장위3동,뷰티/화장품,20253,37.5,287,394,72.8,C
장위3동,생활용품 소매,20253,65.5,99,405,24.4,A
장위3동,수리/세탁,20253,72.3,107,382,28.0,B
장위3동,스포츠/레저,20253,73.2,19,395,4.8,A
장위3동,식품 소매,20253,70.2,27,422,6.4,A
장위3동,예술학원,20253,60.7,67,378,17.7,A
장위3동,오락/유흥,20253,80.8,3,361,0.8,A
장위3동,의료/약국,20253,42.4,304,413,73.6,C
장위3동,의류/패션,20253,58.9,204,402,50.7,C
장위3동,일반학원,20253,30.3,376,397,94.7,D
장위3동,주점,20253,32.2,351,398,88.2,D
장위3동,중식,20253,45.0,229,358,64.0,C
장위3동,카페,20253,25.3,394,419,94.0,D
장위3동,패스트푸드/치킨,20253,25.9,403,409,98.5,D
장위3동,편의점,20253,62.8,27,405,6.7,A
장위3동,한식,20253,51.8,199,421,47.3,B
석관동,B2B 서비스,20253,16.6,356,368,96.7,D
석관동,미용실,20253,32.8,330,419,78.8,D
석관동,분식/간식,20253,47.8,242,415,58.3,C
석관동,뷰티/화장품,20253,44.4,239,394,60.7,C
석관동,생활용품 소매,20253,45.8,236,405,58.3,C
석관동,수리/세탁,20253,31.1,353,382,92.4,D
석관동,숙박,20253,48.8,101,194,52.1,C
석관동,스포츠/레저,20253,47.4,196,395,49.6,B
석관동,식품 소매,20253,48.7,214,422,50.7,C
석관동,애완동물,20253,59.2,41,147,27.9,B
석관동,양식/기타외식,20253,51.1,120,241,49.8,B
석관동,예술학원,20253,73.0,18,378,4.8,A
석관동,오락/유흥,20253,54.8,116,361,32.1,B
석관동,의료/약국,20253,36.2,350,413,84.7,D
석관동,의류/패션,20253,30.6,376,402,93.5,D
석관동,일반학원,20253,56.3,92,397,23.2,A
석관동,일식,20253,45.6,133,279,47.7,B
석관동,전자/통신,20253,47.7,148,309,47.9,B
석관동,주점,20253,49.2,182,398,45.7,B
석관동,중식,20253,54.3,128,358,35.8,B
석관동,카페,20253,50.8,124,419,29.6,B
석관동,패스트푸드/치킨,20253,49.7,148,409,36.2,B
석관동,편의점,20253,48.4,132,405,32.6,B
석관동,한식,20253,51.8,201,421,47.7,B
삼양동,B2B 서비스,20253,30.5,290,368,78.8,D
삼양동,미용실,20253,76.2,6,419,1.4,A
삼양동,분식/간식,20253,44.0,288,415,69.4,C
삼양동,뷰티/화장품,20253,34.6,303,394,76.9,D
삼양동,생활용품 소매,20253,66.6,90,405,22.2,A
삼양동,수리/세탁,20253,54.6,234,382,61.3,C
삼양동,숙박,20253,57.5,60,194,30.9,B
삼양동,스포츠/레저,20253,49.7,173,395,43.8,B
삼양동,식품 소매,20253,28.3,396,422,93.8,D
삼양동,예술학원,20253,82.6,3,378,0.8,A
삼양동,오락/유흥,20253,22.8,351,361,97.2,D
삼양동,의료/약국,20253,51.3,227,413,55.0,C
삼양동,의류/패션,20253,75.8,52,402,12.9,A
삼양동,일반학원,20253,34.9,344,397,86.6,D
삼양동,전자/통신,20253,22.2,267,309,86.4,D
삼양동,주점,20253,38.3,296,398,74.4,C
삼양동,중식,20253,35.9,314,358,87.7,D
삼양동,카페,20253,38.2,275,419,65.6,C
삼양동,패스트푸드/치킨,20253,40.9,256,409,62.6,C
삼양동,편의점,20253,49.7,110,405,27.2,B
삼양동,한식,20253,37.9,324,421,77.0,D
미아동,B2B 서비스,20253,24.4,330,368,89.7,D
미아동,미용실,20253,37.0,275,419,65.6,C
미아동,분식/간식,20253,39.9,339,415,81.7,D
미아동,뷰티/화장품,20253,66.0,83,394,21.1,A
미아동,생활용품 소매,20253,20.1,377,405,93.1,D
미아동,수리/세탁,20253,74.7,87,382,22.8,A
미아동,숙박,20253,66.1,29,194,14.9,A
미아동,스포츠/레저,20253,64.5,51,395,12.9,A
미아동,식품 소매,20253,39.8,307,422,72.7,C
미아동,양식/기타외식,20253,44.1,165,241,68.5,C
미아동,예술학원,20253,30.3,329,378,87.0,D
미아동,오락/유흥,20253,45.9,201,361,55.7,C
미아동,의료/약국,20253,37.4,347,413,84.0,D
미아동,의류/패션,20253,84.4,7,402,1.7,A
미아동,일반학원,20253,36.4,329,397,82.9,D
미아동,일식,20253,30.0,246,279,88.2,D
미아동,전자/통신,20253,56.0,113,309,36.6,B
미아동,주점,20253,48.4,192,398,48.2,B
미아동,중식,20253,57.7,89,358,24.9,A
미아동,카페,20253,50.7,125,419,29.8,B
미아동,패스트푸드/치킨,20253,43.4,226,409,55.3,C
미아동,편의점,20253,43.3,220,405,54.3,C
미아동,한식,20253,45.9,255,421,60.6,C
송중동,B2B 서비스,20253,42.8,204,368,55.4,C
송중동,미용실,20253,50.1,121,419,28.9,B
송중동,분식/간식,20253,57.6,107,415,25.8,B
송중동,뷰티/화장품,20253,28.7,332,394,84.3,D
송중동,생활용품 소매,20253,78.8,17,405,4.2,A
송중동,수리/세탁,20253,47.5,267,382,69.9,C
송중동,숙박,20253,29.5,172,194,88.7,D
송중동,스포츠/레저,20253,65.3,46,395,11.6,A
송중동,식품 소매,20253,54.5,154,422,36.5,B
송중동,애완동물,20253,62.1,37,147,25.2,B
송중동,양식/기타외식,20253,43.8,169,241,70.1,C
송중동,예술학원,20253,41.4,227,378,60.1,C
송중동,오락/유흥,20253,55.3,111,361,30.7,B
송중동,의료/약국,20253,31.7,370,413,89.6,D
송중동,의류/패션,20253,80.1,19,402,4.7,A
송중동,일반학원,20253,51.3,144,397,36.3,B
송중동,일식,20253,34.5,223,279,79.9,D
송중동,전자/통신,20253,29.7,242,309,78.3,D
송중동,주점,20253,45.7,218,398,54.8,C
송중동,중식,20253,31.8,340,358,95.0,D
송중동,카페,20253,28.7,377,419,90.0,D
송중동,패스트푸드/치킨,20253,59.5,65,409,15.9,A
송중동,편의점,20253,34.3,369,405,91.1,D
송중동,한식,20253,64.4,97,421,23.0,A
송천동,B2B 서비스,20253,46.4,172,368,46.7,B
송천동,미용실,20253,55.2,75,419,17.9,A
송천동,분식/간식,20253,49.2,216,415,52.0,C
송천동,뷰티/화장품,20253,73.4,47,394,11.9,A
송천동,생활용품 소매,20253,48.8,210,405,51.9,C
송천동,수리/세탁,20253,87.6,5,382,1.3,A
송천동,숙박,20253,47.9,107,194,55.2,C
송천동,스포츠/레저,20253,46.3,212,395,53.7,C
송천동,식품 소매,20253,55.0,148,422,35.1,B
송천동,양식/기타외식,20253,40.7,184,241,76.3,D
송천동,예술학원,20253,59.1,74,378,19.6,A
송천동,오락/유흥,20253,60.8,66,361,18.3,A
송천동,의료/약국,20253,60.8,102,413,24.7,A
송천동,의류/패션,20253,41.6,330,402,82.1,D
송천동,일반학원,20253,33.5,354,397,89.2,D
송천동,전자/통신,20253,93.4,3,309,1.0,A
송천동,주점,20253,26.8,368,398,92.5,D
송천동,중식,20253,37.0,305,358,85.2,D
송천동,카페,20253,49.8,133,419,31.7,B
송천동,패스트푸드/치킨,20253,34.1,345,409,84.4,D
송천동,편의점,20253,45.4,182,405,44.9,B
송천동,한식,20253,42.5,281,421,66.7,C
삼각산동,미용실,20253,46.9,152,419,36.3,B
삼각산동,분식/간식,20253,55.4,139,415,33.5,B
삼각산동,뷰티/화장품,20253,53.5,162,394,41.1,B
삼각산동,생활용품 소매,20253,80.2,13,405,3.2,A
삼각산동,수리/세탁,20253,34.6,342,382,89.5,D
삼각산동,스포츠/레저,20253,53.9,128,395,32.4,B
삼각산동,식품 소매,20253,27.2,402,422,95.3,D
삼각산동,예술학원,20253,54.2,107,378,28.3,B
삼각산동,오락/유흥,20253,53.0,127,361,35.2,B
삼각산동,의료/약국,20253,54.0,194,413,47.0,B
삼각산동,의류/패션,20253,54.8,242,402,60.2,C
삼각산동,일반학원,20253,56.6,86,397,21.7,A
삼각산동,전자/통신,20253,82.4,17,309,5.5,A
삼각산동,주점,20253,38.8,291,398,73.1,C
삼각산동,중식,20253,55.0,119,358,33.2,B
삼각산동,카페,20253,35.7,304,419,72.6,C
삼각산동,패스트푸드/치킨,20253,32.3,366,409,89.5,D
삼각산동,편의점,20253,55.6,60,405,14.8,A
삼각산동,한식,20253,42.0,287,421,68.2,C
번1동,B2B 서비스,20253,56.4,99,368,26.9,B
번1동,미용실,20253,43.3,190,419,45.3,B
번1동,분식/간식,20253,54.9,150,415,36.1,B
번1동,뷰티/화장품,20253,53.6,161,394,40.9,B
번1동,생활용품 소매,20253,69.6,71,405,17.5,A
번1동,수리/세탁,20253,53.5,239,382,62.6,C
번1동,숙박,20253,39.4,137,194,70.6,C
번1동,스포츠/레저,20253,36.1,326,395,82.5,D
번1동,식품 소매,20253,67.0,47,422,11.1,A
번1동,애완동물,20253,34.1,119,147,81.0,D
번1동,양식/기타외식,20253,41.2,182,241,75.5,D
번1동,예술학원,20253,63.9,45,378,11.9,A
번1동,오락/유흥,20253,67.1,28,361,7.8,A
번1동,의료/약국,20253,81.2,5,413,1.2,A
번1동,의류/패션,20253,59.4,198,402,49.3,B
번1동,일반학원,20253,44.1,243,397,61.2,C
번1동,일식,20253,57.5,54,279,19.4,A
번1동,전자/통신,20253,78.3,27,309,8.7,A
번1동,주점,20253,45.1,231,398,58.0,C
번1동,중식,20253,47.4,207,358,57.8,C
번1동,카페,20253,36.7,296,419,70.6,C
번1동,패스트푸드/치킨,20253,34.9,334,409,81.7,D
번1동,편의점,20253,34.0,372,405,91.9,D
번1동,한식,20253,42.4,285,421,67.7,C
번2동,B2B 서비스,20253,48.5,154,368,41.8,B
번2동,미용실,20253,32.6,333,419,79.5,D
번2동,분식/간식,20253,40.7,333,415,80.2,D
번2동,뷰티/화장품,20253,49.1,196,394,49.7,B
번2동,생활용품 소매,20253,50.0,200,405,49.4,B
번2동,수리/세탁,20253,10.3,381,382,99.7,D
번2동,식품 소매,20253,58.3,113,422,26.8,B
번2동,의료/약국,20253,69.9,28,413,6.8,A
번2동,의류/패션,20253,35.1,365,402,90.8,D
번2동,전자/통신,20253,17.7,287,309,92.9,D
번2동,주점,20253,21.4,390,398,98.0,D
번2동,카페,20253,36.0,301,419,71.8,C
번2동,편의점,20253,42.6,232,405,57.3,C
번2동,한식,20253,35.7,344,421,81.7,D
번3동,B2B 서비스,20253,69.8,31,368,8.4,A
번3동,미용실,20253,32.2,341,419,81.4,D
번3동,분식/간식,20253,53.9,160,415,38.6,B
번3동,뷰티/화장품,20253,16.2,393,394,99.7,D
번3동,생활용품 소매,20253,65.9,95,405,23.5,A
번3동,수리/세탁,20253,78.8,51,382,13.4,A
번3동,스포츠/레저,20253,46.9,208,395,52.7,C
번3동,식품 소매,20253,48.3,221,422,52.4,C
번3동,예술학원,20253,60.2,69,378,18.3,A
번3동,오락/유흥,20253,59.9,79,361,21.9,A
번3동,의료/약국,20253,66.9,50,413,12.1,A
번3동,의류/패션,20253,64.7,147,402,36.6,B
번3동,일반학원,20253,49.2,178,397,44.8,B
번3동,전자/통신,20253,50.1,138,309,44.7,B
번3동,주점,20253,35.0,329,398,82.7,D
번3동,중식,20253,50.4,179,358,50.0,B
번3동,카페,20253,14.6,419,419,100.0,D
번3동,패스트푸드/치킨,20253,39.4,283,409,69.2,C
번3동,편의점,20253,36.3,337,405,83.2,D
번3동,한식,20253,37.5,332,421,78.9,D
수유1동,B2B 서비스,20253,20.0,346,368,94.0,D
수유1동,미용실,20253,55.9,67,419,16.0,A
수유1동,분식/간식,20253,43.4,297,415,71.6,C
수유1동,뷰티/화장품,20253,69.7,67,394,17.0,A
수유1동,생활용품 소매,20253,19.1,381,405,94.1,D
수유1동,수리/세탁,20253,43.2,292,382,76.4,D
수유1동,숙박,20253,43.1,126,194,64.9,C
수유1동,스포츠/레저,20253,44.2,237,395,60.0,C
수유1동,식품 소매,20253,40.5,300,422,71.1,C
수유1동,애완동물,20253,63.1,32,147,21.8,A
수유1동,양식/기타외식,20253,43.9,168,241,69.7,C
수유1동,예술학원,20253,47.7,152,378,40.2,B
수유1동,오락/유흥,20253,51.6,146,361,40.4,B
수유1동,의료/약국,20253,41.9,312,413,75.5,D
수유1동,의류/패션,20253,81.4,12,402,3.0,A
수유1동,일반학원,20253,65.1,33,397,8.3,A
수유1동,일식,20253,53.7,80,279,28.7,B
수유1동,전자/통신,20253,18.8,285,309,92.2,D
수유1동,주점,20253,37.0,307,398,77.1,D
수유1동,중식,20253,63.4,39,358,10.9,A
수유1동,카페,20253,52.9,104,419,24.8,A
수유1동,패스트푸드/치킨,20253,53.9,109,409,26.7,B
수유1동,편의점,20253,40.5,265,405,65.4,C
수유1동,한식,20253,54.8,170,421,40.4,B
수유2동,B2B 서비스,20253,54.9,108,368,29.3,B
수유2동,미용실,20253,27.2,396,419,94.5,D
수유2동,분식/간식,20253,61.2,70,415,16.9,A
수유2동,뷰티/화장품,20253,39.5,271,394,68.8,C
수유2동,생활용품 소매,20253,75.7,30,405,7.4,A
수유2동,수리/세탁,20253,34.0,345,382,90.3,D
수유2동,스포츠/레저,20253,63.6,53,395,13.4,A
수유2동,식품 소매,20253,50.9,193,422,45.7,B
수유2동,예술학원,20253,49.0,138,378,36.5,B
수유2동,오락/유흥,20253,41.3,246,361,68.1,C
수유2동,의료/약국,20253,55.0,174,413,42.1,B
수유2동,의류/패션,20253,57.7,214,402,53.2,C
수유2동,일반학원,20253,37.5,315,397,79.3,D
수유2동,일식,20253,34.6,222,279,79.6,D
수유2동,주점,20253,42.2,257,398,64.6,C
수유2동,중식,20253,32.1,336,358,93.9,D
수유2동,카페,20253,51.6,113,419,27.0,B
수유2동,패스트푸드/치킨,20253,34.8,335,409,81.9,D
수유2동,편의점,20253,49.3,112,405,27.7,B
수유2동,한식,20253,60.5,130,421,30.9,B
수유3동,B2B 서비스,20253,30.6,289,368,78.5,D
수유3동,미용실,20253,33.7,319,419,76.1,D
수유3동,분식/간식,20253,44.1,286,415,68.9,C
수유3동,뷰티/화장품,20253,41.6,257,394,65.2,C
수유3동,생활용품 소매,20253,36.3,298,405,73.6,C
수유3동,수리/세탁,20253,48.0,264,382,69.1,C
수유3동,숙박,20253,52.0,85,194,43.8,B
수유3동,스포츠/레저,20253,39.1,288,395,72.9,C
수유3동,식품 소매,20253,72.4,19,422,4.5,A
수유3동,애완동물,20253,72.6,10,147,6.8,A
수유3동,오락/유흥,20253,46.6,190,361,52.6,C
수유3동,의료/약국,20253,40.8,318,413,77.0,D
수유3동,의류/패션,20253,59.4,197,402,49.0,B
수유3동,일반학원,20253,38.6,303,397,76.3,D
수유3동,일식,20253,41.6,165,279,59.1,C
수유3동,전자/통신,20253,46.1,158,309,51.1,C
수유3동,주점,20253,39.2,288,398,72.4,C
수유3동,중식,20253,48.2,199,358,55.6,C
수유3동,카페,20253,58.6,68,419,16.2,A
수유3동,패스트푸드/치킨,20253,40.0,269,409,65.8,C
수유3동,편의점,20253,58.6,42,405,10.4,A
수유3동,한식,20253,66.4,87,421,20.7,A
우이동,B2B 서비스,20253,48.6,153,368,41.6,B
우이동,미용실,20253,56.7,61,419,14.6,A
우이동,분식/간식,20253,64.9,46,415,11.1,A
우이동,뷰티/화장품,20253,36.3,295,394,74.9,C
우이동,생활용품 소매,20253,47.6,222,405,54.8,C
우이동,수리/세탁,20253,25.7,364,382,95.3,D
우이동,숙박,20253,65.7,31,194,16.0,A
우이동,식품 소매,20253,52.2,171,422,40.5,B
우이동,예술학원,20253,58.6,78,378,20.6,A
우이동,오락/유흥,20253,63.0,56,361,15.5,A
우이동,의료/약국,20253,49.2,246,413,59.6,C
우이동,의류/패션,20253,77.1,40,402,10.0,A
우이동,일반학원,20253,36.8,323,397,81.4,D
우이동,일식,20253,68.8,13,279,4.7,A
우이동,전자/통신,20253,49.0,143,309,46.3,B
우이동,주점,20253,25.7,375,398,94.2,D
우이동,중식,20253,63.5,36,358,10.1,A
우이동,카페,20253,31.8,344,419,82.1,D
우이동,패스트푸드/치킨,20253,59.8,59,409,14.4,A
우이동,편의점,20253,35.4,356,405,87.9,D
우이동,한식,20253,19.9,417,421,99.0,D
인수동,B2B 서비스,20253,44.5,187,368,50.8,C
인수동,미용실,20253,38.7,247,419,58.9,C
인수동,분식/간식,20253,52.9,173,415,41.7,B
인수동,뷰티/화장품,20253,82.2,7,394,1.8,A
인수동,생활용품 소매,20253,20.5,373,405,92.1,D
인수동,수리/세탁,20253,80.5,41,382,10.7,A
인수동,숙박,20253,34.3,163,194,84.0,D
인수동,스포츠/레저,20253,50.2,168,395,42.5,B
인수동,식품 소매,20253,48.3,220,422,52.1,C
인수동,애완동물,20253,14.9,147,147,100.0,D
인수동,양식/기타외식,20253,25.7,235,241,97.5,D
인수동,예술학원,20253,70.8,24,378,6.3,A
인수동,오락/유흥,20253,52.2,137,361,38.0,B
인수동,의료/약국,20253,71.7,21,413,5.1,A
인수동,의류/패션,20253,71.6,97,402,24.1,A
인수동,일반학원,20253,52.6,128,397,32.2,B
인수동,전자/통신,20253,25.4,255,309,82.5,D
인수동,주점,20253,46.4,213,398,53.5,C
인수동,중식,20253,42.3,266,358,74.3,C
인수동,카페,20253,32.6,334,419,79.7,D
인수동,패스트푸드/치킨,20253,54.0,106,409,25.9,B
인수동,편의점,20253,47.4,148,405,36.5,B
인수동,한식,20253,37.6,326,421,77.4,D
창1동,B2B 서비스,20253,81.0,5,368,1.4,A
창1동,미용실,20253,46.2,159,419,37.9,B
창1동,분식/간식,20253,59.3,89,415,21.4,A
창1동,뷰티/화장품,20253,45.8,224,394,56.9,C
창1동,생활용품 소매,20253,78.8,18,405,4.4,A
창1동,수리/세탁,20253,62.7,185,382,48.4,B
창1동,스포츠/레저,20253,53.7,130,395,32.9,B
창1동,식품 소매,20253,33.5,363,422,86.0,D
창1동,애완동물,20253,45.1,84,147,57.1,C
창1동,예술학원,20253,30.8,326,378,86.2,D
창1동,오락/유흥,20253,27.5,334,361,92.5,D
창1동,의료/약국,20253,55.8,161,413,39.0,B
창1동,의류/패션,20253,42.6,324,402,80.6,D
창1동,일반학원,20253,45.6,230,397,57.9,C
창1동,일식,20253,55.7,66,279,23.7,A
창1동,전자/통신,20253,47.3,153,309,49.5,B
창1동,주점,20253,47.3,202,398,50.8,C
창1동,중식,20253,51.7,163,358,45.5,B
창1동,카페,20253,40.2,256,419,61.1,C
창1동,패스트푸드/치킨,20253,46.6,186,409,45.5,B
창1동,편의점,20253,37.1,328,405,81.0,D
창1동,한식,20253,37.5,333,421,79.1,D
창2동,B2B 서비스,20253,46.5,169,368,45.9,B
창2동,미용실,20253,40.1,237,419,56.6,C
창2동,분식/간식,20253,33.8,382,415,92.0,D
창2동,뷰티/화장품,20253,25.9,353,394,89.6,D
창2동,생활용품 소매,20253,37.0,296,405,73.1,C
창2동,수리/세탁,20253,84.5,14,382,3.7,A
창2동,스포츠/레저,20253,50.9,162,395,41.0,B
창2동,식품 소매,20253,48.9,210,422,49.8,B
창2동,예술학원,20253,37.7,268,378,70.9,C
창2동,오락/유흥,20253,73.6,8,361,2.2,A
창2동,의료/약국,20253,59.0,122,413,29.5,B
창2동,의류/패션,20253,65.1,140,402,34.8,B
창2동,일반학원,20253,46.6,218,397,54.9,C
창2동,일식,20253,27.3,259,279,92.8,D
창2동,전자/통신,20253,56.1,112,309,36.2,B
창2동,주점,20253,72.9,12,398,3.0,A
창2동,중식,20253,61.0,57,358,15.9,A
창2동,카페,20253,28.6,379,419,90.5,D
창2동,패스트푸드/치킨,20253,52.6,123,409,30.1,B
창2동,편의점,20253,46.3,170,405,42.0,B
창2동,한식,20253,36.9,337,421,80.0,D
창3동,B2B 서비스,20253,22.3,340,368,92.4,D
창3동,미용실,20253,40.4,232,419,55.4,C
창3동,분식/간식,20253,38.1,352,415,84.8,D
창3동,뷰티/화장품,20253,78.4,17,394,4.3,A
창3동,생활용품 소매,20253,44.3,252,405,62.2,C
창3동,수리/세탁,20253,28.9,361,382,94.5,D
창3동,식품 소매,20253,30.4,384,422,91.0,D
창3동,예술학원,20253,72.9,19,378,5.0,A
창3동,오락/유흥,20253,44.0,220,361,60.9,C
창3동,의료/약국,20253,41.9,311,413,75.3,D
창3동,의류/패션,20253,72.2,91,402,22.6,A
창3동,일반학원,20253,50.3,164,397,41.3,B
창3동,전자/통신,20253,26.9,246,309,79.6,D
창3동,주점,20253,45.6,220,398,55.3,C
창3동,중식,20253,28.7,348,358,97.2,D
창3동,카페,20253,35.6,309,419,73.7,C
창3동,패스트푸드/치킨,20253,43.9,221,409,54.0,C
창3동,편의점,20253,41.8,247,405,61.0,C
창3동,한식,20253,25.5,404,421,96.0,D
창4동,B2B 서비스,20253,47.5,163,368,44.3,B
창4동,미용실,20253,42.0,208,419,49.6,B
창4동,분식/간식,20253,48.9,220,415,53.0,C
창4동,뷰티/화장품,20253,49.8,193,394,49.0,B
창4동,생활용품 소매,20253,20.2,375,405,92.6,D
창4동,수리/세탁,20253,96.0,1,382,0.3,A
창4동,숙박,20253,65.3,34,194,17.5,A
창4동,스포츠/레저,20253,81.2,6,395,1.5,A
창4동,식품 소매,20253,49.9,205,422,48.6,B
창4동,양식/기타외식,20253,45.9,153,241,63.5,C
창4동,예술학원,20253,22.3,367,378,97.1,D
창4동,오락/유흥,20253,45.5,206,361,57.1,C
창4동,의료/약국,20253,48.8,249,413,60.3,C
창4동,의류/패션,20253,18.8,398,402,99.0,D
창4동,일반학원,20253,30.4,375,397,94.5,D
창4동,일식,20253,47.6,120,279,43.0,B
창4동,전자/통신,20253,53.9,123,309,39.8,B
창4동,주점,20253,50.4,167,398,42.0,B
창4동,중식,20253,41.9,269,358,75.1,D
창4동,카페,20253,44.8,192,419,45.8,B
창4동,패스트푸드/치킨,20253,52.1,127,409,31.1,B
창4동,편의점,20253,40.6,263,405,64.9,C
창4동,한식,20253,39.4,308,421,73.2,C
창5동,B2B 서비스,20253,27.7,307,368,83.4,D
창5동,미용실,20253,32.2,342,419,81.6,D
창5동,분식/간식,20253,31.1,399,415,96.1,D
창5동,뷰티/화장품,20253,72.6,52,394,13.2,A
창5동,생활용품 소매,20253,56.1,157,405,38.8,B
창5동,수리/세탁,20253,41.2,307,382,80.4,D
창5동,스포츠/레저,20253,42.3,257,395,65.1,C
창5동,식품 소매,20253,55.9,138,422,32.7,B
창5동,예술학원,20253,33.3,310,378,82.0,D
창5동,오락/유흥,20253,36.3,278,361,77.0,D
창5동,의료/약국,20253,37.6,345,413,83.5,D
창5동,의류/패션,20253,56.4,227,402,56.5,C
창5동,일반학원,20253,44.2,242,397,61.0,C
창5동,일식,20253,34.4,224,279,80.3,D
창5동,전자/통신,20253,32.5,231,309,74.8,C
창5동,주점,20253,40.5,275,398,69.1,C
창5동,중식,20253,32.7,333,358,93.0,D
창5동,카페,20253,23.5,404,419,96.4,D
창5동,패스트푸드/치킨,20253,34.8,336,409,82.2,D
창5동,편의점,20253,46.2,172,405,42.5,B
창5동,한식,20253,53.0,190,421,45.1,B
도봉1동,B2B 서비스,20253,32.5,278,368,75.5,D
도봉1동,미용실,20253,47.8,142,419,33.9,B
도봉1동,분식/간식,20253,51.2,195,415,47.0,B
도봉1동,뷰티/화장품,20253,38.7,279,394,70.8,C
도봉1동,생활용품 소매,20253,83.2,6,405,1.5,A
도봉1동,수리/세탁,20253,61.3,199,382,52.1,C
도봉1동,숙박,20253,51.7,88,194,45.4,B
도봉1동,스포츠/레저,20253,47.0,206,395,52.2,C
도봉1동,식품 소매,20253,73.5,15,422,3.6,A
도봉1동,애완동물,20253,18.9,146,147,99.3,D
도봉1동,예술학원,20253,69.7,27,378,7.1,A
도봉1동,오락/유흥,20253,55.2,112,361,31.0,B
도봉1동,의료/약국,20253,64.0,80,413,19.4,A
도봉1동,의류/패션,20253,25.0,393,402,97.8,D
도봉1동,일반학원,20253,46.9,214,397,53.9,C
도봉1동,전자/통신,20253,19.8,281,309,90.9,D
도봉1동,주점,20253,53.2,139,398,34.9,B
도봉1동,중식,20253,45.2,227,358,63.4,C
도봉1동,카페,20253,49.2,142,419,33.9,B
도봉1동,패스트푸드/치킨,20253,33.4,354,409,86.6,D
도봉1동,편의점,20253,53.6,79,405,19.5,A
도봉1동,한식,20253,35.3,349,421,82.9,D
도봉2동,B2B 서비스,20253,25.2,322,368,87.5,D
도봉2동,미용실,20253,50.5,113,419,27.0,B
도봉2동,분식/간식,20253,51.2,196,415,47.2,B
도봉2동,뷰티/화장품,20253,52.3,171,394,43.4,B
도봉2동,생활용품 소매,20253,58.0,145,405,35.8,B
도봉2동,수리/세탁,20253,81.7,33,382,8.6,A
도봉2동,스포츠/레저,20253,40.2,276,395,69.9,C
도봉2동,식품 소매,20253,31.0,380,422,90.0,D
도봉2동,양식/기타외식,20253,27.2,232,241,96.3,D
도봉2동,예술학원,20253,34.5,302,378,79.9,D
도봉2동,오락/유흥,20253,41.0,251,361,69.5,C
도봉2동,의료/약국,20253,56.2,155,413,37.5,B
도봉2동,의류/패션,20253,62.7,169,402,42.0,B
도봉2동,일반학원,20253,90.9,1,397,0.3,A
도봉2동,일식,20253,41.1,172,279,61.6,C
도봉2동,주점,20253,40.6,273,398,68.6,C
도봉2동,중식,20253,53.0,145,358,40.5,B
도봉2동,카페,20253,55.2,92,419,22.0,A
도봉2동,패스트푸드/치킨,20253,42.3,237,409,57.9,C
도봉2동,편의점,20253,35.6,351,405,86.7,D
도봉2동,한식,20253,46.6,248,421,58.9,C
쌍문1동,B2B 서비스,20253,54.4,113,368,30.7,B
쌍문1동,미용실,20253,49.2,130,419,31.0,B
쌍문1동,분식/간식,20253,49.6,212,415,51.1,C
쌍문1동,뷰티/화장품,20253,66.8,81,394,20.6,A
쌍문1동,생활용품 소매,20253,50.7,196,405,48.4,B
쌍문1동,수리/세탁,20253,82.1,30,382,7.9,A
쌍문1동,스포츠/레저,20253,39.8,280,395,70.9,C
쌍문1동,식품 소매,20253,57.3,125,422,29.6,B
쌍문1동,양식/기타외식,20253,66.7,21,241,8.7,A
쌍문1동,예술학원,20253,52.7,114,378,30.2,B
쌍문1동,오락/유흥,20253,50.9,151,361,41.8,B
쌍문1동,의료/약국,20253,33.3,363,413,87.9,D
쌍문1동,의류/패션,20253,57.5,216,402,53.7,C
쌍문1동,일반학원,20253,36.6,325,397,81.9,D
쌍문1동,일식,20253,55.6,68,279,24.4,A
쌍문1동,전자/통신,20253,93.8,2,309,0.6,A
쌍문1동,주점,20253,22.2,388,398,97.5,D
쌍문1동,중식,20253,42.9,257,358,71.8,C
쌍문1동,카페,20253,76.5,18,419,4.3,A
쌍문1동,패스트푸드/치킨,20253,31.1,380,409,92.9,D
쌍문1동,편의점,20253,41.8,246,405,60.7,C
쌍문1동,한식,20253,55.2,167,421,39.7,B
쌍문2동,B2B 서비스,20253,39.1,233,368,63.3,C
쌍문2동,미용실,20253,32.2,340,419,81.1,D
쌍문2동,분식/간식,20253,44.1,285,415,68.7,C
쌍문2동,뷰티/화장품,20253,63.1,102,394,25.9,B
쌍문2동,생활용품 소매,20253,13.0,402,405,99.3,D
쌍문2동,수리/세탁,20253,70.7,118,382,30.9,B
쌍문2동,스포츠/레저,20253,39.2,285,395,72.2,C
쌍문2동,식품 소매,20253,38.0,325,422,77.0,D
쌍문2동,양식/기타외식,20253,50.5,123,241,51.0,C
쌍문2동,예술학원,20253,61.3,62,378,16.4,A
쌍문2동,오락/유흥,20253,34.8,289,361,80.1,D
쌍문2동,의료/약국,20253,65.9,61,413,14.8,A
쌍문2동,의류/패션,20253,39.7,346,402,86.1,D
쌍문2동,일반학원,20253,42.1,263,397,66.2,C
쌍문2동,일식,20253,87.4,1,279,0.4,A
쌍문2동,전자/통신,20253,54.6,118,309,38.2,B
쌍문2동,주점,20253,54.2,129,398,32.4,B
쌍문2동,중식,20253,42.1,268,358,74.9,C
쌍문2동,카페,20253,46.3,178,419,42.5,B
쌍문2동,패스트푸드/치킨,20253,40.0,271,409,66.3,C
쌍문2동,편의점,20253,33.0,381,405,94.1,D
쌍문2동,한식,20253,37.5,331,421,78.6,D
쌍문3동,B2B 서비스,20253,49.5,143,368,38.9,B
쌍문3동,미용실,20253,57.0,57,419,13.6,A
쌍문3동,분식/간식,20253,49.4,214,415,51.6,C
쌍문3동,뷰티/화장품,20253,50.4,189,394,48.0,B
쌍문3동,생활용품 소매,20253,47.9,218,405,53.8,C
쌍문3동,숙박,20253,38.1,143,194,73.7,C
쌍문3동,스포츠/레저,20253,58.8,85,395,21.5,A
쌍문3동,식품 소매,20253,43.2,273,422,64.7,C
쌍문3동,애완동물,20253,65.1,29,147,19.7,A
쌍문3동,예술학원,20253,27.0,349,378,92.3,D
쌍문3동,오락/유흥,20253,24.2,348,361,96.4,D
쌍문3동,의료/약국,20253,61.6,91,413,22.0,A
쌍문3동,의류/패션,20253,76.8,43,402,10.7,A
쌍문3동,일반학원,20253,41.6,270,397,68.0,C
쌍문3동,일식,20253,37.7,203,279,72.8,C
쌍문3동,전자/통신,20253,72.9,48,309,15.5,A
쌍문3동,주점,20253,30.6,360,398,90.5,D
쌍문3동,중식,20253,39.1,285,358,79.6,D
쌍문3동,카페,20253,23.1,406,419,96.9,D
쌍문3동,패스트푸드/치킨,20253,37.0,312,409,76.3,D
쌍문3동,편의점,20253,38.6,306,405,75.6,D
쌍문3동,한식,20253,56.6,159,421,37.8,B
쌍문4동,미용실,20253,49.9,123,419,29.4,B
쌍문4동,분식/간식,20253,51.1,198,415,47.7,B
쌍문4동,뷰티/화장품,20253,48.0,201,394,51.0,C
쌍문4동,생활용품 소매,20253,47.8,219,405,54.1,C
쌍문4동,수리/세탁,20253,80.9,37,382,9.7,A
쌍문4동,스포츠/레저,20253,52.6,138,395,34.9,B
쌍문4동,식품 소매,20253,54.2,156,422,37.0,B
쌍문4동,애완동물,20253,50.5,62,147,42.2,B
쌍문4동,예술학원,20253,37.8,264,378,69.8,C
쌍문4동,의료/약국,20253,58.1,134,413,32.4,B
쌍문4동,의류/패션,20253,37.8,356,402,88.6,D
쌍문4동,일반학원,20253,36.4,328,397,82.6,D
쌍문4동,카페,20253,20.2,417,419,99.5,D
쌍문4동,패스트푸드/치킨,20253,58.1,77,409,18.8,A
쌍문4동,편의점,20253,35.1,360,405,88.9,D
쌍문4동,한식,20253,24.8,406,421,96.4,D
방학1동,B2B 서비스,20253,51.7,126,368,34.2,B
방학1동,미용실,20253,48.3,136,419,32.5,B
방학1동,분식/간식,20253,56.2,126,415,30.4,B
방학1동,뷰티/화장품,20253,54.0,157,394,39.8,B
방학1동,생활용품 소매,20253,38.3,285,405,70.4,C
방학1동,수리/세탁,20253,72.7,104,382,27.2,B
방학1동,숙박,20253,56.8,63,194,32.5,B
방학1동,스포츠/레저,20253,42.5,252,395,63.8,C
방학1동,식품 소매,20253,46.3,241,422,57.1,C
방학1동,애완동물,20253,53.2,53,147,36.1,B
방학1동,양식/기타외식,20253,57.1,75,241,31.1,B
방학1동,예술학원,20253,51.1,122,378,32.3,B
방학1동,오락/유흥,20253,52.2,139,361,38.5,B
방학1동,의료/약국,20253,55.8,163,413,39.5,B
방학1동,의류/패션,20253,41.6,332,402,82.6,D
방학1동,일반학원,20253,36.8,322,397,81.1,D
방학1동,일식,20253,40.2,183,279,65.6,C
방학1동,전자/통신,20253,66.0,67,309,21.7,A
방학1동,주점,20253,50.5,166,398,41.7,B
방학1동,중식,20253,33.3,330,358,92.2,D
방학1동,카페,20253,31.5,348,419,83.1,D
방학1동,패스트푸드/치킨,20253,33.9,348,409,85.1,D
방학1동,편의점,20253,46.7,165,405,40.7,B
방학1동,한식,20253,33.7,365,421,86.7,D
방학2동,B2B 서비스,20253,34.0,265,368,72.0,C
방학2동,미용실,20253,43.4,187,419,44.6,B
방학2동,분식/간식,20253,41.5,322,415,77.6,D
방학2동,뷰티/화장품,20253,42.3,254,394,64.5,C
방학2동,생활용품 소매,20253,53.7,175,405,43.2,B
방학2동,수리/세탁,20253,65.5,159,382,41.6,B
방학2동,스포츠/레저,20253,43.4,246,395,62.3,C
방학2동,식품 소매,20253,75.4,8,422,1.9,A
방학2동,애완동물,20253,41.3,98,147,66.7,C
방학2동,예술학원,20253,53.9,108,378,28.6,B
방학2동,오락/유흥,20253,56.1,102,361,28.3,B
방학2동,의료/약국,20253,32.2,367,413,88.9,D
방학2동,의류/패션,20253,77.2,38,402,9.5,A
방학2동,일반학원,20253,38.1,311,397,78.3,D
방학2동,전자/통신,20253,80.2,22,309,7.1,A
방학2동,주점,20253,56.5,110,398,27.6,B
방학2동,중식,20253,52.0,159,358,44.4,B
방학2동,카페,20253,32.9,332,419,79.2,D
방학2동,패스트푸드/치킨,20253,34.7,337,409,82.4,D
방학2동,편의점,20253,40.0,275,405,67.9,C
방학2동,한식,20253,34.4,360,421,85.5,D
방학3동,B2B 서비스,20253,71.7,22,368,6.0,A
방학3동,미용실,20253,43.1,193,419,46.1,B
방학3동,분식/간식,20253,34.4,379,415,91.3,D
방학3동,수리/세탁,20253,84.6,13,382,3.4,A
방학3동,스포츠/레저,20253,42.4,256,395,64.8,C
방학3동,식품 소매,20253,62.4,81,422,19.2,A
방학3동,예술학원,20253,56.4,93,378,24.6,A
방학3동,오락/유흥,20253,49.9,167,361,46.3,B
방학3동,의료/약국,20253,72.2,20,413,4.8,A
방학3동,의류/패션,20253,30.5,377,402,93.8,D
방학3동,일반학원,20253,53.7,121,397,30.5,B
방학3동,전자/통신,20253,83.0,15,309,4.9,A
방학3동,주점,20253,67.5,34,398,8.5,A
방학3동,중식,20253,42.6,262,358,73.2,C
방학3동,카페,20253,37.4,287,419,68.5,C
방학3동,패스트푸드/치킨,20253,36.1,323,409,79.0,D
방학3동,편의점,20253,33.9,373,405,92.1,D
방학3동,한식,20253,18.7,420,421,99.8,D
월계1동,B2B 서비스,20253,22.4,339,368,92.1,D
월계1동,미용실,20253,40.3,233,419,55.6,C
월계1동,분식/간식,20253,54.9,151,415,36.4,B
월계1동,뷰티/화장품,20253,56.4,137,394,34.8,B
월계1동,생활용품 소매,20253,52.5,186,405,45.9,B
월계1동,수리/세탁,20253,74.8,85,382,22.3,A
월계1동,숙박,20253,72.1,13,194,6.7,A
월계1동,스포츠/레저,20253,56.3,104,395,26.3,B
월계1동,식품 소매,20253,53.1,164,422,38.9,B
월계1동,예술학원,20253,64.7,41,378,10.8,A
월계1동,오락/유흥,20253,48.2,176,361,48.8,B
월계1동,의료/약국,20253,42.1,308,413,74.6,C
월계1동,의류/패션,20253,66.9,130,402,32.3,B
월계1동,일반학원,20253,40.9,279,397,70.3,C
월계1동,일식,20253,36.5,213,279,76.3,D
월계1동,전자/통신,20253,32.9,229,309,74.1,C
월계1동,주점,20253,42.8,252,398,63.3,C
월계1동,중식,20253,52.4,151,358,42.2,B
월계1동,카페,20253,45.3,190,419,45.3,B
월계1동,패스트푸드/치킨,20253,49.0,155,409,37.9,B
월계1동,편의점,20253,53.2,84,405,20.7,A
월계1동,한식,20253,76.1,30,421,7.1,A
월계2동,B2B 서비스,20253,50.3,135,368,36.7,B
월계2동,미용실,20253,38.5,252,419,60.1,C
월계2동,분식/간식,20253,57.3,112,415,27.0,B
월계2동,뷰티/화장품,20253,56.7,135,394,34.3,B
월계2동,생활용품 소매,20253,64.9,104,405,25.7,B
월계2동,수리/세탁,20253,44.7,281,382,73.6,C
월계2동,스포츠/레저,20253,42.8,249,395,63.0,C
월계2동,식품 소매,20253,36.4,337,422,79.9,D
월계2동,예술학원,20253,65.1,38,378,10.1,A
월계2동,의료/약국,20253,40.5,322,413,78.0,D
월계2동,일반학원,20253,34.2,349,397,87.9,D
월계2동,전자/통신,20253,20.3,277,309,89.6,D
월계2동,카페,20253,46.7,170,419,40.6,B
월계2동,패스트푸드/치킨,20253,51.0,137,409,33.5,B
월계2동,편의점,20253,69.5,15,405,3.7,A
월계2동,한식,20253,72.8,50,421,11.9,A
월계3동,B2B 서비스,20253,73.8,19,368,5.2,A
월계3동,미용실,20253,69.0,17,419,4.1,A
월계3동,분식/간식,20253,42.8,305,415,73.5,C
월계3동,뷰티/화장품,20253,76.4,33,394,8.4,A
월계3동,생활용품 소매,20253,22.7,361,405,89.1,D
월계3동,숙박,20253,28.3,178,194,91.8,D
월계3동,스포츠/레저,20253,53.7,131,395,33.2,B
월계3동,식품 소매,20253,36.1,338,422,80.1,D
월계3동,의료/약국,20253,55.7,164,413,39.7,B
월계3동,일반학원,20253,32.1,365,397,91.9,D
월계3동,카페,20253,32.4,337,419,80.4,D
월계3동,패스트푸드/치킨,20253,31.3,379,409,92.7,D
월계3동,편의점,20253,38.7,303,405,74.8,C
월계3동,한식,20253,50.7,209,421,49.6,B
공릉1동,B2B 서비스,20253,33.0,272,368,73.9,C
공릉1동,미용실,20253,30.3,361,419,86.2,D
공릉1동,분식/간식,20253,52.9,174,415,41.9,B
공릉1동,뷰티/화장품,20253,45.2,230,394,58.4,C
공릉1동,생활용품 소매,20253,74.1,43,405,10.6,A
공릉1동,수리/세탁,20253,64.6,175,382,45.8,B
공릉1동,숙박,20253,24.4,185,194,95.4,D
공릉1동,스포츠/레저,20253,30.7,366,395,92.7,D
공릉1동,식품 소매,20253,54.4,155,422,36.7,B
공릉1동,애완동물,20253,48.5,66,147,44.9,B
공릉1동,양식/기타외식,20253,66.8,20,241,8.3,A
공릉1동,예술학원,20253,35.3,294,378,77.8,D
공릉1동,오락/유흥,20253,43.5,229,361,63.4,C
공릉1동,의료/약국,20253,52.5,213,413,51.6,C
공릉1동,의류/패션,20253,60.4,193,402,48.0,B
공릉1동,일반학원,20253,50.9,153,397,38.5,B
공릉1동,일식,20253,40.0,187,279,67.0,C
공릉1동,전자/통신,20253,22.8,264,309,85.4,D
공릉1동,주점,20253,29.4,364,398,91.5,D
공릉1동,중식,20253,60.4,63,358,17.6,A
공릉1동,카페,20253,37.9,278,419,66.3,C
공릉1동,패스트푸드/치킨,20253,45.5,203,409,49.6,B
공릉1동,편의점,20253,54.8,68,405,16.8,A
공릉1동,한식,20253,55.2,166,421,39.4,B
공릉2동,B2B 서비스,20253,61.3,70,368,19.0,A
공릉2동,미용실,20253,33.6,320,419,76.4,D
공릉2동,분식/간식,20253,44.2,282,415,68.0,C
공릉2동,뷰티/화장품,20253,27.8,339,394,86.0,D
공릉2동,생활용품 소매,20253,58.7,139,405,34.3,B
공릉2동,수리/세탁,20253,59.5,206,382,53.9,C
공릉2동,스포츠/레저,20253,37.6,312,395,79.0,D
공릉2동,식품 소매,20253,40.3,303,422,71.8,C
공릉2동,양식/기타외식,20253,66.3,23,241,9.5,A
공릉2동,예술학원,20253,37.4,269,378,71.2,C
공릉2동,오락/유흥,20253,53.8,121,361,33.5,B
공릉2동,의료/약국,20253,57.5,141,413,34.1,B
공릉2동,의류/패션,20253,72.3,86,402,21.4,A
공릉2동,일반학원,20253,41.1,277,397,69.8,C
공릉2동,일식,20253,52.5,87,279,31.2,B
공릉2동,전자/통신,20253,78.5,26,309,8.4,A
공릉2동,주점,20253,44.0,242,398,60.8,C
공릉2동,중식,20253,57.2,96,358,26.8,B
공릉2동,카페,20253,87.7,7,419,1.7,A
공릉2동,패스트푸드/치킨,20253,49.6,150,409,36.7,B
공릉2동,편의점,20253,78.5,6,405,1.5,A
공릉2동,한식,20253,56.1,162,421,38.5,B
하계1동,B2B 서비스,20253,48.1,159,368,43.2,B
하계1동,미용실,20253,42.6,197,419,47.0,B
하계1동,분식/간식,20253,53.7,163,415,39.3,B
하계1동,뷰티/화장품,20253,80.3,14,394,3.6,A
하계1동,생활용품 소매,20253,58.8,136,405,33.6,B
하계1동,수리/세탁,20253,81.4,36,382,9.4,A
하계1동,스포츠/레저,20253,46.5,211,395,53.4,C
하계1동,식품 소매,20253,42.8,280,422,66.4,C
하계1동,예술학원,20253,56.4,92,378,24.3,A
하계1동,오락/유흥,20253,28.2,332,361,92.0,D
하계1동,의료/약국,20253,54.4,185,413,44.8,B
하계1동,의류/패션,20253,46.0,301,402,74.9,C
하계1동,일반학원,20253,47.9,200,397,50.4,C
하계1동,일식,20253,60.0,41,279,14.7,A
하계1동,전자/통신,20253,73.6,45,309,14.6,A
하계1동,주점,20253,30.9,359,398,90.2,D
하계1동,중식,20253,43.1,253,358,70.7,C
하계1동,카페,20253,55.1,93,419,22.2,A
하계1동,패스트푸드/치킨,20253,42.2,240,409,58.7,C
하계1동,편의점,20253,40.7,262,405,64.7,C
하계1동,한식,20253,62.8,112,421,26.6,B
하계2동,미용실,20253,37.6,265,419,63.2,C
하계2동,분식/간식,20253,48.6,227,415,54.7,C
하계2동,수리/세탁,20253,61.9,191,382,50.0,B
하계2동,식품 소매,20253,43.0,274,422,64.9,C
하계2동,예술학원,20253,44.5,188,378,49.7,B
하계2동,의료/약국,20253,64.7,71,413,17.2,A
하계2동,일반학원,20253,51.8,139,397,35.0,B
하계2동,패스트푸드/치킨,20253,30.5,386,409,94.4,D
하계2동,한식,20253,76.0,31,421,7.4,A
중계본동,B2B 서비스,20253,16.2,357,368,97.0,D
중계본동,미용실,20253,42.3,203,419,48.4,B
중계본동,분식/간식,20253,34.4,377,415,90.8,D
중계본동,뷰티/화장품,20253,77.4,25,394,6.3,A
중계본동,생활용품 소매,20253,28.1,335,405,82.7,D
중계본동,수리/세탁,20253,36.3,334,382,87.4,D
중계본동,스포츠/레저,20253,39.2,284,395,71.9,C
중계본동,식품 소매,20253,24.8,413,422,97.9,D
중계본동,양식/기타외식,20253,27.4,231,241,95.9,D
중계본동,예술학원,20253,49.2,137,378,36.2,B
중계본동,오락/유흥,20253,43.6,227,361,62.9,C
중계본동,의료/약국,20253,57.3,144,413,34.9,B
중계본동,의류/패션,20253,59.4,200,402,49.8,B
중계본동,일반학원,20253,40.1,284,397,71.5,C
중계본동,일식,20253,29.7,248,279,88.9,D
중계본동,주점,20253,57.0,104,398,26.1,B
중계본동,중식,20253,45.6,224,358,62.6,C
중계본동,카페,20253,37.0,292,419,69.7,C
중계본동,패스트푸드/치킨,20253,49.0,157,409,38.4,B
중계본동,편의점,20253,29.1,399,405,98.5,D
중계본동,한식,20253,34.2,361,421,85.7,D
중계1동,B2B 서비스,20253,53.3,119,368,32.3,B
중계1동,미용실,20253,58.6,49,419,11.7,A
중계1동,분식/간식,20253,22.7,415,415,100.0,D
중계1동,수리/세탁,20253,68.8,134,382,35.1,B
중계1동,스포츠/레저,20253,43.7,243,395,61.5,C
중계1동,식품 소매,20253,35.6,343,422,81.3,D
중계1동,양식/기타외식,20253,63.2,36,241,14.9,A
중계1동,예술학원,20253,53.7,111,378,29.4,B
중계1동,의료/약국,20253,48.2,253,413,61.3,C
중계1동,일반학원,20253,61.8,43,397,10.8,A
중계1동,중식,20253,25.3,355,358,99.2,D
중계1동,카페,20253,42.9,221,419,52.7,C
중계1동,패스트푸드/치킨,20253,31.7,372,409,91.0,D
중계1동,편의점,20253,32.4,382,405,94.3,D
중계1동,한식,20253,38.8,313,421,74.3,C
중계4동,B2B 서비스,20253,48.7,152,368,41.3,B
중계4동,미용실,20253,38.7,248,419,59.2,C
중계4동,분식/간식,20253,47.3,249,415,60.0,C
중계4동,뷰티/화장품,20253,74.8,41,394,10.4,A
중계4동,생활용품 소매,20253,60.2,126,405,31.1,B
중계4동,수리/세탁,20253,83.2,22,382,5.8,A
중계4동,스포츠/레저,20253,42.5,250,395,63.3,C
중계4동,식품 소매,20253,39.2,314,422,74.4,C
중계4동,양식/기타외식,20253,34.0,208,241,86.3,D
중계4동,예술학원,20253,24.5,359,378,95.0,D
중계4동,오락/유흥,20253,32.7,307,361,85.0,D
중계4동,의료/약국,20253,51.8,218,413,52.8,C
중계4동,의류/패션,20253,37.5,357,402,88.8,D
중계4동,일반학원,20253,35.2,339,397,85.4,D
중계4동,일식,20253,21.5,276,279,98.9,D
중계4동,주점,20253,45.0,232,398,58.3,C
중계4동,중식,20253,46.6,214,358,59.8,C
중계4동,카페,20253,21.6,413,419,98.6,D
중계4동,패스트푸드/치킨,20253,37.2,311,409,76.0,D
중계4동,편의점,20253,33.6,378,405,93.3,D
중계4동,한식,20253,34.2,362,421,86.0,D
중계2.3동,B2B 서비스,20253,70.7,28,368,7.6,A
중계2.3동,미용실,20253,56.2,63,419,15.0,A
중계2.3동,분식/간식,20253,53.5,166,415,40.0,B
중계2.3동,뷰티/화장품,20253,53.4,164,394,41.6,B
중계2.3동,생활용품 소매,20253,47.3,225,405,55.6,C
중계2.3동,수리/세탁,20253,63.9,179,382,46.9,B
중계2.3동,스포츠/레저,20253,58.6,87,395,22.0,A
중계2.3동,식품 소매,20253,41.1,296,422,70.1,C
중계2.3동,양식/기타외식,20253,35.0,203,241,84.2,D
중계2.3동,예술학원,20253,62.0,58,378,15.3,A
중계2.3동,의료/약국,20253,52.4,215,413,52.1,C
중계2.3동,의류/패션,20253,25.1,391,402,97.3,D
중계2.3동,일반학원,20253,42.5,259,397,65.2,C
중계2.3동,일식,20253,58.7,49,279,17.6,A
중계2.3동,전자/통신,20253,68.9,56,309,18.1,A
중계2.3동,주점,20253,23.0,387,398,97.2,D
중계2.3동,중식,20253,55.4,114,358,31.8,B
중계2.3동,카페,20253,21.1,414,419,98.8,D
중계2.3동,패스트푸드/치킨,20253,64.0,43,409,10.5,A
중계2.3동,편의점,20253,29.5,398,405,98.3,D
중계2.3동,한식,20253,49.6,224,421,53.2,C
상계1동,B2B 서비스,20253,36.2,252,368,68.5,C
상계1동,미용실,20253,57.7,53,419,12.6,A
상계1동,분식/간식,20253,44.8,277,415,66.7,C
상계1동,뷰티/화장품,20253,76.4,32,394,8.1,A
상계1동,생활용품 소매,20253,28.5,334,405,82.5,D
상계1동,수리/세탁,20253,70.9,117,382,30.6,B
상계1동,스포츠/레저,20253,51.0,160,395,40.5,B
상계1동,식품 소매,20253,39.5,310,422,73.5,C
상계1동,양식/기타외식,20253,25.4,236,241,97.9,D
상계1동,예술학원,20253,38.2,259,378,68.5,C
상계1동,오락/유흥,20253,50.6,155,361,42.9,B
상계1동,의료/약국,20253,63.9,81,413,19.6,A
상계1동,의류/패션,20253,55.7,234,402,58.2,C
상계1동,일반학원,20253,47.8,202,397,50.9,C
상계1동,일식,20253,44.9,137,279,49.1,B
상계1동,전자/통신,20253,40.2,192,309,62.1,C
상계1동,주점,20253,36.2,317,398,79.6,D
상계1동,중식,20253,56.7,104,358,29.1,B
상계1동,카페,20253,23.1,405,419,96.7,D
상계1동,패스트푸드/치킨,20253,34.1,347,409,84.8,D
상계1동,편의점,20253,57.0,50,405,12.3,A
상계1동,한식,20253,22.6,415,421,98.6,D
상계2동,B2B 서비스,20253,65.4,50,368,13.6,A
상계2동,미용실,20253,28.4,382,419,91.2,D
상계2동,분식/간식,20253,37.5,355,415,85.5,D
상계2동,뷰티/화장품,20253,25.5,355,394,90.1,D
상계2동,생활용품 소매,20253,32.1,316,405,78.0,D
상계2동,수리/세탁,20253,76.6,68,382,17.8,A
상계2동,스포츠/레저,20253,48.5,185,395,46.8,B
상계2동,식품 소매,20253,62.2,84,422,19.9,A
상계2동,애완동물,20253,40.3,102,147,69.4,C
상계2동,양식/기타외식,20253,35.8,200,241,83.0,D
상계2동,예술학원,20253,16.1,376,378,99.5,D
상계2동,오락/유흥,20253,43.8,226,361,62.6,C
상계2동,의료/약국,20253,34.1,357,413,86.4,D
상계2동,의류/패션,20253,44.1,312,402,77.6,D
상계2동,일반학원,20253,57.0,83,397,20.9,A
상계2동,일식,20253,43.5,149,279,53.4,C
상계2동,전자/통신,20253,39.8,195,309,63.1,C
상계2동,주점,20253,29.8,363,398,91.2,D
상계2동,중식,20253,47.2,209,358,58.4,C
상계2동,카페,20253,27.2,387,419,92.4,D
상계2동,패스트푸드/치킨,20253,41.5,249,409,60.9,C
상계2동,편의점,20253,40.2,272,405,67.2,C
상계2동,한식,20253,68.2,76,421,18.1,A
상계3.4동,B2B 서비스,20253,70.9,27,368,7.3,A
상계3.4동,미용실,20253,26.8,400,419,95.5,D
상계3.4동,분식/간식,20253,60.3,82,415,19.8,A
상계3.4동,뷰티/화장품,20253,26.9,346,394,87.8,D
상계3.4동,생활용품 소매,20253,47.6,223,405,55.1,C
상계3.4동,수리/세탁,20253,38.7,323,382,84.6,D
상계3.4동,스포츠/레저,20253,55.7,107,395,27.1,B
상계3.4동,식품 소매,20253,67.3,44,422,10.4,A
상계3.4동,예술학원,20253,50.2,131,378,34.7,B
상계3.4동,오락/유흥,20253,41.1,250,361,69.3,C
상계3.4동,의료/약국,20253,47.8,259,413,62.7,C
상계3.4동,의류/패션,20253,49.6,280,402,69.7,C
상계3.4동,일반학원,20253,50.6,158,397,39.8,B
상계3.4동,전자/통신,20253,80.2,23,309,7.4,A
상계3.4동,주점,20253,34.3,337,398,84.7,D
상계3.4동,중식,20253,39.5,281,358,78.5,D
상계3.4동,카페,20253,36.8,295,419,70.4,C
상계3.4동,패스트푸드/치킨,20253,41.1,254,409,62.1,C
상계3.4동,편의점,20253,44.7,196,405,48.4,B
상계3.4동,한식,20253,30.8,379,421,90.0,D
상계5동,B2B 서비스,20253,55.2,105,368,28.5,B
상계5동,미용실,20253,41.8,211,419,50.4,C
상계5동,분식/간식,20253,35.4,372,415,89.6,D
상계5동,뷰티/화장품,20253,20.9,377,394,95.7,D
상계5동,생활용품 소매,20253,30.4,322,405,79.5,D
상계5동,수리/세탁,20253,31.0,354,382,92.7,D
상계5동,숙박,20253,37.0,151,194,77.8,D
상계5동,스포츠/레저,20253,67.0,43,395,10.9,A
상계5동,식품 소매,20253,34.3,354,422,83.9,D
상계5동,애완동물,20253,43.8,88,147,59.9,C
상계5동,예술학원,20253,36.4,283,378,74.9,C
상계5동,오락/유흥,20253,47.0,183,361,50.7,C
상계5동,의료/약국,20253,49.7,242,413,58.6,C
상계5동,의류/패션,20253,80.2,18,402,4.5,A
상계5동,일반학원,20253,46.4,222,397,55.9,C
상계5동,전자/통신,20253,31.2,237,309,76.7,D
상계5동,주점,20253,39.2,287,398,72.1,C
상계5동,중식,20253,47.1,211,358,58.9,C
상계5동,카페,20253,31.0,353,419,84.2,D
상계5동,패스트푸드/치킨,20253,37.6,304,409,74.3,C
상계5동,편의점,20253,46.8,160,405,39.5,B
상계5동,한식,20253,34.0,363,421,86.2,D
상계6.7동,B2B 서비스,20253,40.4,221,368,60.1,C
상계6.7동,미용실,20253,55.6,72,419,17.2,A
상계6.7동,분식/간식,20253,52.5,180,415,43.4,B
상계6.7동,뷰티/화장품,20253,56.0,143,394,36.3,B
상계6.7동,생활용품 소매,20253,60.0,127,405,31.4,B
상계6.7동,수리/세탁,20253,74.6,89,382,23.3,A
상계6.7동,숙박,20253,36.4,153,194,78.9,D
상계6.7동,스포츠/레저,20253,64.2,52,395,13.2,A
상계6.7동,식품 소매,20253,40.4,302,422,71.6,C
상계6.7동,애완동물,20253,54.6,50,147,34.0,B
상계6.7동,양식/기타외식,20253,63.1,37,241,15.4,A
상계6.7동,예술학원,20253,21.3,370,378,97.9,D
상계6.7동,오락/유흥,20253,35.5,283,361,78.4,D
상계6.7동,의료/약국,20253,55.0,177,413,42.9,B
상계6.7동,의류/패션,20253,76.9,41,402,10.2,A
상계6.7동,일반학원,20253,40.1,286,397,72.0,C
상계6.7동,일식,20253,58.2,53,279,19.0,A
상계6.7동,전자/통신,20253,34.8,224,309,72.5,C
상계6.7동,주점,20253,32.0,352,398,88.4,D
상계6.7동,중식,20253,46.5,216,358,60.3,C
상계6.7동,카페,20253,46.4,177,419,42.2,B
상계6.7동,패스트푸드/치킨,20253,48.8,161,409,39.4,B
상계6.7동,편의점,20253,54.8,67,405,16.5,A
상계6.7동,한식,20253,59.0,143,421,34.0,B
상계8동,미용실,20253,43.2,192,419,45.8,B
상계8동,분식/간식,20253,33.4,389,415,93.7,D
상계8동,뷰티/화장품,20253,42.9,248,394,62.9,C
상계8동,생활용품 소매,20253,75.0,34,405,8.4,A
상계8동,스포츠/레저,20253,46.3,213,395,53.9,C
상계8동,식품 소매,20253,42.5,282,422,66.8,C
상계8동,예술학원,20253,34.0,309,378,81.7,D
상계8동,오락/유흥,20253,55.1,113,361,31.3,B
상계8동,의료/약국,20253,68.9,38,413,9.2,A
상계8동,의류/패션,20253,73.6,76,402,18.9,A
상계8동,일반학원,20253,64.9,35,397,8.8,A
상계8동,주점,20253,42.6,254,398,63.8,C
상계8동,중식,20253,37.9,297,358,83.0,D
상계8동,카페,20253,49.7,134,419,32.0,B
상계8동,패스트푸드/치킨,20253,36.8,314,409,76.8,D
상계8동,편의점,20253,43.5,217,405,53.6,C
상계8동,한식,20253,32.4,371,421,88.1,D
상계9동,미용실,20253,34.6,312,419,74.5,C
상계9동,분식/간식,20253,62.8,57,415,13.7,A
상계9동,뷰티/화장품,20253,56.2,141,394,35.8,B
상계9동,생활용품 소매,20253,30.7,320,405,79.0,D
상계9동,수리/세탁,20253,75.9,72,382,18.8,A
상계9동,스포츠/레저,20253,36.0,327,395,82.8,D
상계9동,식품 소매,20253,72.3,20,422,4.7,A
상계9동,양식/기타외식,20253,54.3,97,241,40.2,B
상계9동,예술학원,20253,42.8,206,378,54.5,C
상계9동,의료/약국,20253,57.2,145,413,35.1,B
상계9동,의류/패션,20253,74.6,66,402,16.4,A
상계9동,일반학원,20253,56.7,84,397,21.2,A
상계9동,주점,20253,41.3,265,398,66.6,C
상계9동,카페,20253,20.6,415,419,99.0,D
상계9동,패스트푸드/치킨,20253,30.9,384,409,93.9,D
상계9동,편의점,20253,45.7,177,405,43.7,B
상계9동,한식,20253,31.7,373,421,88.6,D
상계10동,미용실,20253,49.2,129,419,30.8,B
상계10동,분식/간식,20253,47.5,247,415,59.5,C
상계10동,뷰티/화장품,20253,65.5,89,394,22.6,A
상계10동,생활용품 소매,20253,26.4,339,405,83.7,D
상계10동,수리/세탁,20253,57.3,217,382,56.8,C
상계10동,스포츠/레저,20253,35.7,331,395,83.8,D
상계10동,식품 소매,20253,56.9,127,422,30.1,B
상계10동,예술학원,20253,49.5,135,378,35.7,B
상계10동,의료/약국,20253,24.3,401,413,97.1,D
상계10동,의류/패션,20253,63.3,161,402,40.0,B
상계10동,일반학원,20253,38.6,305,397,76.8,D
상계10동,전자/통신,20253,65.9,69,309,22.3,A
상계10동,주점,20253,74.9,5,398,1.3,A
상계10동,중식,20253,31.0,343,358,95.8,D
상계10동,카페,20253,29.5,361,419,86.2,D
상계10동,한식,20253,40.2,303,421,72.0,C
녹번동,B2B 서비스,20253,48.3,157,368,42.7,B
녹번동,미용실,20253,48.1,137,419,32.7,B
녹번동,분식/간식,20253,50.5,203,415,48.9,B
녹번동,뷰티/화장품,20253,44.5,238,394,60.4,C
녹번동,생활용품 소매,20253,29.6,326,405,80.5,D
녹번동,수리/세탁,20253,55.7,223,382,58.4,C
녹번동,숙박,20253,59.3,54,194,27.8,B
녹번동,스포츠/레저,20253,26.5,380,395,96.2,D
녹번동,식품 소매,20253,43.6,269,422,63.7,C
녹번동,양식/기타외식,20253,27.6,228,241,94.6,D
녹번동,예술학원,20253,48.6,142,378,37.6,B
녹번동,오락/유흥,20253,43.1,233,361,64.5,C
녹번동,의료/약국,20253,51.3,226,413,54.7,C
녹번동,의류/패션,20253,56.4,226,402,56.2,C
녹번동,일반학원,20253,52.5,131,397,33.0,B
녹번동,일식,20253,63.5,23,279,8.2,A
녹번동,전자/통신,20253,54.7,117,309,37.9,B
녹번동,주점,20253,49.3,179,398,45.0,B
녹번동,중식,20253,38.5,287,358,80.2,D
녹번동,카페,20253,28.8,375,419,89.5,D
녹번동,패스트푸드/치킨,20253,44.0,218,409,53.3,C
녹번동,편의점,20253,36.2,338,405,83.5,D
녹번동,한식,20253,28.8,390,421,92.6,D
불광1동,B2B 서비스,20253,47.0,167,368,45.4,B
불광1동,미용실,20253,43.6,184,419,43.9,B
불광1동,분식/간식,20253,34.5,375,415,90.4,D
불광1동,뷰티/화장품,20253,28.1,338,394,85.8,D
불광1동,생활용품 소매,20253,36.6,297,405,73.3,C
불광1동,수리/세탁,20253,65.3,167,382,43.7,B
불광1동,숙박,20253,61.6,47,194,24.2,A
불광1동,스포츠/레저,20253,26.4,381,395,96.5,D
불광1동,식품 소매,20253,43.6,267,422,63.3,C
불광1동,애완동물,20253,91.8,1,147,0.7,A
불광1동,예술학원,20253,34.5,303,378,80.2,D
불광1동,오락/유흥,20253,19.5,358,361,99.2,D
불광1동,의료/약국,20253,42.4,306,413,74.1,C
불광1동,의류/패션,20253,47.8,290,402,72.1,C
불광1동,일반학원,20253,52.2,134,397,33.8,B
불광1동,전자/통신,20253,48.9,144,309,46.6,B
불광1동,주점,20253,43.0,250,398,62.8,C
불광1동,중식,20253,52.3,155,358,43.3,B
불광1동,카페,20253,22.0,412,419,98.3,D
불광1동,패스트푸드/치킨,20253,50.2,142,409,34.7,B
불광1동,편의점,20253,48.0,140,405,34.6,B
불광1동,한식,20253,61.1,128,421,30.4,B
불광2동,B2B 서비스,20253,35.1,260,368,70.7,C
불광2동,미용실,20253,36.6,284,419,67.8,C
불광2동,분식/간식,20253,60.3,83,415,20.0,A
불광2동,뷰티/화장품,20253,20.3,380,394,96.4,D
불광2동,생활용품 소매,20253,67.0,87,405,21.5,A
불광2동,수리/세탁,20253,81.9,31,382,8.1,A
불광2동,숙박,20253,67.8,24,194,12.4,A
불광2동,스포츠/레저,20253,61.7,67,395,17.0,A
불광2동,식품 소매,20253,71.4,23,422,5.5,A
불광2동,애완동물,20253,36.7,111,147,75.5,D
불광2동,예술학원,20253,41.4,225,378,59.5,C
불광2동,오락/유흥,20253,34.6,290,361,80.3,D
불광2동,의료/약국,20253,33.8,360,413,87.2,D
불광2동,의류/패션,20253,69.3,114,402,28.4,B
불광2동,일반학원,20253,60.1,61,397,15.4,A
불광2동,일식,20253,40.3,182,279,65.2,C
불광2동,주점,20253,57.5,97,398,24.4,A
불광2동,중식,20253,47.0,212,358,59.2,C
불광2동,카페,20253,31.2,352,419,84.0,D
불광2동,패스트푸드/치킨,20253,56.2,88,409,21.5,A
불광2동,편의점,20253,37.6,322,405,79.5,D
불광2동,한식,20253,34.9,356,421,84.6,D
갈현1동,B2B 서비스,20253,39.6,228,368,62.0,C
갈현1동,미용실,20253,25.0,410,419,97.9,D
갈현1동,분식/간식,20253,51.3,193,415,46.5,B
갈현1동,뷰티/화장품,20253,50.2,191,394,48.5,B
갈현1동,생활용품 소매,20253,74.9,35,405,8.6,A
갈현1동,수리/세탁,20253,79.0,49,382,12.8,A
갈현1동,숙박,20253,55.3,67,194,34.5,B
갈현1동,스포츠/레저,20253,57.6,94,395,23.8,A
갈현1동,식품 소매,20253,56.1,134,422,31.8,B
갈현1동,양식/기타외식,20253,64.1,33,241,13.7,A
갈현1동,예술학원,20253,64.9,40,378,10.6,A
갈현1동,오락/유흥,20253,67.2,27,361,7.5,A
갈현1동,의료/약국,20253,62.0,88,413,21.3,A
갈현1동,의류/패션,20253,41.3,335,402,83.3,D
갈현1동,일반학원,20253,49.5,172,397,43.3,B
갈현1동,일식,20253,47.9,117,279,41.9,B
갈현1동,주점,20253,51.5,158,398,39.7,B
갈현1동,중식,20253,43.8,246,358,68.7,C
갈현1동,카페,20253,35.6,306,419,73.0,C
갈현1동,패스트푸드/치킨,20253,49.9,146,409,35.7,B
갈현1동,편의점,20253,44.0,208,405,51.4,C
갈현1동,한식,20253,58.4,148,421,35.2,B
갈현2동,B2B 서비스,20253,64.1,60,368,16.3,A
갈현2동,미용실,20253,32.6,332,419,79.2,D
갈현2동,분식/간식,20253,47.2,251,415,60.5,C
갈현2동,뷰티/화장품,20253,77.9,20,394,5.1,A
갈현2동,생활용품 소매,20253,71.1,57,405,14.1,A
갈현2동,수리/세탁,20253,65.9,156,382,40.8,B
갈현2동,스포츠/레저,20253,26.5,379,395,95.9,D
갈현2동,식품 소매,20253,31.3,378,422,89.6,D
갈현2동,애완동물,20253,47.9,70,147,47.6,B
갈현2동,양식/기타외식,20253,29.6,224,241,92.9,D
갈현2동,예술학원,20253,43.2,201,378,53.2,C
갈현2동,오락/유흥,20253,42.6,238,361,65.9,C
갈현2동,의료/약국,20253,61.5,94,413,22.8,A
갈현2동,의류/패션,20253,75.3,55,402,13.7,A
갈현2동,일반학원,20253,36.3,330,397,83.1,D
갈현2동,일식,20253,33.8,225,279,80.6,D
갈현2동,주점,20253,23.4,383,398,96.2,D
갈현2동,중식,20253,57.1,99,358,27.7,B
갈현2동,카페,20253,30.6,355,419,84.7,D
갈현2동,패스트푸드/치킨,20253,38.9,287,409,70.2,C
갈현2동,편의점,20253,42.1,242,405,59.8,C
갈현2동,한식,20253,47.1,242,421,57.5,C
구산동,B2B 서비스,20253,42.4,206,368,56.0,C
구산동,미용실,20253,36.3,288,419,68.7,C
구산동,분식/간식,20253,54.8,152,415,36.6,B
구산동,뷰티/화장품,20253,75.5,38,394,9.6,A
구산동,생활용품 소매,20253,30.9,319,405,78.8,D
구산동,수리/세탁,20253,37.2,330,382,86.4,D
구산동,스포츠/레저,20253,37.8,308,395,78.0,D
구산동,식품 소매,20253,29.1,391,422,92.7,D
구산동,애완동물,20253,43.5,91,147,61.9,C
구산동,양식/기타외식,20253,33.3,210,241,87.1,D
구산동,예술학원,20253,15.0,378,378,100.0,D
구산동,의료/약국,20253,26.2,395,413,95.6,D
구산동,의류/패션,20253,73.8,73,402,18.2,A
구산동,일반학원,20253,50.1,167,397,42.1,B
구산동,전자/통신,20253,64.1,78,309,25.2,B
구산동,주점,20253,60.2,71,398,17.8,A
구산동,중식,20253,22.7,358,358,100.0,D
구산동,카페,20253,51.0,121,419,28.9,B
구산동,패스트푸드/치킨,20253,38.0,298,409,72.9,C
구산동,편의점,20253,54.7,69,405,17.0,A
구산동,한식,20253,33.3,367,421,87.2,D
대조동,B2B 서비스,20253,65.6,46,368,12.5,A
대조동,미용실,20253,42.2,205,419,48.9,B
대조동,분식/간식,20253,65.1,42,415,10.1,A
대조동,뷰티/화장품,20253,75.3,39,394,9.9,A
대조동,생활용품 소매,20253,54.3,170,405,42.0,B
대조동,수리/세탁,20253,55.4,227,382,59.4,C
대조동,숙박,20253,68.8,19,194,9.8,A
대조동,스포츠/레저,20253,45.8,219,395,55.4,C
대조동,식품 소매,20253,32.5,370,422,87.7,D
대조동,애완동물,20253,60.5,39,147,26.5,B
대조동,양식/기타외식,20253,45.3,158,241,65.6,C
대조동,예술학원,20253,41.5,223,378,59.0,C
대조동,오락/유흥,20253,79.4,5,361,1.4,A
대조동,의료/약국,20253,52.5,211,413,51.1,C
대조동,의류/패션,20253,51.6,265,402,65.9,C
대조동,일반학원,20253,44.6,238,397,59.9,C
대조동,일식,20253,57.1,55,279,19.7,A
대조동,전자/통신,20253,79.1,24,309,7.8,A
대조동,주점,20253,39.6,283,398,71.1,C
대조동,중식,20253,48.4,195,358,54.5,C
대조동,카페,20253,28.4,382,419,91.2,D
대조동,패스트푸드/치킨,20253,54.0,107,409,26.2,B
대조동,편의점,20253,48.6,127,405,31.4,B
대조동,한식,20253,53.7,180,421,42.8,B
응암1동,B2B 서비스,20253,45.3,182,368,49.5,B
응암1동,미용실,20253,69.4,16,419,3.8,A
응암1동,분식/간식,20253,52.4,181,415,43.6,B
응암1동,뷰티/화장품,20253,50.9,184,394,46.7,B
응암1동,생활용품 소매,20253,56.4,154,405,38.0,B
응암1동,수리/세탁,20253,59.1,208,382,54.5,C
응암1동,숙박,20253,34.9,157,194,80.9,D
응암1동,스포츠/레저,20253,65.1,49,395,12.4,A
응암1동,식품 소매,20253,21.5,418,422,99.1,D
응암1동,애완동물,20253,51.7,59,147,40.1,B
응암1동,양식/기타외식,20253,36.2,199,241,82.6,D
응암1동,예술학원,20253,25.6,355,378,93.9,D
응암1동,오락/유흥,20253,27.3,338,361,93.6,D
응암1동,의료/약국,20253,39.6,331,413,80.1,D
응암1동,의류/패션,20253,52.8,256,402,63.7,C
응암1동,일반학원,20253,54.7,109,397,27.5,B
응암1동,일식,20253,54.6,75,279,26.9,B
응암1동,주점,20253,56.9,106,398,26.6,B
응암1동,중식,20253,53.7,136,358,38.0,B
응암1동,카페,20253,45.8,182,419,43.4,B
응암1동,패스트푸드/치킨,20253,45.7,200,409,48.9,B
응암1동,편의점,20253,37.7,321,405,79.3,D
응암1동,한식,20253,39.4,307,421,72.9,C
응암2동,B2B 서비스,20253,61.2,72,368,19.6,A
응암2동,미용실,20253,50.3,116,419,27.7,B
응암2동,분식/간식,20253,59.9,86,415,20.7,A
응암2동,뷰티/화장품,20253,70.8,59,394,15.0,A
응암2동,생활용품 소매,20253,55.2,163,405,40.2,B
응암2동,수리/세탁,20253,69.2,130,382,34.0,B
응암2동,스포츠/레저,20253,49.1,177,395,44.8,B
응암2동,식품 소매,20253,50.5,197,422,46.7,B
응암2동,예술학원,20253,35.9,289,378,76.5,D
응암2동,오락/유흥,20253,30.5,319,361,88.4,D
응암2동,의료/약국,20253,55.4,168,413,40.7,B
응암2동,의류/패션,20253,65.1,141,402,35.1,B
응암2동,일반학원,20253,44.0,244,397,61.5,C
응암2동,일식,20253,38.7,196,279,70.3,C
응암2동,전자/통신,20253,34.8,222,309,71.8,C
응암2동,주점,20253,20.0,394,398,99.0,D
응암2동,중식,20253,54.3,127,358,35.5,B
응암2동,카페,20253,28.3,384,419,91.6,D
응암2동,패스트푸드/치킨,20253,41.6,246,409,60.1,C
응암2동,편의점,20253,27.5,402,405,99.3,D
응암2동,한식,20253,23.1,413,421,98.1,D
응암3동,B2B 서비스,20253,40.6,218,368,59.2,C
응암3동,미용실,20253,24.6,412,419,98.3,D
응암3동,분식/간식,20253,28.4,409,415,98.6,D
응암3동,뷰티/화장품,20253,50.7,185,394,47.0,B
응암3동,생활용품 소매,20253,21.9,366,405,90.4,D
응암3동,수리/세탁,20253,60.0,203,382,53.1,C
응암3동,숙박,20253,65.0,35,194,18.0,A
응암3동,스포츠/레저,20253,77.2,9,395,2.3,A
응암3동,식품 소매,20253,41.4,295,422,69.9,C
응암3동,애완동물,20253,70.8,11,147,7.5,A
응암3동,예술학원,20253,43.3,200,378,52.9,C
응암3동,오락/유흥,20253,51.7,144,361,39.9,B
응암3동,의료/약국,20253,57.3,143,413,34.6,B
응암3동,의류/패션,20253,64.2,152,402,37.8,B
응암3동,일반학원,20253,73.3,14,397,3.5,A
응암3동,일식,20253,38.8,194,279,69.5,C
응암3동,주점,20253,52.1,148,398,37.2,B
응암3동,중식,20253,59.1,73,358,20.4,A
응암3동,카페,20253,26.3,390,419,93.1,D
응암3동,패스트푸드/치킨,20253,32.8,360,409,88.0,D
응암3동,편의점,20253,42.8,228,405,56.3,C
응암3동,한식,20253,34.9,357,421,84.8,D
역촌동,B2B 서비스,20253,43.6,196,368,53.3,C
역촌동,미용실,20253,43.0,196,419,46.8,B
역촌동,분식/간식,20253,52.3,183,415,44.1,B
역촌동,뷰티/화장품,20253,69.2,71,394,18.0,A
역촌동,생활용품 소매,20253,44.5,248,405,61.2,C
역촌동,수리/세탁,20253,52.1,248,382,64.9,C
역촌동,숙박,20253,88.5,1,194,0.5,A
역촌동,스포츠/레저,20253,71.4,27,395,6.8,A
역촌동,식품 소매,20253,36.9,332,422,78.7,D
역촌동,애완동물,20253,48.3,68,147,46.3,B
역촌동,예술학원,20253,20.1,371,378,98.1,D
역촌동,오락/유흥,20253,48.5,173,361,47.9,B
역촌동,의료/약국,20253,53.2,203,413,49.2,B
역촌동,의류/패션,20253,30.9,375,402,93.3,D
역촌동,일반학원,20253,53.9,117,397,29.5,B
역촌동,일식,20253,55.1,71,279,25.4,B
역촌동,전자/통신,20253,43.5,173,309,56.0,C
역촌동,주점,20253,36.5,315,398,79.1,D
역촌동,중식,20253,41.2,274,358,76.5,D
역촌동,카페,20253,38.4,268,419,64.0,C
역촌동,패스트푸드/치킨,20253,37.4,309,409,75.6,D
역촌동,편의점,20253,41.1,251,405,62.0,C
역촌동,한식,20253,27.5,399,421,94.8,D
신사1동,B2B 서비스,20253,82.2,4,368,1.1,A
신사1동,미용실,20253,29.7,368,419,87.8,D
신사1동,분식/간식,20253,44.1,287,415,69.2,C
신사1동,뷰티/화장품,20253,43.2,245,394,62.2,C
신사1동,생활용품 소매,20253,45.4,238,405,58.8,C
신사1동,수리/세탁,20253,81.4,35,382,9.2,A
신사1동,스포츠/레저,20253,55.6,109,395,27.6,B
신사1동,식품 소매,20253,52.2,173,422,41.0,B
신사1동,애완동물,20253,53.2,52,147,35.4,B
신사1동,예술학원,20253,46.5,162,378,42.9,B
신사1동,오락/유흥,20253,29.4,326,361,90.3,D
신사1동,의료/약국,20253,66.3,56,413,13.6,A
신사1동,의류/패션,20253,42.8,322,402,80.1,D
신사1동,일반학원,20253,60.5,55,397,13.9,A
신사1동,일식,20253,38.5,198,279,71.0,C
신사1동,전자/통신,20253,44.1,168,309,54.4,C
신사1동,주점,20253,20.4,392,398,98.5,D
신사1동,중식,20253,29.1,347,358,96.9,D
신사1동,카페,20253,35.3,313,419,74.7,C
신사1동,패스트푸드/치킨,20253,32.1,370,409,90.5,D
신사1동,편의점,20253,37.3,327,405,80.7,D
신사1동,한식,20253,43.0,275,421,65.3,C
신사2동,B2B 서비스,20253,24.6,325,368,88.3,D
신사2동,미용실,20253,52.3,97,419,23.2,A
신사2동,분식/간식,20253,54.0,157,415,37.8,B
신사2동,뷰티/화장품,20253,72.6,53,394,13.5,A
신사2동,생활용품 소매,20253,58.6,142,405,35.1,B
신사2동,수리/세탁,20253,80.0,44,382,11.5,A
신사2동,스포츠/레저,20253,34.6,337,395,85.3,D
신사2동,식품 소매,20253,64.2,67,422,15.9,A
신사2동,예술학원,20253,37.2,273,378,72.2,C
신사2동,의료/약국,20253,54.2,188,413,45.5,B
신사2동,의류/패션,20253,29.1,384,402,95.5,D
신사2동,일반학원,20253,61.6,46,397,11.6,A
신사2동,주점,20253,45.4,224,398,56.3,C
신사2동,중식,20253,26.4,353,358,98.6,D
신사2동,카페,20253,39.4,261,419,62.3,C
신사2동,패스트푸드/치킨,20253,54.2,102,409,24.9,A
신사2동,편의점,20253,42.0,245,405,60.5,C
신사2동,한식,20253,49.0,227,421,53.9,C
증산동,B2B 서비스,20253,34.3,264,368,71.7,C
증산동,미용실,20253,45.6,166,419,39.6,B
증산동,분식/간식,20253,38.7,350,415,84.3,D
증산동,뷰티/화장품,20253,60.4,114,394,28.9,B
증산동,생활용품 소매,20253,34.3,310,405,76.5,D
증산동,수리/세탁,20253,77.0,64,382,16.8,A
증산동,스포츠/레저,20253,47.3,198,395,50.1,C
증산동,식품 소매,20253,30.3,386,422,91.5,D
증산동,예술학원,20253,49.0,139,378,36.8,B
증산동,오락/유흥,20253,66.5,31,361,8.6,A
증산동,의료/약국,20253,59.9,118,413,28.6,B
증산동,의류/패션,20253,83.7,9,402,2.2,A
증산동,일반학원,20253,60.6,54,397,13.6,A
증산동,주점,20253,43.8,244,398,61.3,C
증산동,카페,20253,52.8,105,419,25.1,B
증산동,패스트푸드/치킨,20253,31.5,375,409,91.7,D
증산동,편의점,20253,42.2,241,405,59.5,C
증산동,한식,20253,47.6,237,421,56.3,C
수색동,B2B 서비스,20253,65.4,49,368,13.3,A
수색동,미용실,20253,70.0,14,419,3.3,A
수색동,분식/간식,20253,67.9,28,415,6.7,A
수색동,생활용품 소매,20253,41.5,268,405,66.2,C
수색동,숙박,20253,57.7,59,194,30.4,B
수색동,식품 소매,20253,52.0,177,422,41.9,B
수색동,예술학원,20253,46.9,159,378,42.1,B
수색동,오락/유흥,20253,67.6,24,361,6.6,A
수색동,의료/약국,20253,41.2,315,413,76.3,D
수색동,의류/패션,20253,56.4,229,402,57.0,C
수색동,전자/통신,20253,60.6,91,309,29.4,B
수색동,주점,20253,60.1,74,398,18.6,A
수색동,중식,20253,64.6,33,358,9.2,A
수색동,카페,20253,41.6,237,419,56.6,C
수색동,패스트푸드/치킨,20253,43.7,223,409,54.5,C
수색동,한식,20253,35.3,351,421,83.4,D
진관동,미용실,20253,37.6,263,419,62.8,C
진관동,분식/간식,20253,43.6,295,415,71.1,C
진관동,뷰티/화장품,20253,20.8,378,394,95.9,D
진관동,생활용품 소매,20253,77.4,23,405,5.7,A
진관동,수리/세탁,20253,42.9,295,382,77.2,D
진관동,스포츠/레저,20253,32.2,357,395,90.4,D
진관동,식품 소매,20253,40.1,304,422,72.0,C
진관동,애완동물,20253,67.7,19,147,12.9,A
진관동,예술학원,20253,63.1,50,378,13.2,A
진관동,의료/약국,20253,50.1,238,413,57.6,C
진관동,의류/패션,20253,79.6,25,402,6.2,A
진관동,일반학원,20253,50.5,160,397,40.3,B
진관동,일식,20253,23.3,274,279,98.2,D
진관동,전자/통신,20253,23.6,262,309,84.8,D
진관동,주점,20253,31.8,353,398,88.7,D
진관동,중식,20253,54.7,126,358,35.2,B
진관동,카페,20253,31.7,345,419,82.3,D
진관동,패스트푸드/치킨,20253,52.6,122,409,29.8,B
진관동,편의점,20253,31.9,384,405,94.8,D
진관동,한식,20253,21.4,416,421,98.8,D
천연동,B2B 서비스,20253,36.1,255,368,69.3,C
천연동,미용실,20253,52.9,93,419,22.2,A
천연동,분식/간식,20253,31.0,400,415,96.4,D
천연동,뷰티/화장품,20253,71.8,56,394,14.2,A
천연동,생활용품 소매,20253,25.9,341,405,84.2,D
천연동,수리/세탁,20253,70.3,122,382,31.9,B
천연동,숙박,20253,19.9,192,194,99.0,D
천연동,스포츠/레저,20253,67.4,41,395,10.4,A
천연동,식품 소매,20253,61.7,88,422,20.9,A
천연동,애완동물,20253,47.4,72,147,49.0,B
천연동,양식/기타외식,20253,43.1,172,241,71.4,C
천연동,예술학원,20253,45.7,170,378,45.0,B
천연동,오락/유흥,20253,65.5,35,361,9.7,A
천연동,의료/약국,20253,65.1,68,413,16.5,A
천연동,의류/패션,20253,77.6,35,402,8.7,A
천연동,일반학원,20253,48.8,188,397,47.4,B
천연동,일식,20253,19.7,277,279,99.3,D
천연동,전자/통신,20253,60.3,92,309,29.8,B
천연동,주점,20253,58.1,95,398,23.9,A
천연동,중식,20253,44.5,235,358,65.6,C
천연동,카페,20253,40.9,249,419,59.4,C
천연동,패스트푸드/치킨,20253,64.5,40,409,9.8,A
천연동,한식,20253,59.4,141,421,33.5,B
북아현동,미용실,20253,53.7,89,419,21.2,A
북아현동,분식/간식,20253,51.1,197,415,47.5,B
북아현동,뷰티/화장품,20253,42.6,251,394,63.7,C
북아현동,생활용품 소매,20253,70.5,64,405,15.8,A
북아현동,수리/세탁,20253,24.8,365,382,95.5,D
북아현동,스포츠/레저,20253,41.4,264,395,66.8,C
북아현동,식품 소매,20253,42.5,284,422,67.3,C
북아현동,애완동물,20253,47.4,73,147,49.7,B
북아현동,양식/기타외식,20253,51.4,115,241,47.7,B
북아현동,예술학원,20253,67.8,29,378,7.7,A
북아현동,오락/유흥,20253,49.9,165,361,45.7,B
북아현동,의료/약국,20253,49.7,243,413,58.8,C
북아현동,의류/패션,20253,80.6,15,402,3.7,A
북아현동,일반학원,20253,29.8,378,397,95.2,D
북아현동,전자/통신,20253,13.3,302,309,97.7,D
북아현동,주점,20253,50.0,174,398,43.7,B
북아현동,중식,20253,35.6,315,358,88.0,D
북아현동,카페,20253,29.2,365,419,87.1,D
북아현동,패스트푸드/치킨,20253,63.2,45,409,11.0,A
북아현동,편의점,20253,40.2,271,405,66.9,C
북아현동,한식,20253,36.7,338,421,80.3,D
충현동,B2B 서비스,20253,54.1,115,368,31.2,B
충현동,미용실,20253,35.6,302,419,72.1,C
충현동,분식/간식,20253,41.7,315,415,75.9,D
충현동,뷰티/화장품,20253,82.1,8,394,2.0,A
충현동,생활용품 소매,20253,61.5,120,405,29.6,B
충현동,수리/세탁,20253,57.4,216,382,56.5,C
충현동,스포츠/레저,20253,30.2,368,395,93.2,D
충현동,식품 소매,20253,46.7,237,422,56.2,C
충현동,양식/기타외식,20253,50.0,128,241,53.1,C
충현동,예술학원,20253,47.1,158,378,41.8,B
충현동,오락/유흥,20253,52.2,136,361,37.7,B
충현동,의료/약국,20253,54.9,179,413,43.3,B
충현동,의류/패션,20253,42.4,327,402,81.3,D
충현동,일반학원,20253,43.4,251,397,63.2,C
충현동,일식,20253,17.4,278,279,99.6,D
충현동,전자/통신,20253,69.7,53,309,17.2,A
충현동,주점,20253,44.5,238,398,59.8,C
충현동,중식,20253,71.5,14,358,3.9,A
충현동,카페,20253,49.0,144,419,34.4,B
충현동,패스트푸드/치킨,20253,48.7,162,409,39.6,B
충현동,편의점,20253,48.0,139,405,34.3,B
충현동,한식,20253,79.1,20,421,4.8,A
신촌동,B2B 서비스,20253,58.0,84,368,22.8,A
신촌동,미용실,20253,22.2,415,419,99.0,D
신촌동,분식/간식,20253,68.6,24,415,5.8,A
신촌동,뷰티/화장품,20253,54.8,148,394,37.6,B
신촌동,생활용품 소매,20253,59.1,133,405,32.8,B
신촌동,수리/세탁,20253,51.0,253,382,66.2,C
신촌동,숙박,20253,62.5,44,194,22.7,A
신촌동,스포츠/레저,20253,45.2,225,395,57.0,C
신촌동,식품 소매,20253,71.2,24,422,5.7,A
신촌동,양식/기타외식,20253,69.8,14,241,5.8,A
신촌동,예술학원,20253,59.3,73,378,19.3,A
신촌동,오락/유흥,20253,49.7,169,361,46.8,B
신촌동,의료/약국,20253,42.1,307,413,74.3,C
신촌동,의류/패션,20253,68.2,120,402,29.9,B
신촌동,일반학원,20253,40.2,283,397,71.3,C
신촌동,일식,20253,49.4,105,279,37.6,B
신촌동,전자/통신,20253,38.2,206,309,66.7,C
신촌동,주점,20253,49.8,175,398,44.0,B
신촌동,중식,20253,67.2,23,358,6.4,A
신촌동,카페,20253,92.9,4,419,1.0,A
신촌동,패스트푸드/치킨,20253,77.4,5,409,1.2,A
신촌동,편의점,20253,74.3,9,405,2.2,A
신촌동,한식,20253,74.2,43,421,10.2,A
연희동,B2B 서비스,20253,49.1,146,368,39.7,B
연희동,미용실,20253,35.3,307,419,73.3,C
연희동,분식/간식,20253,51.0,199,415,48.0,B
연희동,뷰티/화장품,20253,48.2,200,394,50.8,C
연희동,생활용품 소매,20253,37.2,294,405,72.6,C
연희동,수리/세탁,20253,40.4,313,382,81.9,D
연희동,숙박,20253,25.6,181,194,93.3,D
연희동,스포츠/레저,20253,44.4,235,395,59.5,C
연희동,식품 소매,20253,34.0,357,422,84.6,D
연희동,애완동물,20253,23.4,143,147,97.3,D
연희동,양식/기타외식,20253,41.6,178,241,73.9,C
연희동,예술학원,20253,53.2,113,378,29.9,B
연희동,오락/유흥,20253,63.8,50,361,13.9,A
연희동,의료/약국,20253,56.0,159,413,38.5,B
연희동,의류/패션,20253,57.4,219,402,54.5,C
연희동,일반학원,20253,60.9,50,397,12.6,A
연희동,일식,20253,50.4,101,279,36.2,B
연희동,전자/통신,20253,47.4,152,309,49.2,B
연희동,주점,20253,45.1,230,398,57.8,C
연희동,중식,20253,49.0,192,358,53.6,C
연희동,카페,20253,55.0,95,419,22.7,A
연희동,패스트푸드/치킨,20253,58.6,72,409,17.6,A
연희동,편의점,20253,66.8,19,405,4.7,A
연희동,한식,20253,55.9,163,421,38.7,B
홍제1동,B2B 서비스,20253,65.4,48,368,13.0,A
홍제1동,미용실,20253,32.5,336,419,80.2,D
홍제1동,분식/간식,20253,65.5,40,415,9.6,A
홍제1동,뷰티/화장품,20253,41.0,261,394,66.2,C
홍제1동,생활용품 소매,20253,13.3,400,405,98.8,D
홍제1동,수리/세탁,20253,74.8,83,382,21.7,A
홍제1동,스포츠/레저,20253,37.1,317,395,80.3,D
홍제1동,식품 소매,20253,57.9,115,422,27.3,B
홍제1동,양식/기타외식,20253,30.0,222,241,92.1,D
홍제1동,예술학원,20253,34.5,304,378,80.4,D
홍제1동,오락/유흥,20253,21.9,353,361,97.8,D
홍제1동,의료/약국,20253,52.5,212,413,51.3,C
홍제1동,의류/패션,20253,50.9,273,402,67.9,C
홍제1동,일반학원,20253,46.9,213,397,53.7,C
홍제1동,주점,20253,25.4,376,398,94.5,D
홍제1동,중식,20253,54.1,130,358,36.3,B
홍제1동,카페,20253,52.3,106,419,25.3,B
홍제1동,패스트푸드/치킨,20253,41.3,252,409,61.6,C
홍제1동,편의점,20253,62.9,26,405,6.4,A
홍제1동,한식,20253,47.8,236,421,56.1,C
홍제3동,B2B 서비스,20253,79.9,8,368,2.2,A
홍제3동,미용실,20253,47.2,150,419,35.8,B
홍제3동,분식/간식,20253,41.6,318,415,76.6,D
홍제3동,뷰티/화장품,20253,66.0,84,394,21.3,A
홍제3동,생활용품 소매,20253,52.7,182,405,44.9,B
홍제3동,수리/세탁,20253,48.8,261,382,68.3,C
홍제3동,숙박,20253,34.1,164,194,84.5,D
홍제3동,스포츠/레저,20253,54.2,122,395,30.9,B
홍제3동,식품 소매,20253,41.4,293,422,69.4,C
홍제3동,애완동물,20253,52.9,54,147,36.7,B
홍제3동,예술학원,20253,32.9,313,378,82.8,D
홍제3동,오락/유흥,20253,34.6,292,361,80.9,D
홍제3동,의료/약국,20253,40.4,324,413,78.5,D
홍제3동,의류/패션,20253,29.8,380,402,94.5,D
홍제3동,일반학원,20253,32.5,359,397,90.4,D
홍제3동,일식,20253,46.5,126,279,45.2,B
홍제3동,주점,20253,48.8,187,398,47.0,B
홍제3동,중식,20253,43.0,256,358,71.5,C
홍제3동,카페,20253,41.4,241,419,57.5,C
홍제3동,패스트푸드/치킨,20253,51.4,133,409,32.5,B
홍제3동,편의점,20253,40.3,268,405,66.2,C
홍제3동,한식,20253,27.7,397,421,94.3,D
홍제2동,미용실,20253,47.4,146,419,34.8,B
홍제2동,분식/간식,20253,38.9,348,415,83.9,D
홍제2동,뷰티/화장품,20253,37.1,291,394,73.9,C
홍제2동,생활용품 소매,20253,28.7,333,405,82.2,D
홍제2동,수리/세탁,20253,55.2,230,382,60.2,C
홍제2동,스포츠/레저,20253,47.5,194,395,49.1,B
홍제2동,식품 소매,20253,61.3,91,422,21.6,A
홍제2동,예술학원,20253,61.1,64,378,16.9,A
홍제2동,오락/유흥,20253,26.0,342,361,94.7,D
홍제2동,의료/약국,20253,27.8,390,413,94.4,D
홍제2동,의류/패션,20253,42.8,323,402,80.3,D
홍제2동,일반학원,20253,61.1,48,397,12.1,A
홍제2동,주점,20253,36.5,314,398,78.9,D
홍제2동,카페,20253,29.1,368,419,87.8,D
홍제2동,패스트푸드/치킨,20253,47.8,171,409,41.8,B
홍제2동,편의점,20253,42.6,230,405,56.8,C
홍제2동,한식,20253,28.2,393,421,93.3,D
홍은1동,B2B 서비스,20253,40.5,219,368,59.5,C
홍은1동,미용실,20253,51.6,102,419,24.3,A
홍은1동,분식/간식,20253,40.9,330,415,79.5,D
홍은1동,뷰티/화장품,20253,18.2,386,394,98.0,D
홍은1동,생활용품 소매,20253,49.3,207,405,51.1,C
홍은1동,스포츠/레저,20253,46.1,216,395,54.7,C
홍은1동,식품 소매,20253,34.2,355,422,84.1,D
홍은1동,애완동물,20253,39.2,104,147,70.7,C
홍은1동,예술학원,20253,36.1,287,378,75.9,D
홍은1동,오락/유흥,20253,49.9,166,361,46.0,B
홍은1동,의료/약국,20253,58.4,129,413,31.2,B
홍은1동,의류/패션,20253,43.6,317,402,78.9,D
홍은1동,일반학원,20253,55.5,101,397,25.4,B
홍은1동,일식,20253,26.4,264,279,94.6,D
홍은1동,전자/통신,20253,81.8,18,309,5.8,A
홍은1동,주점,20253,37.0,306,398,76.9,D
홍은1동,중식,20253,46.3,219,358,61.2,C
홍은1동,카페,20253,59.2,64,419,15.3,A
홍은1동,패스트푸드/치킨,20253,38.5,289,409,70.7,C
홍은1동,편의점,20253,31.1,387,405,95.6,D
홍은1동,한식,20253,26.1,402,421,95.5,D
홍은2동,B2B 서비스,20253,45.6,179,368,48.6,B
홍은2동,미용실,20253,50.2,119,419,28.4,B
홍은2동,분식/간식,20253,61.5,67,415,16.1,A
홍은2동,뷰티/화장품,20253,51.9,176,394,44.7,B
홍은2동,생활용품 소매,20253,70.7,62,405,15.3,A
홍은2동,수리/세탁,20253,74.3,90,382,23.6,A
홍은2동,스포츠/레저,20253,42.3,259,395,65.6,C
홍은2동,식품 소매,20253,39.2,313,422,74.2,C
홍은2동,애완동물,20253,34.5,115,147,78.2,D
홍은2동,양식/기타외식,20253,74.8,6,241,2.5,A
홍은2동,예술학원,20253,55.6,96,378,25.4,B
홍은2동,오락/유흥,20253,43.5,230,361,63.7,C
홍은2동,의료/약국,20253,27.9,388,413,93.9,D
홍은2동,의류/패션,20253,72.0,92,402,22.9,A
홍은2동,일반학원,20253,59.1,71,397,17.9,A
홍은2동,일식,20253,49.7,102,279,36.6,B
홍은2동,주점,20253,49.6,176,398,44.2,B
홍은2동,중식,20253,73.4,6,358,1.7,A
홍은2동,카페,20253,42.0,232,419,55.4,C
홍은2동,패스트푸드/치킨,20253,37.9,300,409,73.3,C
홍은2동,편의점,20253,44.5,200,405,49.4,B
홍은2동,한식,20253,51.1,208,421,49.4,B
남가좌1동,B2B 서비스,20253,43.4,198,368,53.8,C
남가좌1동,미용실,20253,54.5,80,419,19.1,A
남가좌1동,분식/간식,20253,28.9,408,415,98.3,D
남가좌1동,뷰티/화장품,20253,38.9,276,394,70.1,C
남가좌1동,생활용품 소매,20253,34.1,312,405,77.0,D
남가좌1동,숙박,20253,37.9,146,194,75.3,D
남가좌1동,스포츠/레저,20253,71.4,26,395,6.6,A
남가좌1동,식품 소매,20253,75.2,9,422,2.1,A
남가좌1동,오락/유흥,20253,26.7,341,361,94.5,D
남가좌1동,의료/약국,20253,44.8,287,413,69.5,C
남가좌1동,의류/패션,20253,80.3,16,402,4.0,A
남가좌1동,주점,20253,34.8,330,398,82.9,D
남가좌1동,중식,20253,49.1,190,358,53.1,C
남가좌1동,카페,20253,62.1,53,419,12.6,A
남가좌1동,한식,20253,51.4,204,421,48.5,B
남가좌2동,B2B 서비스,20253,51.1,131,368,35.6,B
남가좌2동,미용실,20253,42.2,206,419,49.2,B
남가좌2동,분식/간식,20253,52.0,186,415,44.8,B
남가좌2동,뷰티/화장품,20253,21.7,374,394,94.9,D
남가좌2동,생활용품 소매,20253,73.6,45,405,11.1,A
남가좌2동,수리/세탁,20253,69.8,126,382,33.0,B
남가좌2동,스포츠/레저,20253,49.7,174,395,44.1,B
남가좌2동,식품 소매,20253,49.7,207,422,49.1,B
남가좌2동,애완동물,20253,70.1,13,147,8.8,A
남가좌2동,양식/기타외식,20253,64.5,31,241,12.9,A
남가좌2동,예술학원,20253,48.1,147,378,38.9,B
남가좌2동,오락/유흥,20253,44.7,215,361,59.6,C
남가좌2동,의료/약국,20253,63.1,85,413,20.6,A
남가좌2동,의류/패션,20253,69.6,111,402,27.6,B
남가좌2동,일반학원,20253,54.8,106,397,26.7,B
남가좌2동,일식,20253,54.9,74,279,26.5,B
남가좌2동,전자/통신,20253,53.1,127,309,41.1,B
남가좌2동,주점,20253,70.1,24,398,6.0,A
남가좌2동,중식,20253,60.5,61,358,17.0,A
남가좌2동,카페,20253,75.5,22,419,5.3,A
남가좌2동,패스트푸드/치킨,20253,72.0,13,409,3.2,A
남가좌2동,편의점,20253,58.6,43,405,10.6,A
남가좌2동,한식,20253,75.5,35,421,8.3,A
북가좌1동,B2B 서비스,20253,52.5,124,368,33.7,B
북가좌1동,미용실,20253,29.5,370,419,88.3,D
북가좌1동,분식/간식,20253,52.7,178,415,42.9,B
북가좌1동,생활용품 소매,20253,30.0,325,405,80.2,D
북가좌1동,수리/세탁,20253,47.3,269,382,70.4,C
북가좌1동,식품 소매,20253,30.5,382,422,90.5,D
북가좌1동,예술학원,20253,45.3,177,378,46.8,B
북가좌1동,의료/약국,20253,86.0,2,413,0.5,A
북가좌1동,의류/패션,20253,58.5,206,402,51.2,C
북가좌1동,일반학원,20253,58.5,77,397,19.4,A
북가좌1동,주점,20253,34.4,336,398,84.4,D
북가좌1동,패스트푸드/치킨,20253,59.7,63,409,15.4,A
북가좌1동,편의점,20253,44.7,195,405,48.1,B
북가좌1동,한식,20253,44.3,263,421,62.5,C
북가좌2동,B2B 서비스,20253,59.6,76,368,20.7,A
북가좌2동,미용실,20253,40.2,234,419,55.8,C
북가좌2동,분식/간식,20253,43.2,300,415,72.3,C
북가좌2동,뷰티/화장품,20253,30.8,322,394,81.7,D
북가좌2동,생활용품 소매,20253,10.3,404,405,99.8,D
북가좌2동,수리/세탁,20253,67.4,143,382,37.4,B
북가좌2동,숙박,20253,77.0,4,194,2.1,A
북가좌2동,스포츠/레저,20253,48.4,187,395,47.3,B
북가좌2동,식품 소매,20253,41.5,292,422,69.2,C
북가좌2동,양식/기타외식,20253,27.6,230,241,95.4,D
북가좌2동,예술학원,20253,58.3,80,378,21.2,A
북가좌2동,오락/유흥,20253,40.1,258,361,71.5,C
북가좌2동,의료/약국,20253,54.4,186,413,45.0,B
북가좌2동,의류/패션,20253,39.0,350,402,87.1,D
북가좌2동,일반학원,20253,59.4,67,397,16.9,A
북가좌2동,일식,20253,35.0,218,279,78.1,D
북가좌2동,전자/통신,20253,49.9,140,309,45.3,B
북가좌2동,주점,20253,35.5,323,398,81.2,D
북가좌2동,중식,20253,60.2,64,358,17.9,A
북가좌2동,카페,20253,37.5,285,419,68.0,C
북가좌2동,패스트푸드/치킨,20253,30.9,383,409,93.6,D
북가좌2동,편의점,20253,34.5,366,405,90.4,D
북가좌2동,한식,20253,40.5,298,421,70.8,C
아현동,B2B 서비스,20253,89.5,2,368,0.5,A
아현동,미용실,20253,38.2,257,419,61.3,C
아현동,분식/간식,20253,56.8,117,415,28.2,B
아현동,뷰티/화장품,20253,39.8,269,394,68.3,C
아현동,생활용품 소매,20253,79.0,16,405,4.0,A
아현동,수리/세탁,20253,59.8,204,382,53.4,C
아현동,스포츠/레저,20253,55.3,112,395,28.4,B
아현동,식품 소매,20253,46.0,245,422,58.1,C
아현동,애완동물,20253,28.4,133,147,90.5,D
아현동,예술학원,20253,37.0,276,378,73.0,C
아현동,의료/약국,20253,47.0,264,413,63.9,C
아현동,의류/패션,20253,60.9,190,402,47.3,B
아현동,일반학원,20253,36.4,327,397,82.4,D
아현동,일식,20253,35.8,217,279,77.8,D
아현동,전자/통신,20253,37.8,209,309,67.6,C
아현동,주점,20253,45.1,229,398,57.5,C
아현동,중식,20253,53.7,137,358,38.3,B
아현동,카페,20253,57.1,76,419,18.1,A
아현동,패스트푸드/치킨,20253,43.9,220,409,53.8,C
아현동,편의점,20253,46.1,175,405,43.2,B
아현동,한식,20253,56.2,161,421,38.2,B
공덕동,B2B 서비스,20253,14.9,358,368,97.3,D
공덕동,미용실,20253,30.9,355,419,84.7,D
공덕동,분식/간식,20253,45.1,270,415,65.1,C
공덕동,뷰티/화장품,20253,57.8,129,394,32.7,B
공덕동,생활용품 소매,20253,19.3,379,405,93.6,D
공덕동,수리/세탁,20253,47.5,268,382,70.2,C
공덕동,숙박,20253,69.5,18,194,9.3,A
공덕동,스포츠/레저,20253,41.7,262,395,66.3,C
공덕동,식품 소매,20253,70.6,26,422,6.2,A
공덕동,애완동물,20253,70.4,12,147,8.2,A
공덕동,양식/기타외식,20253,51.2,117,241,48.5,B
공덕동,예술학원,20253,54.5,104,378,27.5,B
공덕동,오락/유흥,20253,49.9,164,361,45.4,B
공덕동,의료/약국,20253,61.5,92,413,22.3,A
공덕동,의류/패션,20253,48.1,289,402,71.9,C
공덕동,일반학원,20253,55.2,104,397,26.2,B
공덕동,일식,20253,39.5,188,279,67.4,C
공덕동,전자/통신,20253,15.6,294,309,95.1,D
공덕동,주점,20253,46.8,208,398,52.3,C
공덕동,중식,20253,64.9,31,358,8.7,A
공덕동,카페,20253,48.7,147,419,35.1,B
공덕동,패스트푸드/치킨,20253,46.8,180,409,44.0,B
공덕동,편의점,20253,50.9,96,405,23.7,A
공덕동,한식,20253,74.3,42,421,10.0,A
도화동,B2B 서비스,20253,66.8,38,368,10.3,A
도화동,미용실,20253,46.0,162,419,38.7,B
도화동,분식/간식,20253,58.0,101,415,24.3,A
도화동,뷰티/화장품,20253,59.6,119,394,30.2,B
도화동,생활용품 소매,20253,53.1,180,405,44.4,B
도화동,수리/세탁,20253,61.5,197,382,51.6,C
도화동,스포츠/레저,20253,38.4,298,395,75.4,D
도화동,식품 소매,20253,46.9,234,422,55.5,C
도화동,양식/기타외식,20253,60.5,51,241,21.2,A
도화동,예술학원,20253,56.2,94,378,24.9,A
도화동,오락/유흥,20253,66.3,33,361,9.1,A
도화동,의료/약국,20253,50.9,229,413,55.4,C
도화동,의류/패션,20253,43.7,315,402,78.4,D
도화동,일반학원,20253,45.5,231,397,58.2,C
도화동,일식,20253,55.4,70,279,25.1,B
도화동,전자/통신,20253,20.5,275,309,89.0,D
도화동,주점,20253,56.7,107,398,26.9,B
도화동,중식,20253,51.4,167,358,46.6,B
도화동,카페,20253,41.8,234,419,55.8,C
도화동,패스트푸드/치킨,20253,56.8,85,409,20.8,A
도화동,편의점,20253,48.5,129,405,31.9,B
도화동,한식,20253,47.0,243,421,57.7,C
용강동,B2B 서비스,20253,35.6,257,368,69.8,C
용강동,미용실,20253,40.7,229,419,54.7,C
용강동,분식/간식,20253,35.8,368,415,88.7,D
용강동,뷰티/화장품,20253,80.6,12,394,3.0,A
용강동,생활용품 소매,20253,65.5,97,405,24.0,A
용강동,수리/세탁,20253,45.4,277,382,72.5,C
용강동,스포츠/레저,20253,51.1,158,395,40.0,B
용강동,식품 소매,20253,66.0,57,422,13.5,A
용강동,양식/기타외식,20253,41.2,180,241,74.7,C
용강동,예술학원,20253,46.8,161,378,42.6,B
용강동,오락/유흥,20253,64.7,40,361,11.1,A
용강동,의료/약국,20253,82.8,4,413,1.0,A
용강동,의류/패션,20253,76.2,45,402,11.2,A
용강동,일반학원,20253,59.4,66,397,16.6,A
용강동,일식,20253,41.3,169,279,60.6,C
용강동,전자/통신,20253,19.6,282,309,91.3,D
용강동,주점,20253,24.5,382,398,96.0,D
용강동,중식,20253,51.9,160,358,44.7,B
용강동,카페,20253,44.0,203,419,48.4,B
용강동,패스트푸드/치킨,20253,36.6,316,409,77.3,D
용강동,편의점,20253,36.1,341,405,84.2,D
용강동,한식,20253,72.1,53,421,12.6,A
대흥동,B2B 서비스,20253,60.0,75,368,20.4,A
대흥동,미용실,20253,31.1,354,419,84.5,D
대흥동,분식/간식,20253,71.3,17,415,4.1,A
대흥동,뷰티/화장품,20253,35.8,298,394,75.6,D
대흥동,생활용품 소매,20253,70.7,61,405,15.1,A
대흥동,수리/세탁,20253,23.2,371,382,97.1,D
대흥동,숙박,20253,57.5,61,194,31.4,B
대흥동,스포츠/레저,20253,38.2,301,395,76.2,D
대흥동,식품 소매,20253,31.2,379,422,89.8,D
대흥동,애완동물,20253,44.5,85,147,57.8,C
대흥동,양식/기타외식,20253,58.2,68,241,28.2,B
대흥동,예술학원,20253,43.7,197,378,52.1,C
대흥동,오락/유흥,20253,63.4,52,361,14.4,A
대흥동,의료/약국,20253,37.5,346,413,83.8,D
대흥동,의류/패션,20253,76.9,42,402,10.4,A
대흥동,일반학원,20253,35.1,341,397,85.9,D
대흥동,일식,20253,37.0,208,279,74.6,C
대흥동,전자/통신,20253,46.4,155,309,50.2,C
대흥동,주점,20253,42.1,260,398,65.3,C
대흥동,중식,20253,65.1,28,358,7.8,A
대흥동,카페,20253,75.6,20,419,4.8,A
대흥동,패스트푸드/치킨,20253,73.1,11,409,2.7,A
대흥동,편의점,20253,59.9,34,405,8.4,A
대흥동,한식,20253,68.9,71,421,16.9,A
염리동,B2B 서비스,20253,30.6,288,368,78.3,D
염리동,미용실,20253,54.2,84,419,20.0,A
염리동,분식/간식,20253,39.6,342,415,82.4,D
염리동,뷰티/화장품,20253,70.1,63,394,16.0,A
염리동,생활용품 소매,20253,64.4,106,405,26.2,B
염리동,수리/세탁,20253,52.9,242,382,63.4,C
염리동,스포츠/레저,20253,37.0,320,395,81.0,D
염리동,식품 소매,20253,42.7,281,422,66.6,C
염리동,양식/기타외식,20253,27.6,229,241,95.0,D
염리동,예술학원,20253,65.1,37,378,9.8,A
염리동,오락/유흥,20253,30.1,320,361,88.6,D
염리동,의료/약국,20253,48.6,252,413,61.0,C
염리동,의류/패션,20253,72.8,80,402,19.9,A
염리동,일반학원,20253,42.9,256,397,64.5,C
염리동,일식,20253,41.2,170,279,60.9,C
염리동,주점,20253,54.2,131,398,32.9,B
염리동,카페,20253,52.3,107,419,25.5,B
염리동,패스트푸드/치킨,20253,37.5,306,409,74.8,C
염리동,편의점,20253,35.6,350,405,86.4,D
염리동,한식,20253,40.0,304,421,72.2,C
신수동,B2B 서비스,20253,57.7,87,368,23.6,A
신수동,미용실,20253,51.2,106,419,25.3,B
신수동,분식/간식,20253,41.3,324,415,78.1,D
신수동,뷰티/화장품,20253,52.1,173,394,43.9,B
신수동,생활용품 소매,20253,72.0,52,405,12.8,A
신수동,수리/세탁,20253,20.0,373,382,97.6,D
신수동,스포츠/레저,20253,71.4,25,395,6.3,A
신수동,식품 소매,20253,33.5,362,422,85.8,D
신수동,양식/기타외식,20253,59.4,56,241,23.2,A
신수동,예술학원,20253,40.1,243,378,64.3,C
신수동,오락/유흥,20253,32.1,311,361,86.1,D
신수동,의료/약국,20253,45.2,280,413,67.8,C
신수동,의류/패션,20253,36.2,363,402,90.3,D
신수동,일반학원,20253,35.1,340,397,85.6,D
신수동,전자/통신,20253,63.8,79,309,25.6,B
신수동,주점,20253,51.0,162,398,40.7,B
신수동,중식,20253,39.4,282,358,78.8,D
신수동,카페,20253,45.6,185,419,44.2,B
신수동,패스트푸드/치킨,20253,54.7,97,409,23.7,A
신수동,편의점,20253,41.0,256,405,63.2,C
신수동,한식,20253,73.7,46,421,10.9,A
서강동,B2B 서비스,20253,25.4,320,368,87.0,D
서강동,미용실,20253,40.8,227,419,54.2,C
서강동,분식/간식,20253,44.9,273,415,65.8,C
서강동,뷰티/화장품,20253,49.4,194,394,49.2,B
서강동,생활용품 소매,20253,54.5,167,405,41.2,B
서강동,수리/세탁,20253,71.3,111,382,29.1,B
서강동,숙박,20253,73.8,11,194,5.7,A
서강동,스포츠/레저,20253,50.1,169,395,42.8,B
서강동,식품 소매,20253,77.0,6,422,1.4,A
서강동,애완동물,20253,37.4,108,147,73.5,C
서강동,양식/기타외식,20253,60.5,52,241,21.6,A
서강동,예술학원,20253,28.8,341,378,90.2,D
서강동,오락/유흥,20253,64.2,46,361,12.7,A
서강동,의료/약국,20253,53.5,199,413,48.2,B
서강동,의류/패션,20253,49.5,281,402,69.9,C
서강동,일반학원,20253,65.8,28,397,7.1,A
서강동,일식,20253,56.4,59,279,21.1,A
서강동,전자/통신,20253,41.5,181,309,58.6,C
서강동,주점,20253,57.1,100,398,25.1,B
서강동,중식,20253,54.1,131,358,36.6,B
서강동,카페,20253,47.9,157,419,37.5,B
서강동,패스트푸드/치킨,20253,57.0,83,409,20.3,A
서강동,편의점,20253,76.1,8,405,2.0,A
서강동,한식,20253,62.7,114,421,27.1,B
서교동,B2B 서비스,20253,69.9,30,368,8.2,A
서교동,미용실,20253,43.0,195,419,46.5,B
서교동,분식/간식,20253,56.2,124,415,29.9,B
서교동,뷰티/화장품,20253,54.3,153,394,38.8,B
서교동,생활용품 소매,20253,55.1,164,405,40.5,B
서교동,수리/세탁,20253,73.9,95,382,24.9,A
서교동,숙박,20253,32.6,169,194,87.1,D
서교동,스포츠/레저,20253,43.8,241,395,61.0,C
서교동,식품 소매,20253,46.6,239,422,56.6,C
서교동,애완동물,20253,19.8,144,147,98.0,D
서교동,양식/기타외식,20253,54.7,94,241,39.0,B
서교동,예술학원,20253,54.2,106,378,28.0,B
서교동,오락/유흥,20253,58.2,87,361,24.1,A
서교동,의료/약국,20253,64.2,76,413,18.4,A
서교동,의류/패션,20253,46.5,299,402,74.4,C
서교동,일반학원,20253,54.2,113,397,28.5,B
서교동,일식,20253,44.0,145,279,52.0,C
서교동,전자/통신,20253,59.1,99,309,32.0,B
서교동,주점,20253,58.9,91,398,22.9,A
서교동,중식,20253,47.9,203,358,56.7,C
서교동,카페,20253,56.2,81,419,19.3,A
서교동,패스트푸드/치킨,20253,55.0,95,409,23.2,A
서교동,편의점,20253,54.0,74,405,18.3,A
서교동,한식,20253,76.6,28,421,6.7,A
합정동,B2B 서비스,20253,71.1,26,368,7.1,A
합정동,미용실,20253,30.7,357,419,85.2,D
합정동,분식/간식,20253,51.7,189,415,45.5,B
합정동,뷰티/화장품,20253,35.0,302,394,76.6,D
합정동,생활용품 소매,20253,59.9,128,405,31.6,B
합정동,수리/세탁,20253,35.9,337,382,88.2,D
합정동,숙박,20253,34.0,165,194,85.1,D
합정동,스포츠/레저,20253,39.1,289,395,73.2,C
합정동,식품 소매,20253,61.9,86,422,20.4,A
합정동,애완동물,20253,51.7,57,147,38.8,B
합정동,양식/기타외식,20253,47.0,145,241,60.2,C
합정동,예술학원,20253,45.4,176,378,46.6,B
합정동,오락/유흥,20253,48.9,172,361,47.6,B
합정동,의료/약국,20253,21.4,404,413,97.8,D
합정동,의류/패션,20253,57.7,213,402,53.0,C
합정동,일반학원,20253,41.5,271,397,68.3,C
합정동,일식,20253,47.9,116,279,41.6,B
합정동,전자/통신,20253,56.7,108,309,35.0,B
합정동,주점,20253,43.8,243,398,61.1,C
합정동,중식,20253,49.4,187,358,52.2,C
합정동,카페,20253,59.5,60,419,14.3,A
합정동,패스트푸드/치킨,20253,57.5,80,409,19.6,A
합정동,편의점,20253,48.1,138,405,34.1,B
합정동,한식,20253,77.0,27,421,6.4,A
망원1동,B2B 서비스,20253,64.0,61,368,16.6,A
망원1동,미용실,20253,38.5,250,419,59.7,C
망원1동,분식/간식,20253,46.7,253,415,61.0,C
망원1동,뷰티/화장품,20253,49.1,195,394,49.5,B
망원1동,생활용품 소매,20253,52.4,188,405,46.4,B
망원1동,수리/세탁,20253,40.6,310,382,81.2,D
망원1동,스포츠/레저,20253,47.9,189,395,47.8,B
망원1동,식품 소매,20253,64.0,68,422,16.1,A
망원1동,애완동물,20253,66.4,25,147,17.0,A
망원1동,양식/기타외식,20253,45.3,157,241,65.1,C
망원1동,예술학원,20253,23.7,364,378,96.3,D
망원1동,오락/유흥,20253,46.2,193,361,53.5,C
망원1동,의료/약국,20253,44.5,288,413,69.7,C
망원1동,의류/패션,20253,59.1,203,402,50.5,C
망원1동,일반학원,20253,45.1,236,397,59.4,C
망원1동,일식,20253,42.2,159,279,57.0,C
망원1동,전자/통신,20253,87.9,7,309,2.3,A
망원1동,주점,20253,39.0,289,398,72.6,C
망원1동,중식,20253,59.9,65,358,18.2,A
망원1동,카페,20253,48.1,155,419,37.0,B
망원1동,패스트푸드/치킨,20253,47.5,174,409,42.5,B
망원1동,편의점,20253,45.6,178,405,44.0,B
망원1동,한식,20253,54.6,173,421,41.1,B
망원2동,B2B 서비스,20253,47.5,165,368,44.8,B
망원2동,미용실,20253,58.0,51,419,12.2,A
망원2동,분식/간식,20253,55.2,144,415,34.7,B
망원2동,뷰티/화장품,20253,70.0,64,394,16.2,A
망원2동,생활용품 소매,20253,59.0,134,405,33.1,B
망원2동,수리/세탁,20253,79.5,45,382,11.8,A
망원2동,스포츠/레저,20253,35.4,332,395,84.1,D
망원2동,식품 소매,20253,69.7,30,422,7.1,A
망원2동,애완동물,20253,41.9,95,147,64.6,C
망원2동,예술학원,20253,45.6,173,378,45.8,B
망원2동,오락/유흥,20253,48.0,178,361,49.3,B
망원2동,의료/약국,20253,60.1,112,413,27.1,B
망원2동,의류/패션,20253,43.0,320,402,79.6,D
망원2동,일반학원,20253,49.1,179,397,45.1,B
망원2동,전자/통신,20253,77.9,29,309,9.4,A
망원2동,주점,20253,42.1,259,398,65.1,C
망원2동,중식,20253,46.3,218,358,60.9,C
망원2동,카페,20253,46.6,172,419,41.1,B
망원2동,패스트푸드/치킨,20253,36.1,322,409,78.7,D
망원2동,편의점,20253,37.6,324,405,80.0,D
망원2동,한식,20253,59.8,138,421,32.8,B
연남동,B2B 서비스,20253,56.8,97,368,26.4,B
연남동,미용실,20253,32.1,343,419,81.9,D
연남동,분식/간식,20253,55.1,146,415,35.2,B
연남동,뷰티/화장품,20253,46.8,216,394,54.8,C
연남동,생활용품 소매,20253,69.4,73,405,18.0,A
연남동,수리/세탁,20253,43.4,290,382,75.9,D
연남동,스포츠/레저,20253,62.2,64,395,16.2,A
연남동,식품 소매,20253,43.0,277,422,65.6,C
연남동,애완동물,20253,81.7,4,147,2.7,A
연남동,양식/기타외식,20253,49.1,136,241,56.4,C
연남동,예술학원,20253,54.7,102,378,27.0,B
연남동,오락/유흥,20253,32.9,305,361,84.5,D
연남동,의료/약국,20253,38.8,337,413,81.6,D
연남동,의류/패션,20253,63.5,158,402,39.3,B
연남동,일반학원,20253,41.2,276,397,69.5,C
연남동,일식,20253,46.2,127,279,45.5,B
연남동,전자/통신,20253,22.8,265,309,85.8,D
연남동,주점,20253,43.7,246,398,61.8,C
연남동,중식,20253,44.8,231,358,64.5,C
연남동,카페,20253,57.1,75,419,17.9,A
연남동,패스트푸드/치킨,20253,52.4,124,409,30.3,B
연남동,편의점,20253,45.4,184,405,45.4,B
연남동,한식,20253,68.8,72,421,17.1,A
성산1동,B2B 서비스,20253,32.7,274,368,74.5,C
성산1동,미용실,20253,35.6,301,419,71.8,C
성산1동,분식/간식,20253,50.4,205,415,49.4,B
성산1동,뷰티/화장품,20253,18.6,383,394,97.2,D
성산1동,생활용품 소매,20253,40.3,273,405,67.4,C
성산1동,수리/세탁,20253,70.6,119,382,31.2,B
성산1동,스포츠/레저,20253,30.9,363,395,91.9,D
성산1동,식품 소매,20253,40.8,297,422,70.4,C
성산1동,애완동물,20253,23.8,142,147,96.6,D
성산1동,양식/기타외식,20253,38.2,193,241,80.1,D
성산1동,예술학원,20253,54.6,103,378,27.2,B
성산1동,오락/유흥,20253,70.6,15,361,4.2,A
성산1동,의료/약국,20253,68.7,39,413,9.4,A
성산1동,의류/패션,20253,71.2,100,402,24.9,A
성산1동,일반학원,20253,59.5,65,397,16.4,A
성산1동,일식,20253,34.8,220,279,78.9,D
성산1동,전자/통신,20253,45.3,160,309,51.8,C
성산1동,주점,20253,68.0,31,398,7.8,A
성산1동,중식,20253,57.8,86,358,24.0,A
성산1동,카페,20253,36.1,300,419,71.6,C
성산1동,패스트푸드/치킨,20253,40.3,265,409,64.8,C
성산1동,편의점,20253,39.0,297,405,73.3,C
성산1동,한식,20253,60.1,135,421,32.1,B
성산2동,B2B 서비스,20253,13.0,360,368,97.8,D
성산2동,미용실,20253,33.5,322,419,76.8,D
성산2동,분식/간식,20253,41.8,312,415,75.2,D
성산2동,뷰티/화장품,20253,78.1,18,394,4.6,A
성산2동,생활용품 소매,20253,30.3,323,405,79.8,D
성산2동,수리/세탁,20253,77.3,62,382,16.2,A
성산2동,스포츠/레저,20253,28.3,374,395,94.7,D
성산2동,식품 소매,20253,49.8,206,422,48.8,B
성산2동,애완동물,20253,54.9,49,147,33.3,B
성산2동,양식/기타외식,20253,35.2,202,241,83.8,D
성산2동,예술학원,20253,36.7,280,378,74.1,C
성산2동,오락/유흥,20253,52.9,129,361,35.7,B
성산2동,의료/약국,20253,69.6,32,413,7.7,A
성산2동,의류/패션,20253,51.2,267,402,66.4,C
성산2동,일반학원,20253,52.3,132,397,33.2,B
성산2동,일식,20253,36.8,209,279,74.9,C
성산2동,전자/통신,20253,77.5,31,309,10.0,A
성산2동,주점,20253,36.8,309,398,77.6,D
성산2동,중식,20253,56.3,108,358,30.2,B
성산2동,카페,20253,23.5,403,419,96.2,D
성산2동,패스트푸드/치킨,20253,40.9,258,409,63.1,C
성산2동,편의점,20253,56.2,56,405,13.8,A
성산2동,한식,20253,54.7,171,421,40.6,B
상암동,미용실,20253,49.2,131,419,31.3,B
상암동,분식/간식,20253,48.2,235,415,56.6,C
상암동,뷰티/화장품,20253,60.6,113,394,28.7,B
상암동,생활용품 소매,20253,59.1,132,405,32.6,B
상암동,수리/세탁,20253,47.5,266,382,69.6,C
상암동,스포츠/레저,20253,37.2,316,395,80.0,D
상암동,식품 소매,20253,34.0,359,422,85.1,D
상암동,양식/기타외식,20253,51.8,114,241,47.3,B
상암동,예술학원,20253,34.7,301,378,79.6,D
상암동,오락/유흥,20253,51.3,148,361,41.0,B
상암동,의료/약국,20253,58.8,124,413,30.0,B
상암동,의류/패션,20253,51.7,263,402,65.4,C
상암동,일반학원,20253,50.7,157,397,39.5,B
상암동,일식,20253,37.6,204,279,73.1,C
상암동,전자/통신,20253,38.3,205,309,66.3,C
상암동,주점,20253,50.9,163,398,41.0,B
상암동,중식,20253,49.6,184,358,51.4,C
상암동,카페,20253,30.8,354,419,84.5,D
상암동,패스트푸드/치킨,20253,49.0,156,409,38.1,B
상암동,편의점,20253,42.4,234,405,57.8,C
상암동,한식,20253,64.0,101,421,24.0,A
목1동,B2B 서비스,20253,18.9,350,368,95.1,D
목1동,미용실,20253,38.2,255,419,60.9,C
목1동,분식/간식,20253,62.6,59,415,14.2,A
목1동,뷰티/화장품,20253,37.2,290,394,73.6,C
목1동,생활용품 소매,20253,55.2,162,405,40.0,B
목1동,수리/세탁,20253,29.1,360,382,94.2,D
목1동,스포츠/레저,20253,53.4,132,395,33.4,B
목1동,식품 소매,20253,26.2,409,422,96.9,D
목1동,애완동물,20253,43.8,90,147,61.2,C
목1동,양식/기타외식,20253,56.7,77,241,32.0,B
목1동,예술학원,20253,28.4,343,378,90.7,D
목1동,오락/유흥,20253,37.4,274,361,75.9,D
목1동,의료/약국,20253,45.8,273,413,66.1,C
목1동,의류/패션,20253,74.4,69,402,17.2,A
목1동,일반학원,20253,46.2,225,397,56.7,C
목1동,일식,20253,26.2,266,279,95.3,D
목1동,주점,20253,49.5,178,398,44.7,B
목1동,중식,20253,56.7,105,358,29.3,B
목1동,카페,20253,59.5,61,419,14.6,A
목1동,패스트푸드/치킨,20253,42.9,230,409,56.2,C
목1동,편의점,20253,33.8,374,405,92.3,D
목1동,한식,20253,50.5,211,421,50.1,C
목2동,B2B 서비스,20253,11.2,365,368,99.2,D
목2동,미용실,20253,31.1,353,419,84.2,D
목2동,분식/간식,20253,54.6,154,415,37.1,B
목2동,뷰티/화장품,20253,37.3,288,394,73.1,C
목2동,생활용품 소매,20253,68.1,80,405,19.8,A
목2동,수리/세탁,20253,83.9,17,382,4.5,A
목2동,스포츠/레저,20253,51.4,150,395,38.0,B
목2동,식품 소매,20253,33.4,365,422,86.5,D
목2동,예술학원,20253,42.8,207,378,54.8,C
목2동,오락/유흥,20253,68.7,21,361,5.8,A
목2동,의료/약국,20253,55.1,171,413,41.4,B
목2동,의류/패션,20253,13.1,400,402,99.5,D
목2동,일반학원,20253,63.8,37,397,9.3,A
목2동,일식,20253,39.4,189,279,67.7,C
목2동,전자/통신,20253,65.3,72,309,23.3,A
목2동,주점,20253,47.7,197,398,49.5,B
목2동,중식,20253,43.7,249,358,69.6,C
목2동,카페,20253,30.1,357,419,85.2,D
목2동,패스트푸드/치킨,20253,40.5,262,409,64.1,C
목2동,편의점,20253,35.3,359,405,88.6,D
목2동,한식,20253,44.3,264,421,62.7,C
목3동,B2B 서비스,20253,49.2,145,368,39.4,B
목3동,미용실,20253,35.6,303,419,72.3,C
목3동,분식/간식,20253,56.0,128,415,30.8,B
목3동,뷰티/화장품,20253,32.4,313,394,79.4,D
목3동,생활용품 소매,20253,71.6,54,405,13.3,A
목3동,수리/세탁,20253,63.3,183,382,47.9,B
목3동,스포츠/레저,20253,27.7,375,395,94.9,D
목3동,식품 소매,20253,63.1,77,422,18.2,A
목3동,예술학원,20253,43.2,202,378,53.4,C
목3동,오락/유흥,20253,65.4,36,361,10.0,A
목3동,의료/약국,20253,65.4,65,413,15.7,A
목3동,의류/패션,20253,31.9,373,402,92.8,D
목3동,일반학원,20253,42.2,262,397,66.0,C
목3동,일식,20253,37.2,206,279,73.8,C
목3동,전자/통신,20253,63.4,81,309,26.2,B
목3동,주점,20253,33.2,346,398,86.9,D
목3동,중식,20253,32.6,335,358,93.6,D
목3동,카페,20253,29.0,372,419,88.8,D
목3동,패스트푸드/치킨,20253,47.0,178,409,43.5,B
목3동,편의점,20253,44.6,197,405,48.6,B
목3동,한식,20253,50.5,215,421,51.1,C
목4동,B2B 서비스,20253,44.6,185,368,50.3,C
목4동,미용실,20253,39.6,241,419,57.5,C
목4동,분식/간식,20253,65.9,37,415,8.9,A
목4동,뷰티/화장품,20253,46.6,217,394,55.1,C
목4동,생활용품 소매,20253,23.7,357,405,88.1,D
목4동,수리/세탁,20253,68.8,133,382,34.8,B
목4동,스포츠/레저,20253,52.8,136,395,34.4,B
목4동,식품 소매,20253,34.3,353,422,83.6,D
목4동,예술학원,20253,38.6,256,378,67.7,C
목4동,오락/유흥,20253,54.9,115,361,31.9,B
목4동,의료/약국,20253,32.6,366,413,88.6,D
목4동,의류/패션,20253,77.2,37,402,9.2,A
목4동,일반학원,20253,47.8,201,397,50.6,C
목4동,전자/통신,20253,44.5,166,309,53.7,C
목4동,주점,20253,58.8,93,398,23.4,A
목4동,중식,20253,53.1,143,358,39.9,B
목4동,카페,20253,59.3,63,419,15.0,A
목4동,패스트푸드/치킨,20253,53.0,118,409,28.9,B
목4동,편의점,20253,38.2,316,405,78.0,D
목4동,한식,20253,38.1,321,421,76.2,D
목5동,B2B 서비스,20253,58.0,85,368,23.1,A
목5동,미용실,20253,32.7,331,419,79.0,D
목5동,분식/간식,20253,27.8,411,415,99.0,D
목5동,뷰티/화장품,20253,36.1,296,394,75.1,D
목5동,생활용품 소매,20253,57.2,149,405,36.8,B
목5동,수리/세탁,20253,63.6,180,382,47.1,B
목5동,스포츠/레저,20253,31.2,362,395,91.6,D
목5동,식품 소매,20253,26.5,405,422,96.0,D
목5동,양식/기타외식,20253,20.1,239,241,99.2,D
목5동,예술학원,20253,47.5,153,378,40.5,B
목5동,오락/유흥,20253,17.9,360,361,99.7,D
목5동,의료/약국,20253,53.1,204,413,49.4,B
목5동,의류/패션,20253,39.5,348,402,86.6,D
목5동,일반학원,20253,37.4,317,397,79.8,D
목5동,일식,20253,23.8,272,279,97.5,D
목5동,전자/통신,20253,63.7,80,309,25.9,B
목5동,주점,20253,20.0,393,398,98.7,D
목5동,중식,20253,38.4,292,358,81.6,D
목5동,카페,20253,27.8,385,419,91.9,D
목5동,패스트푸드/치킨,20253,48.0,167,409,40.8,B
목5동,편의점,20253,31.9,383,405,94.6,D
목5동,한식,20253,41.5,289,421,68.6,C
신월1동,B2B 서비스,20253,64.7,53,368,14.4,A
신월1동,미용실,20253,41.4,217,419,51.8,C
신월1동,분식/간식,20253,69.5,23,415,5.5,A
신월1동,뷰티/화장품,20253,40.7,267,394,67.8,C
신월1동,생활용품 소매,20253,74.1,42,405,10.4,A
신월1동,수리/세탁,20253,65.2,168,382,44.0,B
신월1동,스포츠/레저,20253,43.5,245,395,62.0,C
신월1동,식품 소매,20253,72.4,18,422,4.3,A
신월1동,애완동물,20253,61.4,38,147,25.9,B
신월1동,예술학원,20253,36.6,281,378,74.3,C
신월1동,오락/유흥,20253,34.3,293,361,81.2,D
신월1동,의료/약국,20253,55.0,176,413,42.6,B
신월1동,의류/패션,20253,55.9,232,402,57.7,C
신월1동,일반학원,20253,39.8,288,397,72.5,C
신월1동,일식,20253,69.3,12,279,4.3,A
신월1동,전자/통신,20253,26.8,247,309,79.9,D
신월1동,주점,20253,38.4,294,398,73.9,C
신월1동,중식,20253,49.5,186,358,52.0,C
신월1동,카페,20253,38.9,263,419,62.8,C
신월1동,패스트푸드/치킨,20253,33.0,358,409,87.5,D
신월1동,편의점,20253,35.1,363,405,89.6,D
신월1동,한식,20253,24.8,408,421,96.9,D
신월2동,B2B 서비스,20253,48.7,151,368,41.0,B
신월2동,미용실,20253,54.2,83,419,19.8,A
신월2동,분식/간식,20253,37.4,358,415,86.3,D
신월2동,뷰티/화장품,20253,29.4,329,394,83.5,D
신월2동,생활용품 소매,20253,43.6,253,405,62.5,C
신월2동,수리/세탁,20253,57.4,215,382,56.3,C
신월2동,숙박,20253,51.3,90,194,46.4,B
신월2동,스포츠/레저,20253,75.6,11,395,2.8,A
신월2동,식품 소매,20253,51.8,180,422,42.7,B
신월2동,애완동물,20253,66.2,28,147,19.0,A
신월2동,예술학원,20253,44.7,184,378,48.7,B
신월2동,오락/유흥,20253,20.2,357,361,98.9,D
신월2동,의료/약국,20253,66.6,53,413,12.8,A
신월2동,의류/패션,20253,77.1,39,402,9.7,A
신월2동,일반학원,20253,58.8,74,397,18.6,A
신월2동,전자/통신,20253,36.9,217,309,70.2,C
신월2동,주점,20253,34.1,340,398,85.4,D
신월2동,중식,20253,44.3,239,358,66.8,C
신월2동,카페,20253,39.7,259,419,61.8,C
신월2동,패스트푸드/치킨,20253,36.0,326,409,79.7,D
신월2동,편의점,20253,46.9,157,405,38.8,B
신월2동,한식,20253,25.0,405,421,96.2,D
신월3동,B2B 서비스,20253,21.2,342,368,92.9,D
신월3동,미용실,20253,43.3,188,419,44.9,B
신월3동,분식/간식,20253,39.6,343,415,82.7,D
신월3동,뷰티/화장품,20253,59.3,122,394,31.0,B
신월3동,생활용품 소매,20253,17.0,389,405,96.0,D
신월3동,수리/세탁,20253,82.2,28,382,7.3,A
신월3동,식품 소매,20253,30.9,381,422,90.3,D
신월3동,예술학원,20253,48.6,141,378,37.3,B
신월3동,오락/유흥,20253,29.9,322,361,89.2,D
신월3동,의료/약국,20253,25.4,396,413,95.9,D
신월3동,의류/패션,20253,64.8,146,402,36.3,B
신월3동,일반학원,20253,36.6,326,397,82.1,D
신월3동,전자/통신,20253,68.4,58,309,18.8,A
신월3동,주점,20253,30.2,362,398,91.0,D
신월3동,중식,20253,44.2,241,358,67.3,C
신월3동,카페,20253,35.3,312,419,74.5,C
신월3동,패스트푸드/치킨,20253,46.6,184,409,45.0,B
신월3동,편의점,20253,42.2,240,405,59.3,C
신월3동,한식,20253,65.5,91,421,21.6,A
신월4동,B2B 서비스,20253,53.7,117,368,31.8,B
신월4동,미용실,20253,50.3,114,419,27.2,B
신월4동,분식/간식,20253,31.3,397,415,95.7,D
신월4동,뷰티/화장품,20253,47.8,205,394,52.0,C
신월4동,생활용품 소매,20253,70.9,58,405,14.3,A
신월4동,수리/세탁,20253,85.6,10,382,2.6,A
신월4동,스포츠/레저,20253,42.4,254,395,64.3,C
신월4동,식품 소매,20253,51.2,190,422,45.0,B
신월4동,예술학원,20253,30.1,332,378,87.8,D
신월4동,오락/유흥,20253,30.8,318,361,88.1,D
신월4동,의료/약국,20253,66.7,52,413,12.6,A
신월4동,의류/패션,20253,43.6,318,402,79.1,D
신월4동,일반학원,20253,34.6,346,397,87.2,D
신월4동,전자/통신,20253,16.5,289,309,93.5,D
신월4동,주점,20253,35.3,326,398,81.9,D
신월4동,중식,20253,42.9,258,358,72.1,C
신월4동,카페,20253,25.0,395,419,94.3,D
신월4동,패스트푸드/치킨,20253,29.9,389,409,95.1,D
신월4동,편의점,20253,27.8,401,405,99.0,D
신월4동,한식,20253,35.7,343,421,81.5,D
신월5동,B2B 서비스,20253,26.5,314,368,85.3,D
신월5동,미용실,20253,29.4,372,419,88.8,D
신월5동,분식/간식,20253,44.4,281,415,67.7,C
신월5동,뷰티/화장품,20253,21.2,376,394,95.4,D
신월5동,생활용품 소매,20253,79.5,15,405,3.7,A
신월5동,수리/세탁,20253,65.8,157,382,41.1,B
신월5동,숙박,20253,47.3,111,194,57.2,C
신월5동,스포츠/레저,20253,50.8,164,395,41.5,B
신월5동,식품 소매,20253,51.6,184,422,43.6,B
신월5동,예술학원,20253,35.1,295,378,78.0,D
신월5동,오락/유흥,20253,40.9,252,361,69.8,C
신월5동,의료/약국,20253,56.0,156,413,37.8,B
신월5동,의류/패션,20253,87.4,2,402,0.5,A
신월5동,일반학원,20253,54.4,111,397,28.0,B
신월5동,일식,20253,55.9,64,279,22.9,A
신월5동,주점,20253,50.0,173,398,43.5,B
신월5동,카페,20253,32.0,342,419,81.6,D
신월5동,패스트푸드/치킨,20253,38.1,297,409,72.6,C
신월5동,편의점,20253,35.5,354,405,87.4,D
신월5동,한식,20253,30.6,381,421,90.5,D
신월6동,B2B 서비스,20253,45.4,181,368,49.2,B
신월6동,미용실,20253,44.0,178,419,42.5,B
신월6동,분식/간식,20253,65.7,38,415,9.2,A
신월6동,뷰티/화장품,20253,60.2,116,394,29.4,B
신월6동,생활용품 소매,20253,24.0,354,405,87.4,D
신월6동,수리/세탁,20253,78.5,54,382,14.1,A
신월6동,스포츠/레저,20253,46.0,217,395,54.9,C
신월6동,식품 소매,20253,56.6,130,422,30.8,B
신월6동,오락/유흥,20253,64.6,42,361,11.6,A
신월6동,의료/약국,20253,59.9,117,413,28.3,B
신월6동,의류/패션,20253,63.4,159,402,39.6,B
신월6동,일반학원,20253,42.0,266,397,67.0,C
신월6동,주점,20253,57.0,103,398,25.9,B
신월6동,중식,20253,61.0,56,358,15.6,A
신월6동,카페,20253,35.2,316,419,75.4,D
신월6동,패스트푸드/치킨,20253,29.1,393,409,96.1,D
신월6동,편의점,20253,30.0,395,405,97.5,D
신월6동,한식,20253,26.1,403,421,95.7,D
신월7동,B2B 서비스,20253,40.4,220,368,59.8,C
신월7동,미용실,20253,40.6,230,419,54.9,C
신월7동,분식/간식,20253,42.2,309,415,74.5,C
신월7동,뷰티/화장품,20253,77.5,24,394,6.1,A
신월7동,생활용품 소매,20253,71.3,55,405,13.6,A
신월7동,스포츠/레저,20253,70.4,31,395,7.8,A
신월7동,식품 소매,20253,39.1,315,422,74.6,C
신월7동,예술학원,20253,79.4,7,378,1.9,A
신월7동,오락/유흥,20253,40.6,257,361,71.2,C
신월7동,의료/약국,20253,75.1,12,413,2.9,A
신월7동,의류/패션,20253,43.7,316,402,78.6,D
신월7동,일반학원,20253,36.7,324,397,81.6,D
신월7동,전자/통신,20253,39.9,194,309,62.8,C
신월7동,주점,20253,49.3,180,398,45.2,B
신월7동,중식,20253,42.4,264,358,73.7,C
신월7동,카페,20253,46.5,175,419,41.8,B
신월7동,패스트푸드/치킨,20253,28.1,398,409,97.3,D
신월7동,편의점,20253,33.8,376,405,92.8,D
신월7동,한식,20253,48.2,235,421,55.8,C
신정1동,B2B 서비스,20253,46.8,168,368,45.7,B
신정1동,미용실,20253,31.7,350,419,83.5,D
신정1동,분식/간식,20253,40.4,335,415,80.7,D
신정1동,뷰티/화장품,20253,59.0,124,394,31.5,B
신정1동,생활용품 소매,20253,62.8,114,405,28.1,B
신정1동,수리/세탁,20253,37.3,328,382,85.9,D
신정1동,스포츠/레저,20253,61.8,66,395,16.7,A
신정1동,식품 소매,20253,68.2,35,422,8.3,A
신정1동,애완동물,20253,79.9,6,147,4.1,A
신정1동,예술학원,20253,36.0,288,378,76.2,D
신정1동,오락/유흥,20253,42.8,237,361,65.7,C
신정1동,의료/약국,20253,55.8,162,413,39.2,B
신정1동,의류/패션,20253,61.7,181,402,45.0,B
신정1동,일반학원,20253,43.2,254,397,64.0,C
신정1동,일식,20253,40.7,176,279,63.1,C
신정1동,전자/통신,20253,38.7,204,309,66.0,C
신정1동,주점,20253,42.0,261,398,65.6,C
신정1동,카페,20253,38.6,267,419,63.7,C
신정1동,패스트푸드/치킨,20253,35.6,330,409,80.7,D
신정1동,편의점,20253,27.1,403,405,99.5,D
신정1동,한식,20253,28.1,394,421,93.6,D
신정2동,B2B 서비스,20253,29.2,300,368,81.5,D
신정2동,미용실,20253,50.3,117,419,27.9,B
신정2동,분식/간식,20253,35.4,371,415,89.4,D
신정2동,뷰티/화장품,20253,42.0,255,394,64.7,C
신정2동,생활용품 소매,20253,67.2,85,405,21.0,A
신정2동,수리/세탁,20253,68.5,135,382,35.3,B
신정2동,스포츠/레저,20253,51.4,148,395,37.5,B
신정2동,식품 소매,20253,50.6,195,422,46.2,B
신정2동,애완동물,20253,39.4,103,147,70.1,C
신정2동,양식/기타외식,20253,39.2,188,241,78.0,D
신정2동,예술학원,20253,47.9,149,378,39.4,B
신정2동,오락/유흥,20253,52.2,135,361,37.4,B
신정2동,의료/약국,20253,55.0,173,413,41.9,B
신정2동,의류/패션,20253,38.6,351,402,87.3,D
신정2동,일반학원,20253,51.5,142,397,35.8,B
신정2동,일식,20253,50.9,94,279,33.7,B
신정2동,주점,20253,68.4,30,398,7.5,A
신정2동,중식,20253,28.5,350,358,97.8,D
신정2동,카페,20253,29.0,371,419,88.5,D
신정2동,패스트푸드/치킨,20253,42.5,235,409,57.5,C
신정2동,편의점,20253,40.2,270,405,66.7,C
신정2동,한식,20253,31.4,376,421,89.3,D
신정3동,B2B 서비스,20253,26.3,316,368,85.9,D
신정3동,미용실,20253,35.4,306,419,73.0,C
신정3동,분식/간식,20253,56.6,118,415,28.4,B
신정3동,뷰티/화장품,20253,34.5,305,394,77.4,D
신정3동,생활용품 소매,20253,58.6,141,405,34.8,B
신정3동,수리/세탁,20253,73.9,96,382,25.1,B
신정3동,스포츠/레저,20253,42.5,251,395,63.5,C
신정3동,식품 소매,20253,63.5,74,422,17.5,A
신정3동,예술학원,20253,34.1,306,378,81.0,D
신정3동,오락/유흥,20253,46.1,195,361,54.0,C
신정3동,의료/약국,20253,57.0,148,413,35.8,B
신정3동,의류/패션,20253,68.7,118,402,29.4,B
신정3동,일반학원,20253,48.1,197,397,49.6,B
신정3동,전자/통신,20253,53.4,125,309,40.5,B
신정3동,주점,20253,46.4,212,398,53.3,C
신정3동,중식,20253,43.6,250,358,69.8,C
신정3동,카페,20253,33.1,329,419,78.5,D
신정3동,패스트푸드/치킨,20253,33.3,355,409,86.8,D
신정3동,편의점,20253,38.9,300,405,74.1,C
신정3동,한식,20253,27.7,398,421,94.5,D
신정4동,B2B 서비스,20253,46.4,173,368,47.0,B
신정4동,미용실,20253,35.9,296,419,70.6,C
신정4동,분식/간식,20253,44.4,280,415,67.5,C
신정4동,뷰티/화장품,20253,69.8,65,394,16.5,A
신정4동,생활용품 소매,20253,53.6,176,405,43.5,B
신정4동,수리/세탁,20253,58.1,213,382,55.8,C
신정4동,숙박,20253,62.9,41,194,21.1,A
신정4동,스포츠/레저,20253,51.4,152,395,38.5,B
신정4동,식품 소매,20253,39.3,311,422,73.7,C
신정4동,양식/기타외식,20253,56.3,80,241,33.2,B
신정4동,예술학원,20253,34.8,299,378,79.1,D
신정4동,오락/유흥,20253,38.6,269,361,74.5,C
신정4동,의료/약국,20253,43.0,296,413,71.7,C
신정4동,의류/패션,20253,75.0,61,402,15.2,A
신정4동,일반학원,20253,29.3,381,397,96.0,D
신정4동,일식,20253,51.2,91,279,32.6,B
신정4동,전자/통신,20253,22.2,268,309,86.7,D
신정4동,주점,20253,51.7,155,398,38.9,B
신정4동,중식,20253,61.6,50,358,14.0,A
신정4동,카페,20253,43.6,211,419,50.4,C
신정4동,패스트푸드/치킨,20253,53.0,117,409,28.6,B
신정4동,편의점,20253,49.2,115,405,28.4,B
신정4동,한식,20253,50.5,212,421,50.4,C
신정6동,미용실,20253,55.2,76,419,18.1,A
신정6동,분식/간식,20253,33.7,386,415,93.0,D
신정6동,생활용품 소매,20253,38.7,283,405,69.9,C
신정6동,수리/세탁,20253,47.6,265,382,69.4,C
신정6동,스포츠/레저,20253,21.3,393,395,99.5,D
신정6동,식품 소매,20253,58.5,111,422,26.3,B
신정6동,예술학원,20253,31.4,324,378,85.7,D
신정6동,일반학원,20253,47.4,208,397,52.4,C
신정6동,카페,20253,44.6,197,419,47.0,B
신정6동,패스트푸드/치킨,20253,45.5,202,409,49.4,B
신정6동,편의점,20253,38.4,310,405,76.5,D
신정6동,한식,20253,30.1,384,421,91.2,D
신정7동,B2B 서비스,20253,38.4,237,368,64.4,C
신정7동,미용실,20253,36.2,289,419,69.0,C
신정7동,분식/간식,20253,41.7,314,415,75.7,D
신정7동,뷰티/화장품,20253,55.7,145,394,36.8,B
신정7동,생활용품 소매,20253,53.2,179,405,44.2,B
신정7동,수리/세탁,20253,78.9,50,382,13.1,A
신정7동,스포츠/레저,20253,30.4,367,395,92.9,D
신정7동,식품 소매,20253,45.9,251,422,59.5,C
신정7동,예술학원,20253,37.2,272,378,72.0,C
신정7동,오락/유흥,20253,27.1,339,361,93.9,D
신정7동,의료/약국,20253,54.2,190,413,46.0,B
신정7동,의류/패션,20253,72.5,85,402,21.1,A
신정7동,일반학원,20253,56.6,87,397,21.9,A
신정7동,일식,20253,35.9,215,279,77.1,D
신정7동,전자/통신,20253,25.5,254,309,82.2,D
신정7동,주점,20253,51.3,161,398,40.5,B
신정7동,중식,20253,38.5,289,358,80.7,D
신정7동,카페,20253,31.9,343,419,81.9,D
신정7동,패스트푸드/치킨,20253,27.6,400,409,97.8,D
신정7동,편의점,20253,33.1,380,405,93.8,D
신정7동,한식,20253,53.5,185,421,43.9,B
염창동,B2B 서비스,20253,57.5,91,368,24.7,A
염창동,미용실,20253,50.3,115,419,27.4,B
염창동,분식/간식,20253,63.9,52,415,12.5,A
염창동,뷰티/화장품,20253,26.6,350,394,88.8,D
염창동,생활용품 소매,20253,41.3,269,405,66.4,C
염창동,수리/세탁,20253,71.1,114,382,29.8,B
염창동,스포츠/레저,20253,51.6,147,395,37.2,B
염창동,식품 소매,20253,62.8,80,422,19.0,A
염창동,양식/기타외식,20253,38.5,191,241,79.3,D
염창동,예술학원,20253,34.8,300,378,79.4,D
염창동,오락/유흥,20253,63.2,55,361,15.2,A
염창동,의료/약국,20253,61.2,97,413,23.5,A
염창동,의류/패션,20253,74.0,70,402,17.4,A
염창동,일반학원,20253,62.6,41,397,10.3,A
염창동,일식,20253,30.8,242,279,86.7,D
염창동,전자/통신,20253,36.1,219,309,70.9,C
염창동,주점,20253,47.5,198,398,49.7,B
염창동,중식,20253,39.8,278,358,77.7,D
염창동,카페,20253,38.6,265,419,63.2,C
염창동,패스트푸드/치킨,20253,48.6,164,409,40.1,B
염창동,편의점,20253,42.1,243,405,60.0,C
염창동,한식,20253,53.3,187,421,44.4,B
등촌1동,B2B 서비스,20253,66.7,39,368,10.6,A
등촌1동,미용실,20253,40.8,228,419,54.4,C
등촌1동,분식/간식,20253,48.9,222,415,53.5,C
등촌1동,뷰티/화장품,20253,38.7,280,394,71.1,C
등촌1동,생활용품 소매,20253,58.7,138,405,34.1,B
등촌1동,수리/세탁,20253,66.0,154,382,40.3,B
등촌1동,스포츠/레저,20253,40.1,278,395,70.4,C
등촌1동,식품 소매,20253,63.6,72,422,17.1,A
등촌1동,애완동물,20253,80.2,5,147,3.4,A
등촌1동,양식/기타외식,20253,55.7,84,241,34.9,B
등촌1동,예술학원,20253,86.1,2,378,0.5,A
등촌1동,오락/유흥,20253,44.9,210,361,58.2,C
등촌1동,의료/약국,20253,49.0,247,413,59.8,C
등촌1동,의류/패션,20253,47.6,293,402,72.9,C
등촌1동,일반학원,20253,49.5,171,397,43.1,B
등촌1동,일식,20253,63.1,24,279,8.6,A
등촌1동,전자/통신,20253,51.6,133,309,43.0,B
등촌1동,주점,20253,67.0,37,398,9.3,A
등촌1동,중식,20253,52.6,146,358,40.8,B
등촌1동,카페,20253,53.4,102,419,24.3,A
등촌1동,패스트푸드/치킨,20253,53.3,114,409,27.9,B
등촌1동,편의점,20253,67.0,18,405,4.4,A
등촌1동,한식,20253,70.6,58,421,13.8,A
등촌2동,B2B 서비스,20253,57.8,86,368,23.4,A
등촌2동,미용실,20253,64.7,28,419,6.7,A
등촌2동,분식/간식,20253,29.4,407,415,98.1,D
등촌2동,뷰티/화장품,20253,78.7,16,394,4.1,A
등촌2동,생활용품 소매,20253,54.6,166,405,41.0,B
등촌2동,수리/세탁,20253,77.5,61,382,16.0,A
등촌2동,스포츠/레저,20253,77.6,8,395,2.0,A
등촌2동,식품 소매,20253,36.9,333,422,78.9,D
등촌2동,예술학원,20253,78.8,8,378,2.1,A
등촌2동,오락/유흥,20253,38.2,271,361,75.1,D
등촌2동,의료/약국,20253,28.6,385,413,93.2,D
등촌2동,의류/패션,20253,39.6,347,402,86.3,D
등촌2동,일반학원,20253,36.2,332,397,83.6,D
등촌2동,일식,20253,48.3,110,279,39.4,B
등촌2동,전자/통신,20253,83.0,16,309,5.2,A
등촌2동,주점,20253,51.6,157,398,39.4,B
등촌2동,중식,20253,37.9,298,358,83.2,D
등촌2동,카페,20253,46.3,179,419,42.7,B
등촌2동,패스트푸드/치킨,20253,37.4,308,409,75.3,D
등촌2동,편의점,20253,43.9,211,405,52.1,C
등촌2동,한식,20253,35.3,348,421,82.7,D
등촌3동,B2B 서비스,20253,28.9,301,368,81.8,D
등촌3동,미용실,20253,30.3,360,419,85.9,D
등촌3동,분식/간식,20253,59.8,87,415,21.0,A
등촌3동,뷰티/화장품,20253,25.2,357,394,90.6,D
등촌3동,생활용품 소매,20253,58.7,140,405,34.6,B
등촌3동,수리/세탁,20253,76.7,67,382,17.5,A
등촌3동,스포츠/레저,20253,68.9,37,395,9.4,A
등촌3동,식품 소매,20253,38.3,321,422,76.1,D
등촌3동,애완동물,20253,32.3,122,147,83.0,D
등촌3동,양식/기타외식,20253,41.8,176,241,73.0,C
등촌3동,예술학원,20253,27.9,347,378,91.8,D
등촌3동,오락/유흥,20253,47.7,179,361,49.6,B
등촌3동,의료/약국,20253,21.2,406,413,98.3,D
등촌3동,의류/패션,20253,72.3,88,402,21.9,A
등촌3동,일반학원,20253,33.0,356,397,89.7,D
등촌3동,일식,20253,44.9,138,279,49.5,B
등촌3동,전자/통신,20253,15.2,296,309,95.8,D
등촌3동,주점,20253,53.8,135,398,33.9,B
등촌3동,중식,20253,62.8,41,358,11.5,A
등촌3동,카페,20253,32.4,336,419,80.2,D
등촌3동,패스트푸드/치킨,20253,44.0,219,409,53.5,C
등촌3동,편의점,20253,48.1,137,405,33.8,B
등촌3동,한식,20253,64.3,99,421,23.5,A
화곡1동,B2B 서비스,20253,41.5,211,368,57.3,C
화곡1동,미용실,20253,49.4,126,419,30.1,B
화곡1동,분식/간식,20253,41.1,327,415,78.8,D
화곡1동,뷰티/화장품,20253,69.6,68,394,17.3,A
화곡1동,생활용품 소매,20253,22.1,365,405,90.1,D
화곡1동,수리/세탁,20253,77.0,63,382,16.5,A
화곡1동,숙박,20253,39.7,136,194,70.1,C
화곡1동,스포츠/레저,20253,59.0,83,395,21.0,A
화곡1동,식품 소매,20253,47.0,233,422,55.2,C
화곡1동,애완동물,20253,41.9,96,147,65.3,C
화곡1동,예술학원,20253,45.0,178,378,47.1,B
화곡1동,오락/유흥,20253,46.3,191,361,52.9,C
화곡1동,의료/약국,20253,65.7,64,413,15.5,A
화곡1동,의류/패션,20253,76.0,48,402,11.9,A
화곡1동,일반학원,20253,38.9,299,397,75.3,D
화곡1동,일식,20253,38.2,201,279,72.0,C
화곡1동,전자/통신,20253,85.4,11,309,3.6,A
화곡1동,주점,20253,38.4,295,398,74.1,C
화곡1동,중식,20253,56.1,110,358,30.7,B
화곡1동,카페,20253,51.5,116,419,27.7,B
화곡1동,패스트푸드/치킨,20253,42.3,238,409,58.2,C
화곡1동,편의점,20253,51.6,89,405,22.0,A
화곡1동,한식,20253,43.1,273,421,64.8,C
화곡2동,B2B 서비스,20253,36.9,245,368,66.6,C
화곡2동,미용실,20253,69.6,15,419,3.6,A
화곡2동,분식/간식,20253,49.1,218,415,52.5,C
화곡2동,뷰티/화장품,20253,47.4,208,394,52.8,C
화곡2동,생활용품 소매,20253,16.0,392,405,96.8,D
화곡2동,수리/세탁,20253,88.0,4,382,1.0,A
화곡2동,식품 소매,20253,43.6,270,422,64.0,C
화곡2동,애완동물,20253,26.1,138,147,93.9,D
화곡2동,예술학원,20253,38.1,261,378,69.0,C
화곡2동,오락/유흥,20253,57.2,92,361,25.5,B
화곡2동,의료/약국,20253,63.3,84,413,20.3,A
화곡2동,의류/패션,20253,41.3,334,402,83.1,D
화곡2동,일반학원,20253,50.8,155,397,39.0,B
화곡2동,전자/통신,20253,20.1,280,309,90.6,D
화곡2동,주점,20253,43.3,247,398,62.1,C
화곡2동,중식,20253,35.5,317,358,88.5,D
화곡2동,카페,20253,26.9,388,419,92.6,D
화곡2동,패스트푸드/치킨,20253,33.8,349,409,85.3,D
화곡2동,편의점,20253,38.7,305,405,75.3,D
화곡2동,한식,20253,51.6,203,421,48.2,B
화곡3동,B2B 서비스,20253,64.7,55,368,14.9,A
화곡3동,미용실,20253,30.0,365,419,87.1,D
화곡3동,분식/간식,20253,62.5,62,415,14.9,A
화곡3동,뷰티/화장품,20253,50.5,188,394,47.7,B
화곡3동,생활용품 소매,20253,23.8,356,405,87.9,D
화곡3동,수리/세탁,20253,64.6,174,382,45.5,B
화곡3동,스포츠/레저,20253,45.9,218,395,55.2,C
화곡3동,식품 소매,20253,50.8,194,422,46.0,B
화곡3동,애완동물,20253,30.8,128,147,87.1,D
화곡3동,양식/기타외식,20253,52.0,112,241,46.5,B
화곡3동,예술학원,20253,30.3,330,378,87.3,D
화곡3동,오락/유흥,20253,44.5,217,361,60.1,C
화곡3동,의료/약국,20253,40.7,320,413,77.5,D
화곡3동,의류/패션,20253,64.2,150,402,37.3,B
화곡3동,일반학원,20253,39.0,298,397,75.1,D
화곡3동,일식,20253,42.7,155,279,55.6,C
화곡3동,전자/통신,20253,46.2,157,309,50.8,C
화곡3동,주점,20253,34.6,333,398,83.7,D
화곡3동,중식,20253,65.8,27,358,7.5,A
화곡3동,카페,20253,41.3,242,419,57.8,C
화곡3동,패스트푸드/치킨,20253,41.9,241,409,58.9,C
화곡3동,편의점,20253,36.7,332,405,82.0,D
화곡3동,한식,20253,54.5,175,421,41.6,B
화곡4동,B2B 서비스,20253,46.3,174,368,47.3,B
화곡4동,미용실,20253,46.2,158,419,37.7,B
화곡4동,분식/간식,20253,58.6,93,415,22.4,A
화곡4동,뷰티/화장품,20253,56.1,142,394,36.0,B
화곡4동,생활용품 소매,20253,59.8,129,405,31.9,B
화곡4동,수리/세탁,20253,73.7,97,382,25.4,B
화곡4동,숙박,20253,45.7,116,194,59.8,C
화곡4동,스포츠/레저,20253,38.8,293,395,74.2,C
화곡4동,식품 소매,20253,76.1,7,422,1.7,A
화곡4동,애완동물,20253,62.5,36,147,24.5,A
화곡4동,양식/기타외식,20253,54.4,96,241,39.8,B
화곡4동,예술학원,20253,67.6,31,378,8.2,A
화곡4동,오락/유흥,20253,50.4,158,361,43.8,B
화곡4동,의료/약국,20253,31.3,375,413,90.8,D
화곡4동,의류/패션,20253,70.0,108,402,26.9,B
화곡4동,일반학원,20253,43.4,252,397,63.5,C
화곡4동,전자/통신,20253,44.1,169,309,54.7,C
화곡4동,주점,20253,44.9,233,398,58.5,C
화곡4동,중식,20253,43.1,254,358,70.9,C
화곡4동,카페,20253,37.2,291,419,69.5,C
화곡4동,패스트푸드/치킨,20253,37.5,307,409,75.1,D
화곡4동,편의점,20253,49.8,109,405,26.9,B
화곡4동,한식,20253,35.9,341,421,81.0,D
화곡본동,B2B 서비스,20253,24.3,332,368,90.2,D
화곡본동,미용실,20253,56.2,62,419,14.8,A
화곡본동,분식/간식,20253,56.2,125,415,30.1,B
화곡본동,뷰티/화장품,20253,28.6,334,394,84.8,D
화곡본동,생활용품 소매,20253,21.4,369,405,91.1,D
화곡본동,수리/세탁,20253,74.0,93,382,24.3,A
화곡본동,숙박,20253,28.2,179,194,92.3,D
화곡본동,스포츠/레저,20253,54.0,125,395,31.6,B
화곡본동,식품 소매,20253,50.5,196,422,46.4,B
화곡본동,양식/기타외식,20253,47.5,144,241,59.8,C
화곡본동,예술학원,20253,48.9,140,378,37.0,B
화곡본동,오락/유흥,20253,60.7,69,361,19.1,A
화곡본동,의료/약국,20253,29.3,380,413,92.0,D
화곡본동,의류/패션,20253,78.4,30,402,7.5,A
화곡본동,일반학원,20253,38.7,302,397,76.1,D
화곡본동,일식,20253,53.5,82,279,29.4,B
화곡본동,전자/통신,20253,74.0,43,309,13.9,A
화곡본동,주점,20253,60.0,77,398,19.3,A
화곡본동,중식,20253,36.8,309,358,86.3,D
화곡본동,카페,20253,29.3,364,419,86.9,D
화곡본동,패스트푸드/치킨,20253,53.1,116,409,28.4,B
화곡본동,편의점,20253,34.2,370,405,91.4,D
화곡본동,한식,20253,48.3,233,421,55.3,C
화곡6동,B2B 서비스,20253,39.2,232,368,63.0,C
화곡6동,미용실,20253,62.3,34,419,8.1,A
화곡6동,분식/간식,20253,47.2,250,415,60.2,C
화곡6동,뷰티/화장품,20253,47.3,210,394,53.3,C
화곡6동,생활용품 소매,20253,51.6,193,405,47.7,B
화곡6동,수리/세탁,20253,78.7,52,382,13.6,A
화곡6동,숙박,20253,37.4,149,194,76.8,D
화곡6동,스포츠/레저,20253,28.6,373,395,94.4,D
화곡6동,식품 소매,20253,56.1,135,422,32.0,B
화곡6동,양식/기타외식,20253,44.0,167,241,69.3,C
화곡6동,예술학원,20253,34.2,305,378,80.7,D
화곡6동,오락/유흥,20253,46.1,196,361,54.3,C
화곡6동,의료/약국,20253,38.7,340,413,82.3,D
화곡6동,의류/패션,20253,55.5,235,402,58.5,C
화곡6동,일반학원,20253,40.1,285,397,71.8,C
화곡6동,일식,20253,48.3,111,279,39.8,B
화곡6동,전자/통신,20253,54.1,121,309,39.2,B
화곡6동,주점,20253,33.5,345,398,86.7,D
화곡6동,중식,20253,49.6,185,358,51.7,C
화곡6동,카페,20253,55.3,89,419,21.2,A
화곡6동,패스트푸드/치킨,20253,41.8,243,409,59.4,C
화곡6동,편의점,20253,46.7,161,405,39.8,B
화곡6동,한식,20253,46.1,253,421,60.1,C
화곡8동,B2B 서비스,20253,59.4,78,368,21.2,A
화곡8동,미용실,20253,43.8,181,419,43.2,B
화곡8동,분식/간식,20253,54.7,153,415,36.9,B
화곡8동,뷰티/화장품,20253,58.2,126,394,32.0,B
화곡8동,생활용품 소매,20253,41.6,267,405,65.9,C
화곡8동,수리/세탁,20253,35.9,338,382,88.5,D
화곡8동,스포츠/레저,20253,40.3,275,395,69.6,C
화곡8동,식품 소매,20253,30.3,385,422,91.2,D
화곡8동,양식/기타외식,20253,44.0,166,241,68.9,C
화곡8동,예술학원,20253,80.7,5,378,1.3,A
화곡8동,오락/유흥,20253,41.2,249,361,69.0,C
화곡8동,의료/약국,20253,39.9,330,413,79.9,D
화곡8동,의류/패션,20253,67.2,127,402,31.6,B
화곡8동,일반학원,20253,40.2,282,397,71.0,C
화곡8동,전자/통신,20253,79.0,25,309,8.1,A
화곡8동,주점,20253,39.7,282,398,70.9,C
화곡8동,중식,20253,50.8,173,358,48.3,B
화곡8동,카페,20253,43.2,216,419,51.6,C
화곡8동,패스트푸드/치킨,20253,58.7,71,409,17.4,A
화곡8동,편의점,20253,43.0,223,405,55.1,C
화곡8동,한식,20253,36.9,336,421,79.8,D
가양1동,B2B 서비스,20253,58.7,81,368,22.0,A
가양1동,미용실,20253,59.6,44,419,10.5,A
가양1동,분식/간식,20253,43.3,298,415,71.8,C
가양1동,뷰티/화장품,20253,28.3,337,394,85.5,D
가양1동,생활용품 소매,20253,74.1,41,405,10.1,A
가양1동,수리/세탁,20253,42.3,299,382,78.3,D
가양1동,스포츠/레저,20253,46.9,207,395,52.4,C
가양1동,식품 소매,20253,40.0,305,422,72.3,C
가양1동,양식/기타외식,20253,71.0,10,241,4.1,A
가양1동,예술학원,20253,51.3,121,378,32.0,B
가양1동,오락/유흥,20253,66.8,29,361,8.0,A
가양1동,의료/약국,20253,53.6,197,413,47.7,B
가양1동,의류/패션,20253,52.7,257,402,63.9,C
가양1동,일반학원,20253,67.0,25,397,6.3,A
가양1동,일식,20253,59.1,46,279,16.5,A
가양1동,전자/통신,20253,69.8,52,309,16.8,A
가양1동,주점,20253,56.9,105,398,26.4,B
가양1동,중식,20253,62.7,42,358,11.7,A
가양1동,카페,20253,60.9,55,419,13.1,A
가양1동,패스트푸드/치킨,20253,41.6,245,409,59.9,C
가양1동,편의점,20253,55.6,59,405,14.6,A
가양1동,한식,20253,68.5,73,421,17.3,A
가양2동,미용실,20253,38.6,249,419,59.4,C
가양2동,분식/간식,20253,48.7,223,415,53.7,C
가양2동,뷰티/화장품,20253,42.8,249,394,63.2,C
가양2동,생활용품 소매,20253,88.7,2,405,0.5,A
가양2동,수리/세탁,20253,78.1,55,382,14.4,A
가양2동,스포츠/레저,20253,51.4,151,395,38.2,B
가양2동,식품 소매,20253,61.4,89,422,21.1,A
가양2동,예술학원,20253,37.4,270,378,71.4,C
가양2동,오락/유흥,20253,39.2,264,361,73.1,C
가양2동,의료/약국,20253,69.7,31,413,7.5,A
가양2동,전자/통신,20253,23.7,260,309,84.1,D
가양2동,주점,20253,40.1,280,398,70.4,C
가양2동,카페,20253,24.8,396,419,94.5,D
가양2동,패스트푸드/치킨,20253,91.7,2,409,0.5,A
가양2동,편의점,20253,29.7,396,405,97.8,D
가양2동,한식,20253,53.5,183,421,43.5,B
가양3동,미용실,20253,77.1,3,419,0.7,A
가양3동,뷰티/화장품,20253,53.6,160,394,40.6,B
가양3동,생활용품 소매,20253,51.9,189,405,46.7,B
가양3동,수리/세탁,20253,72.9,103,382,27.0,B
가양3동,스포츠/레저,20253,85.0,1,395,0.3,A
가양3동,식품 소매,20253,54.6,153,422,36.3,B
가양3동,예술학원,20253,73.4,16,378,4.2,A
가양3동,의료/약국,20253,58.0,136,413,32.9,B
가양3동,일반학원,20253,51.3,146,397,36.8,B
가양3동,전자/통신,20253,58.7,102,309,33.0,B
가양3동,카페,20253,37.7,282,419,67.3,C
가양3동,패스트푸드/치킨,20253,44.5,210,409,51.3,C
가양3동,편의점,20253,38.1,318,405,78.5,D
가양3동,한식,20253,45.9,254,421,60.3,C
발산1동,B2B 서비스,20253,13.8,359,368,97.6,D
발산1동,미용실,20253,32.0,344,419,82.1,D
발산1동,분식/간식,20253,66.3,34,415,8.2,A
발산1동,뷰티/화장품,20253,43.7,243,394,61.7,C
발산1동,생활용품 소매,20253,73.1,49,405,12.1,A
발산1동,수리/세탁,20253,71.1,113,382,29.6,B
발산1동,숙박,20253,34.9,158,194,81.4,D
발산1동,스포츠/레저,20253,57.2,101,395,25.6,B
발산1동,식품 소매,20253,77.4,5,422,1.2,A
발산1동,애완동물,20253,42.3,93,147,63.3,C
발산1동,양식/기타외식,20253,37.0,196,241,81.3,D
발산1동,예술학원,20253,41.4,224,378,59.3,C
발산1동,오락/유흥,20253,64.4,45,361,12.5,A
발산1동,의료/약국,20253,44.4,289,413,70.0,C
발산1동,의류/패션,20253,72.5,84,402,20.9,A
발산1동,일반학원,20253,43.0,255,397,64.2,C
발산1동,일식,20253,37.0,207,279,74.2,C
발산1동,전자/통신,20253,65.4,71,309,23.0,A
발산1동,주점,20253,59.3,89,398,22.4,A
발산1동,중식,20253,47.9,202,358,56.4,C
발산1동,카페,20253,29.5,360,419,85.9,D
발산1동,패스트푸드/치킨,20253,65.9,31,409,7.6,A
발산1동,편의점,20253,39.9,280,405,69.1,C
발산1동,한식,20253,72.2,52,421,12.4,A
우장산동,B2B 서비스,20253,38.4,236,368,64.1,C
우장산동,미용실,20253,25.5,407,419,97.1,D
우장산동,분식/간식,20253,36.9,362,415,87.2,D
우장산동,뷰티/화장품,20253,67.3,79,394,20.1,A
우장산동,생활용품 소매,20253,30.5,321,405,79.3,D
우장산동,수리/세탁,20253,46.0,273,382,71.5,C
우장산동,스포츠/레저,20253,61.7,68,395,17.2,A
우장산동,식품 소매,20253,55.6,141,422,33.4,B
우장산동,애완동물,20253,38.3,106,147,72.1,C
우장산동,양식/기타외식,20253,60.9,48,241,19.9,A
우장산동,예술학원,20253,36.8,279,378,73.8,C
우장산동,오락/유흥,20253,70.8,13,361,3.6,A
우장산동,의료/약국,20253,50.5,233,413,56.4,C
우장산동,의류/패션,20253,62.6,171,402,42.5,B
우장산동,일반학원,20253,57.5,80,397,20.2,A
우장산동,일식,20253,24.3,271,279,97.1,D
우장산동,전자/통신,20253,62.6,85,309,27.5,B
우장산동,주점,20253,46.7,209,398,52.5,C
우장산동,중식,20253,54.9,122,358,34.1,B
우장산동,카페,20253,44.7,194,419,46.3,B
우장산동,패스트푸드/치킨,20253,35.7,329,409,80.4,D
우장산동,편의점,20253,30.9,390,405,96.3,D
우장산동,한식,20253,42.8,277,421,65.8,C
공항동,B2B 서비스,20253,41.4,212,368,57.6,C
공항동,미용실,20253,37.8,261,419,62.3,C
공항동,분식/간식,20253,65.6,39,415,9.4,A
공항동,뷰티/화장품,20253,73.0,50,394,12.7,A
공항동,생활용품 소매,20253,44.4,249,405,61.5,C
공항동,수리/세탁,20253,50.2,256,382,67.0,C
공항동,숙박,20253,35.8,156,194,80.4,D
공항동,스포츠/레저,20253,37.1,318,395,80.5,D
공항동,식품 소매,20253,42.9,278,422,65.9,C
공항동,예술학원,20253,57.7,84,378,22.2,A
공항동,오락/유흥,20253,40.7,255,361,70.6,C
공항동,의료/약국,20253,61.0,100,413,24.2,A
공항동,의류/패션,20253,74.5,67,402,16.7,A
공항동,일반학원,20253,58.0,78,397,19.6,A
공항동,일식,20253,46.0,129,279,46.2,B
공항동,전자/통신,20253,44.5,167,309,54.0,C
공항동,주점,20253,30.4,361,398,90.7,D
공항동,중식,20253,47.8,204,358,57.0,C
공항동,카페,20253,38.3,273,419,65.2,C
공항동,패스트푸드/치킨,20253,39.5,281,409,68.7,C
공항동,편의점,20253,44.2,205,405,50.6,C
공항동,한식,20253,61.9,123,421,29.2,B
방화1동,B2B 서비스,20253,32.8,273,368,74.2,C
방화1동,미용실,20253,40.2,235,419,56.1,C
방화1동,분식/간식,20253,64.4,49,415,11.8,A
방화1동,뷰티/화장품,20253,71.9,55,394,14.0,A
방화1동,생활용품 소매,20253,51.9,192,405,47.4,B
방화1동,수리/세탁,20253,40.0,317,382,83.0,D
방화1동,스포츠/레저,20253,47.1,202,395,51.1,C
방화1동,식품 소매,20253,54.1,157,422,37.2,B
방화1동,애완동물,20253,40.8,100,147,68.0,C
방화1동,양식/기타외식,20253,31.9,217,241,90.0,D
방화1동,예술학원,20253,43.0,205,378,54.2,C
방화1동,오락/유흥,20253,48.3,174,361,48.2,B
방화1동,의료/약국,20253,37.8,343,413,83.1,D
방화1동,의류/패션,20253,47.3,296,402,73.6,C
방화1동,일반학원,20253,41.9,267,397,67.3,C
방화1동,일식,20253,49.6,103,279,36.9,B
방화1동,전자/통신,20253,64.7,74,309,23.9,A
방화1동,주점,20253,54.3,126,398,31.7,B
방화1동,중식,20253,27.7,351,358,98.0,D
방화1동,카페,20253,38.2,276,419,65.9,C
방화1동,패스트푸드/치킨,20253,40.9,257,409,62.8,C
방화1동,편의점,20253,42.4,235,405,58.0,C
방화1동,한식,20253,39.8,305,421,72.4,C
방화2동,B2B 서비스,20253,20.9,344,368,93.5,D
방화2동,미용실,20253,66.6,20,419,4.8,A
방화2동,분식/간식,20253,37.7,354,415,85.3,D
방화2동,뷰티/화장품,20253,18.3,385,394,97.7,D
방화2동,생활용품 소매,20253,54.0,173,405,42.7,B
방화2동,수리/세탁,20253,55.8,222,382,58.1,C
방화2동,숙박,20253,28.8,177,194,91.2,D
방화2동,스포츠/레저,20253,57.4,97,395,24.6,A
방화2동,식품 소매,20253,36.5,336,422,79.6,D
방화2동,애완동물,20253,56.0,48,147,32.7,B
방화2동,예술학원,20253,61.4,61,378,16.1,A
방화2동,오락/유흥,20253,42.6,240,361,66.5,C
방화2동,의료/약국,20253,42.0,310,413,75.1,D
방화2동,의류/패션,20253,64.0,154,402,38.3,B
방화2동,일반학원,20253,50.8,156,397,39.3,B
방화2동,전자/통신,20253,38.9,202,309,65.4,C
방화2동,주점,20253,60.2,72,398,18.1,A
방화2동,중식,20253,60.7,60,358,16.8,A
방화2동,카페,20253,35.0,318,419,75.9,D
방화2동,패스트푸드/치킨,20253,50.4,140,409,34.2,B
방화2동,편의점,20253,54.6,70,405,17.3,A
방화2동,한식,20253,74.5,41,421,9.7,A
방화3동,미용실,20253,50.2,120,419,28.6,B
방화3동,분식/간식,20253,48.2,233,415,56.1,C
방화3동,뷰티/화장품,20253,65.9,85,394,21.6,A
방화3동,생활용품 소매,20253,63.9,107,405,26.4,B
방화3동,수리/세탁,20253,54.5,236,382,61.8,C
방화3동,스포츠/레저,20253,73.2,18,395,4.6,A
방화3동,식품 소매,20253,44.7,259,422,61.4,C
방화3동,애완동물,20253,66.7,21,147,14.3,A
방화3동,예술학원,20253,32.3,319,378,84.4,D
방화3동,오락/유흥,20253,40.9,253,361,70.1,C
방화3동,의료/약국,20253,56.9,150,413,36.3,B
방화3동,의류/패션,20253,59.8,194,402,48.3,B
방화3동,일반학원,20253,59.7,63,397,15.9,A
방화3동,일식,20253,30.3,245,279,87.8,D
방화3동,전자/통신,20253,58.9,101,309,32.7,B
방화3동,주점,20253,29.0,366,398,92.0,D
방화3동,중식,20253,26.0,354,358,98.9,D
방화3동,카페,20253,29.0,374,419,89.3,D
방화3동,패스트푸드/치킨,20253,47.3,176,409,43.0,B
방화3동,편의점,20253,40.8,259,405,64.0,C
방화3동,한식,20253,37.6,327,421,77.7,D
신도림동,B2B 서비스,20253,49.8,139,368,37.8,B
신도림동,미용실,20253,41.0,224,419,53.5,C
신도림동,분식/간식,20253,43.7,293,415,70.6,C
신도림동,뷰티/화장품,20253,70.4,61,394,15.5,A
신도림동,생활용품 소매,20253,44.9,244,405,60.2,C
신도림동,스포츠/레저,20253,54.0,127,395,32.2,B
신도림동,식품 소매,20253,38.3,323,422,76.5,D
신도림동,양식/기타외식,20253,22.3,238,241,98.8,D
신도림동,예술학원,20253,44.4,190,378,50.3,C
신도림동,오락/유흥,20253,35.7,281,361,77.8,D
신도림동,의료/약국,20253,45.7,274,413,66.3,C
신도림동,의류/패션,20253,41.5,333,402,82.8,D
신도림동,일반학원,20253,34.1,350,397,88.2,D
신도림동,일식,20253,44.0,144,279,51.6,C
신도림동,전자/통신,20253,55.2,116,309,37.5,B
신도림동,주점,20253,23.3,385,398,96.7,D
신도림동,중식,20253,37.5,301,358,84.1,D
신도림동,카페,20253,65.5,43,419,10.3,A
신도림동,패스트푸드/치킨,20253,44.2,214,409,52.3,C
신도림동,편의점,20253,35.1,361,405,89.1,D
신도림동,한식,20253,60.6,129,421,30.6,B
구로1동,B2B 서비스,20253,44.0,190,368,51.6,C
구로1동,미용실,20253,38.0,260,419,62.1,C
구로1동,분식/간식,20253,60.9,74,415,17.8,A
구로1동,생활용품 소매,20253,60.7,123,405,30.4,B
구로1동,수리/세탁,20253,30.0,357,382,93.5,D
구로1동,스포츠/레저,20253,77.0,10,395,2.5,A
구로1동,식품 소매,20253,54.9,151,422,35.8,B
구로1동,예술학원,20253,37.2,271,378,71.7,C
구로1동,의료/약국,20253,51.4,223,413,54.0,C
구로1동,의류/패션,20253,61.9,176,402,43.8,B
구로1동,일반학원,20253,60.8,52,397,13.1,A
구로1동,전자/통신,20253,75.9,38,309,12.3,A
구로1동,주점,20253,46.2,215,398,54.0,C
구로1동,카페,20253,24.4,399,419,95.2,D
구로1동,패스트푸드/치킨,20253,52.7,119,409,29.1,B
구로1동,편의점,20253,51.2,94,405,23.2,A
구로1동,한식,20253,42.4,284,421,67.5,C
구로2동,B2B 서비스,20253,65.4,47,368,12.8,A
구로2동,미용실,20253,51.8,100,419,23.9,A
구로2동,분식/간식,20253,52.8,176,415,42.4,B
구로2동,뷰티/화장품,20253,29.6,328,394,83.2,D
구로2동,생활용품 소매,20253,65.0,103,405,25.4,B
구로2동,수리/세탁,20253,33.2,348,382,91.1,D
구로2동,숙박,20253,22.2,189,194,97.4,D
구로2동,스포츠/레저,20253,32.8,353,395,89.4,D
구로2동,식품 소매,20253,39.6,308,422,73.0,C
구로2동,애완동물,20253,40.4,101,147,68.7,C
구로2동,양식/기타외식,20253,48.4,140,241,58.1,C
구로2동,예술학원,20253,40.3,239,378,63.2,C
구로2동,오락/유흥,20253,70.0,18,361,5.0,A
구로2동,의료/약국,20253,48.2,254,413,61.5,C
구로2동,의류/패션,20253,57.1,221,402,55.0,C
구로2동,일반학원,20253,76.2,12,397,3.0,A
구로2동,일식,20253,38.6,197,279,70.6,C
구로2동,전자/통신,20253,68.1,59,309,19.1,A
구로2동,주점,20253,62.0,62,398,15.6,A
구로2동,중식,20253,45.9,221,358,61.7,C
구로2동,카페,20253,43.4,212,419,50.6,C
구로2동,패스트푸드/치킨,20253,46.8,181,409,44.3,B
구로2동,편의점,20253,51.3,91,405,22.5,A
구로2동,한식,20253,43.2,272,421,64.6,C
구로3동,B2B 서비스,20253,24.5,327,368,88.9,D
구로3동,미용실,20253,32.8,327,419,78.0,D
구로3동,분식/간식,20253,43.3,299,415,72.0,C
구로3동,뷰티/화장품,20253,68.6,74,394,18.8,A
구로3동,생활용품 소매,20253,46.6,229,405,56.5,C
구로3동,수리/세탁,20253,73.6,98,382,25.7,B
구로3동,숙박,20253,51.9,86,194,44.3,B
구로3동,스포츠/레저,20253,53.1,135,395,34.2,B
구로3동,식품 소매,20253,38.3,322,422,76.3,D
구로3동,양식/기타외식,20253,54.1,99,241,41.1,B
구로3동,예술학원,20253,62.6,53,378,14.0,A
구로3동,오락/유흥,20253,56.4,99,361,27.4,B
구로3동,의료/약국,20253,65.8,62,413,15.0,A
구로3동,의류/패션,20253,53.5,248,402,61.7,C
구로3동,일반학원,20253,38.6,304,397,76.6,D
구로3동,일식,20253,43.5,150,279,53.8,C
구로3동,전자/통신,20253,38.1,207,309,67.0,C
구로3동,주점,20253,70.5,22,398,5.5,A
구로3동,중식,20253,50.2,181,358,50.6,C
구로3동,카페,20253,41.6,235,419,56.1,C
구로3동,패스트푸드/치킨,20253,41.4,250,409,61.1,C
구로3동,편의점,20253,52.5,86,405,21.2,A
구로3동,한식,20253,66.6,84,421,20.0,A
구로4동,B2B 서비스,20253,49.0,148,368,40.2,B
구로4동,미용실,20253,50.6,112,419,26.7,B
구로4동,분식/간식,20253,50.5,202,415,48.7,B
구로4동,뷰티/화장품,20253,20.4,379,394,96.2,D
구로4동,생활용품 소매,20253,44.6,247,405,61.0,C
구로4동,수리/세탁,20253,17.6,376,382,98.4,D
구로4동,숙박,20253,24.9,183,194,94.3,D
구로4동,스포츠/레저,20253,52.3,142,395,35.9,B
구로4동,식품 소매,20253,36.5,335,422,79.4,D
구로4동,예술학원,20253,72.8,21,378,5.6,A
구로4동,오락/유흥,20253,56.1,104,361,28.8,B
구로4동,의료/약국,20253,68.2,42,413,10.2,A
구로4동,의류/패션,20253,40.6,341,402,84.8,D
구로4동,일반학원,20253,36.9,321,397,80.9,D
구로4동,일식,20253,61.1,31,279,11.1,A
구로4동,전자/통신,20253,52.0,131,309,42.4,B
구로4동,주점,20253,54.1,133,398,33.4,B
구로4동,중식,20253,55.2,118,358,33.0,B
구로4동,카페,20253,28.3,383,419,91.4,D
구로4동,패스트푸드/치킨,20253,47.9,168,409,41.1,B
구로4동,편의점,20253,46.9,159,405,39.3,B
구로4동,한식,20253,31.0,378,421,89.8,D
구로5동,B2B 서비스,20253,64.2,57,368,15.5,A
구로5동,미용실,20253,60.3,42,419,10.0,A
구로5동,분식/간식,20253,55.0,148,415,35.7,B
구로5동,뷰티/화장품,20253,45.9,221,394,56.1,C
구로5동,생활용품 소매,20253,41.8,265,405,65.4,C
구로5동,수리/세탁,20253,55.9,221,382,57.9,C
구로5동,숙박,20253,66.0,30,194,15.5,A
구로5동,스포츠/레저,20253,37.7,310,395,78.5,D
구로5동,식품 소매,20253,42.4,285,422,67.5,C
구로5동,양식/기타외식,20253,40.7,185,241,76.8,D
구로5동,예술학원,20253,42.8,208,378,55.0,C
구로5동,오락/유흥,20253,50.6,156,361,43.2,B
구로5동,의료/약국,20253,60.4,106,413,25.7,B
구로5동,의류/패션,20253,53.1,254,402,63.2,C
구로5동,일반학원,20253,63.8,38,397,9.6,A
구로5동,일식,20253,31.8,233,279,83.5,D
구로5동,전자/통신,20253,23.6,261,309,84.5,D
구로5동,주점,20253,62.2,60,398,15.1,A
구로5동,중식,20253,49.1,189,358,52.8,C
구로5동,카페,20253,43.8,208,419,49.6,B
구로5동,패스트푸드/치킨,20253,45.9,197,409,48.2,B
구로5동,편의점,20253,46.2,171,405,42.2,B
구로5동,한식,20253,71.7,54,421,12.8,A
가리봉동,B2B 서비스,20253,75.0,15,368,4.1,A
가리봉동,미용실,20253,39.4,243,419,58.0,C
가리봉동,분식/간식,20253,56.6,119,415,28.7,B
가리봉동,뷰티/화장품,20253,68.1,76,394,19.3,A
가리봉동,생활용품 소매,20253,46.8,227,405,56.0,C
가리봉동,숙박,20253,50.8,92,194,47.4,B
가리봉동,스포츠/레저,20253,55.2,114,395,28.9,B
가리봉동,식품 소매,20253,52.6,168,422,39.8,B
가리봉동,예술학원,20253,74.3,14,378,3.7,A
가리봉동,오락/유흥,20253,52.8,131,361,36.3,B
가리봉동,의료/약국,20253,69.5,33,413,8.0,A
가리봉동,의류/패션,20253,59.1,202,402,50.2,C
가리봉동,일반학원,20253,59.0,73,397,18.4,A
가리봉동,전자/통신,20253,62.9,84,309,27.2,B
가리봉동,주점,20253,55.3,121,398,30.4,B
가리봉동,중식,20253,62.3,46,358,12.8,A
가리봉동,카페,20253,51.9,110,419,26.3,B
가리봉동,패스트푸드/치킨,20253,49.0,158,409,38.6,B
가리봉동,편의점,20253,47.7,145,405,35.8,B
가리봉동,한식,20253,52.9,191,421,45.4,B
고척1동,B2B 서비스,20253,32.5,277,368,75.3,D
고척1동,미용실,20253,30.2,362,419,86.4,D
고척1동,분식/간식,20253,45.9,260,415,62.7,C
고척1동,뷰티/화장품,20253,23.0,370,394,93.9,D
고척1동,생활용품 소매,20253,29.4,328,405,81.0,D
고척1동,수리/세탁,20253,36.6,332,382,86.9,D
고척1동,스포츠/레저,20253,61.4,73,395,18.5,A
고척1동,식품 소매,20253,34.0,356,422,84.4,D
고척1동,양식/기타외식,20253,50.0,127,241,52.7,C
고척1동,예술학원,20253,55.0,100,378,26.5,B
고척1동,오락/유흥,20253,36.0,280,361,77.6,D
고척1동,의료/약국,20253,55.1,170,413,41.2,B
고척1동,의류/패션,20253,79.1,28,402,7.0,A
고척1동,일반학원,20253,39.1,295,397,74.3,C
고척1동,일식,20253,36.8,210,279,75.3,D
고척1동,전자/통신,20253,75.1,41,309,13.3,A
고척1동,주점,20253,47.2,204,398,51.3,C
고척1동,중식,20253,38.3,294,358,82.1,D
고척1동,카페,20253,40.7,252,419,60.1,C
고척1동,패스트푸드/치킨,20253,39.8,277,409,67.7,C
고척1동,편의점,20253,31.1,388,405,95.8,D
고척1동,한식,20253,28.5,392,421,93.1,D
고척2동,B2B 서비스,20253,30.0,294,368,79.9,D
고척2동,미용실,20253,37.1,273,419,65.2,C
고척2동,분식/간식,20253,52.5,179,415,43.1,B
고척2동,뷰티/화장품,20253,76.9,28,394,7.1,A
고척2동,생활용품 소매,20253,40.4,272,405,67.2,C
고척2동,수리/세탁,20253,64.8,173,382,45.3,B
고척2동,스포츠/레저,20253,39.1,287,395,72.7,C
고척2동,식품 소매,20253,66.8,48,422,11.4,A
고척2동,예술학원,20253,28.8,340,378,89.9,D
고척2동,오락/유흥,20253,65.8,34,361,9.4,A
고척2동,의료/약국,20253,58.3,130,413,31.5,B
고척2동,의류/패션,20253,65.0,143,402,35.6,B
고척2동,일반학원,20253,65.0,34,397,8.6,A
고척2동,일식,20253,26.7,262,279,93.9,D
고척2동,전자/통신,20253,60.9,90,309,29.1,B
고척2동,주점,20253,39.7,281,398,70.6,C
고척2동,중식,20253,33.4,329,358,91.9,D
고척2동,카페,20253,24.5,398,419,95.0,D
고척2동,패스트푸드/치킨,20253,33.8,350,409,85.6,D
고척2동,편의점,20253,44.9,194,405,47.9,B
고척2동,한식,20253,30.4,383,421,91.0,D
개봉1동,B2B 서비스,20253,31.6,282,368,76.6,D
개봉1동,미용실,20253,72.1,11,419,2.6,A
개봉1동,분식/간식,20253,49.1,217,415,52.3,C
개봉1동,뷰티/화장품,20253,69.1,72,394,18.3,A
개봉1동,생활용품 소매,20253,25.7,344,405,84.9,D
개봉1동,수리/세탁,20253,18.2,374,382,97.9,D
개봉1동,스포츠/레저,20253,61.5,72,395,18.2,A
개봉1동,식품 소매,20253,68.7,34,422,8.1,A
개봉1동,애완동물,20253,35.3,114,147,77.6,D
개봉1동,예술학원,20253,30.6,327,378,86.5,D
개봉1동,오락/유흥,20253,53.5,123,361,34.1,B
개봉1동,의료/약국,20253,61.9,89,413,21.5,A
개봉1동,의류/패션,20253,62.8,168,402,41.8,B
개봉1동,일반학원,20253,60.1,60,397,15.1,A
개봉1동,전자/통신,20253,26.5,250,309,80.9,D
개봉1동,주점,20253,37.2,305,398,76.6,D
개봉1동,중식,20253,34.9,323,358,90.2,D
개봉1동,카페,20253,28.5,380,419,90.7,D
개봉1동,패스트푸드/치킨,20253,60.0,58,409,14.2,A
개봉1동,편의점,20253,43.5,218,405,53.8,C
개봉1동,한식,20253,44.4,262,421,62.2,C
개봉2동,B2B 서비스,20253,24.7,324,368,88.0,D
개봉2동,미용실,20253,23.2,413,419,98.6,D
개봉2동,분식/간식,20253,40.7,334,415,80.5,D
개봉2동,뷰티/화장품,20253,22.4,372,394,94.4,D
개봉2동,생활용품 소매,20253,80.6,12,405,3.0,A
개봉2동,수리/세탁,20253,82.8,24,382,6.3,A
개봉2동,스포츠/레저,20253,63.3,56,395,14.2,A
개봉2동,식품 소매,20253,44.1,261,422,61.8,C
개봉2동,예술학원,20253,48.5,143,378,37.8,B
개봉2동,오락/유흥,20253,22.5,352,361,97.5,D
개봉2동,의료/약국,20253,61.7,90,413,21.8,A
개봉2동,의류/패션,20253,51.2,270,402,67.2,C
개봉2동,일반학원,20253,48.8,187,397,47.1,B
개봉2동,전자/통신,20253,54.5,119,309,38.5,B
개봉2동,주점,20253,34.0,341,398,85.7,D
개봉2동,중식,20253,35.6,316,358,88.3,D
개봉2동,카페,20253,32.4,338,419,80.7,D
개봉2동,패스트푸드/치킨,20253,35.5,332,409,81.2,D
개봉2동,편의점,20253,35.7,348,405,85.9,D
개봉2동,한식,20253,54.4,177,421,42.0,B
개봉3동,B2B 서비스,20253,18.3,352,368,95.7,D
개봉3동,미용실,20253,32.3,339,419,80.9,D
개봉3동,분식/간식,20253,37.5,357,415,86.0,D
개봉3동,뷰티/화장품,20253,35.9,297,394,75.4,D
개봉3동,생활용품 소매,20253,78.3,21,405,5.2,A
개봉3동,수리/세탁,20253,38.5,324,382,84.8,D
개봉3동,스포츠/레저,20253,37.3,315,395,79.7,D
개봉3동,식품 소매,20253,30.2,387,422,91.7,D
개봉3동,예술학원,20253,64.7,42,378,11.1,A
개봉3동,오락/유흥,20253,33.6,301,361,83.4,D
개봉3동,의료/약국,20253,66.2,57,413,13.8,A
개봉3동,의류/패션,20253,65.0,142,402,35.3,B
개봉3동,일반학원,20253,47.3,210,397,52.9,C
개봉3동,일식,20253,42.3,158,279,56.6,C
개봉3동,전자/통신,20253,9.8,308,309,99.7,D
개봉3동,주점,20253,40.2,279,398,70.1,C
개봉3동,중식,20253,62.3,45,358,12.6,A
개봉3동,카페,20253,51.8,112,419,26.7,B
개봉3동,패스트푸드/치킨,20253,34.1,346,409,84.6,D
개봉3동,편의점,20253,30.1,394,405,97.3,D
개봉3동,한식,20253,24.4,410,421,97.4,D
오류1동,B2B 서비스,20253,45.4,180,368,48.9,B
오류1동,미용실,20253,36.9,277,419,66.1,C
오류1동,분식/간식,20253,53.5,168,415,40.5,B
오류1동,뷰티/화장품,20253,47.5,207,394,52.5,C
오류1동,생활용품 소매,20253,52.7,181,405,44.7,B
오류1동,수리/세탁,20253,43.8,288,382,75.4,D
오류1동,숙박,20253,76.3,5,194,2.6,A
오류1동,스포츠/레저,20253,32.7,355,395,89.9,D
오류1동,식품 소매,20253,40.5,299,422,70.9,C
오류1동,예술학원,20253,29.9,337,378,89.2,D
오류1동,오락/유흥,20253,61.1,64,361,17.7,A
오류1동,의료/약국,20253,65.8,63,413,15.3,A
오류1동,의류/패션,20253,54.4,243,402,60.4,C
오류1동,일반학원,20253,41.5,272,397,68.5,C
오류1동,주점,20253,36.6,311,398,78.1,D
오류1동,중식,20253,35.3,319,358,89.1,D
오류1동,카페,20253,38.3,272,419,64.9,C
오류1동,패스트푸드/치킨,20253,36.0,325,409,79.5,D
오류1동,편의점,20253,44.1,206,405,50.9,C
오류1동,한식,20253,44.1,267,421,63.4,C
오류2동,B2B 서비스,20253,71.9,21,368,5.7,A
오류2동,미용실,20253,28.3,387,419,92.4,D
오류2동,분식/간식,20253,43.1,302,415,72.8,C
오류2동,뷰티/화장품,20253,63.0,104,394,26.4,B
오류2동,생활용품 소매,20253,58.0,144,405,35.6,B
오류2동,수리/세탁,20253,70.4,121,382,31.7,B
오류2동,스포츠/레저,20253,48.8,180,395,45.6,B
오류2동,식품 소매,20253,75.1,10,422,2.4,A
오류2동,양식/기타외식,20253,53.8,103,241,42.7,B
오류2동,예술학원,20253,23.5,365,378,96.6,D
오류2동,오락/유흥,20253,69.5,19,361,5.3,A
오류2동,의료/약국,20253,70.0,26,413,6.3,A
오류2동,의류/패션,20253,61.9,177,402,44.0,B
오류2동,일반학원,20253,52.3,133,397,33.5,B
오류2동,일식,20253,23.3,275,279,98.6,D
오류2동,전자/통신,20253,47.5,151,309,48.9,B
오류2동,주점,20253,65.1,44,398,11.1,A
오류2동,중식,20253,51.2,169,358,47.2,B
오류2동,카페,20253,24.2,400,419,95.5,D
오류2동,패스트푸드/치킨,20253,35.3,333,409,81.4,D
오류2동,편의점,20253,56.6,53,405,13.1,A
오류2동,한식,20253,64.7,94,421,22.3,A
수궁동,B2B 서비스,20253,69.1,34,368,9.2,A
수궁동,미용실,20253,27.9,391,419,93.3,D
수궁동,분식/간식,20253,43.7,291,415,70.1,C
수궁동,뷰티/화장품,20253,71.0,58,394,14.7,A
수궁동,생활용품 소매,20253,54.5,168,405,41.5,B
수궁동,수리/세탁,20253,78.0,56,382,14.7,A
수궁동,스포츠/레저,20253,34.3,340,395,86.1,D
수궁동,식품 소매,20253,21.8,417,422,98.8,D
수궁동,예술학원,20253,46.2,164,378,43.4,B
수궁동,오락/유흥,20253,31.1,315,361,87.3,D
수궁동,의료/약국,20253,49.9,240,413,58.1,C
수궁동,의류/패션,20253,44.0,314,402,78.1,D
수궁동,일반학원,20253,58.7,76,397,19.1,A
수궁동,전자/통신,20253,39.6,197,309,63.8,C
수궁동,주점,20253,53.2,138,398,34.7,B
수궁동,중식,20253,39.3,283,358,79.1,D
수궁동,카페,20253,42.2,231,419,55.1,C
수궁동,패스트푸드/치킨,20253,39.9,273,409,66.7,C
수궁동,편의점,20253,47.9,142,405,35.1,B
수궁동,한식,20253,52.5,196,421,46.6,B
항동,일반학원,20253,73.3,13,397,3.3,A
항동,카페,20253,62.6,50,419,11.9,A
가산동,B2B 서비스,20253,31.6,283,368,76.9,D
가산동,미용실,20253,31.9,345,419,82.3,D
가산동,분식/간식,20253,55.8,130,415,31.3,B
가산동,뷰티/화장품,20253,42.3,252,394,64.0,C
가산동,생활용품 소매,20253,34.8,309,405,76.3,D
가산동,수리/세탁,20253,40.5,312,382,81.7,D
가산동,숙박,20253,50.3,96,194,49.5,B
가산동,스포츠/레저,20253,44.6,234,395,59.2,C
가산동,식품 소매,20253,53.0,166,422,39.3,B
가산동,애완동물,20253,48.4,67,147,45.6,B
가산동,양식/기타외식,20253,50.4,124,241,51.5,C
가산동,오락/유흥,20253,67.3,26,361,7.2,A
가산동,의료/약국,20253,20.8,407,413,98.5,D
가산동,의류/패션,20253,45.4,306,402,76.1,D
가산동,일반학원,20253,30.1,377,397,95.0,D
가산동,일식,20253,47.7,119,279,42.7,B
가산동,전자/통신,20253,61.5,88,309,28.5,B
가산동,주점,20253,55.7,115,398,28.9,B
가산동,중식,20253,71.9,12,358,3.4,A
가산동,카페,20253,62.6,51,419,12.2,A
가산동,패스트푸드/치킨,20253,47.6,172,409,42.1,B
가산동,편의점,20253,58.8,41,405,10.1,A
가산동,한식,20253,68.0,78,421,18.5,A
독산1동,B2B 서비스,20253,29.7,296,368,80.4,D
독산1동,미용실,20253,66.0,23,419,5.5,A
독산1동,분식/간식,20253,50.4,204,415,49.2,B
독산1동,뷰티/화장품,20253,55.8,144,394,36.5,B
독산1동,생활용품 소매,20253,32.7,315,405,77.8,D
독산1동,수리/세탁,20253,44.6,282,382,73.8,C
독산1동,숙박,20253,59.4,53,194,27.3,B
독산1동,스포츠/레저,20253,54.3,121,395,30.6,B
독산1동,식품 소매,20253,61.4,90,422,21.3,A
독산1동,양식/기타외식,20253,55.0,91,241,37.8,B
독산1동,예술학원,20253,58.7,76,378,20.1,A
독산1동,오락/유흥,20253,36.6,277,361,76.7,D
독산1동,의료/약국,20253,36.5,348,413,84.3,D
독산1동,의류/패션,20253,55.2,240,402,59.7,C
독산1동,일반학원,20253,42.1,264,397,66.5,C
독산1동,일식,20253,48.2,112,279,40.1,B
독산1동,주점,20253,60.2,73,398,18.3,A
독산1동,중식,20253,46.6,213,358,59.5,C
독산1동,카페,20253,35.6,308,419,73.5,C
독산1동,패스트푸드/치킨,20253,49.3,153,409,37.4,B
독산1동,편의점,20253,48.3,133,405,32.8,B
독산1동,한식,20253,50.5,214,421,50.8,C
독산2동,B2B 서비스,20253,43.7,193,368,52.4,C
독산2동,미용실,20253,30.7,356,419,85.0,D
독산2동,분식/간식,20253,61.1,72,415,17.3,A
독산2동,뷰티/화장품,20253,76.5,31,394,7.9,A
독산2동,생활용품 소매,20253,52.4,187,405,46.2,B
독산2동,수리/세탁,20253,61.3,198,382,51.8,C
독산2동,숙박,20253,23.0,188,194,96.9,D
독산2동,스포츠/레저,20253,18.8,394,395,99.7,D
독산2동,식품 소매,20253,34.4,352,422,83.4,D
독산2동,예술학원,20253,56.7,90,378,23.8,A
독산2동,오락/유흥,20253,32.2,309,361,85.6,D
독산2동,의료/약국,20253,69.7,30,413,7.3,A
독산2동,의류/패션,20253,24.0,394,402,98.0,D
독산2동,일반학원,20253,41.4,275,397,69.3,C
독산2동,전자/통신,20253,76.2,36,309,11.7,A
독산2동,주점,20253,65.6,42,398,10.6,A
독산2동,중식,20253,57.1,98,358,27.4,B
독산2동,카페,20253,25.4,393,419,93.8,D
독산2동,패스트푸드/치킨,20253,40.9,255,409,62.3,C
독산2동,편의점,20253,44.5,199,405,49.1,B
독산2동,한식,20253,41.8,288,421,68.4,C
독산3동,B2B 서비스,20253,57.0,95,368,25.8,B
독산3동,미용실,20253,58.0,50,419,11.9,A
독산3동,분식/간식,20253,48.9,221,415,53.3,C
독산3동,뷰티/화장품,20253,73.9,44,394,11.2,A
독산3동,생활용품 소매,20253,48.6,214,405,52.8,C
독산3동,수리/세탁,20253,77.8,58,382,15.2,A
독산3동,숙박,20253,36.4,154,194,79.4,D
독산3동,스포츠/레저,20253,44.9,228,395,57.7,C
독산3동,식품 소매,20253,53.1,163,422,38.6,B
독산3동,예술학원,20253,47.8,151,378,39.9,B
독산3동,오락/유흥,20253,59.0,81,361,22.4,A
독산3동,의료/약국,20253,56.2,154,413,37.3,B
독산3동,의류/패션,20253,74.8,63,402,15.7,A
독산3동,일반학원,20253,22.2,392,397,98.7,D
독산3동,전자/통신,20253,21.5,270,309,87.4,D
독산3동,주점,20253,34.6,331,398,83.2,D
독산3동,중식,20253,50.8,174,358,48.6,B
독산3동,카페,20253,33.4,326,419,77.8,D
독산3동,패스트푸드/치킨,20253,43.0,229,409,56.0,C
독산3동,편의점,20253,36.6,334,405,82.5,D
독산3동,한식,20253,27.1,401,421,95.2,D
독산4동,B2B 서비스,20253,48.9,149,368,40.5,B
독산4동,미용실,20253,43.9,179,419,42.7,B
독산4동,분식/간식,20253,68.0,26,415,6.3,A
독산4동,뷰티/화장품,20253,38.3,283,394,71.8,C
독산4동,생활용품 소매,20253,60.8,122,405,30.1,B
독산4동,숙박,20253,51.8,87,194,44.8,B
독산4동,스포츠/레저,20253,62.3,61,395,15.4,A
독산4동,식품 소매,20253,45.8,254,422,60.2,C
독산4동,애완동물,20253,45.5,82,147,55.8,C
독산4동,예술학원,20253,62.1,57,378,15.1,A
독산4동,오락/유흥,20253,54.1,118,361,32.7,B
독산4동,의료/약국,20253,47.5,261,413,63.2,C
독산4동,의류/패션,20253,72.8,81,402,20.1,A
독산4동,일반학원,20253,56.0,95,397,23.9,A
독산4동,일식,20253,41.1,171,279,61.3,C
독산4동,주점,20253,54.2,130,398,32.7,B
독산4동,중식,20253,63.4,37,358,10.3,A
독산4동,카페,20253,31.4,350,419,83.5,D
독산4동,패스트푸드/치킨,20253,44.0,217,409,53.1,C
독산4동,편의점,20253,36.7,333,405,82.2,D
독산4동,한식,20253,31.5,374,421,88.8,D
시흥1동,B2B 서비스,20253,48.7,150,368,40.8,B
시흥1동,미용실,20253,51.0,109,419,26.0,B
시흥1동,분식/간식,20253,48.1,238,415,57.3,C
시흥1동,뷰티/화장품,20253,59.2,123,394,31.2,B
시흥1동,생활용품 소매,20253,63.2,112,405,27.7,B
시흥1동,수리/세탁,20253,78.0,57,382,14.9,A
시흥1동,숙박,20253,43.1,127,194,65.5,C
시흥1동,스포츠/레저,20253,33.4,349,395,88.4,D
시흥1동,식품 소매,20253,66.5,52,422,12.3,A
시흥1동,애완동물,20253,62.5,35,147,23.8,A
시흥1동,예술학원,20253,33.1,312,378,82.5,D
시흥1동,오락/유흥,20253,64.2,47,361,13.0,A
시흥1동,의료/약국,20253,27.8,389,413,94.2,D
시흥1동,의류/패션,20253,55.5,236,402,58.7,C
시흥1동,일반학원,20253,42.2,261,397,65.7,C
시흥1동,일식,20253,53.7,81,279,29.0,B
시흥1동,전자/통신,20253,52.1,130,309,42.1,B
시흥1동,주점,20253,41.3,266,398,66.8,C
시흥1동,중식,20253,32.0,338,358,94.4,D
시흥1동,카페,20253,39.5,260,419,62.1,C
시흥1동,패스트푸드/치킨,20253,46.0,195,409,47.7,B
시흥1동,편의점,20253,38.5,309,405,76.3,D
시흥1동,한식,20253,59.0,144,421,34.2,B
시흥2동,B2B 서비스,20253,40.0,225,368,61.1,C
시흥2동,미용실,20253,51.2,107,419,25.5,B
시흥2동,분식/간식,20253,74.3,10,415,2.4,A
시흥2동,뷰티/화장품,20253,54.4,151,394,38.3,B
시흥2동,생활용품 소매,20253,34.2,311,405,76.8,D
시흥2동,수리/세탁,20253,85.0,12,382,3.1,A
시흥2동,스포츠/레저,20253,50.0,172,395,43.5,B
시흥2동,식품 소매,20253,31.6,376,422,89.1,D
시흥2동,예술학원,20253,42.5,214,378,56.6,C
시흥2동,의료/약국,20253,50.2,237,413,57.4,C
시흥2동,일반학원,20253,48.0,199,397,50.1,C
시흥2동,주점,20253,51.4,159,398,39.9,B
시흥2동,카페,20253,42.2,229,419,54.7,C
시흥2동,한식,20253,35.1,355,421,84.3,D
시흥3동,B2B 서비스,20253,30.0,292,368,79.3,D
시흥3동,미용실,20253,34.9,310,419,74.0,C
시흥3동,분식/간식,20253,29.6,406,415,97.8,D
시흥3동,뷰티/화장품,20253,63.2,100,394,25.4,B
시흥3동,생활용품 소매,20253,41.1,270,405,66.7,C
시흥3동,스포츠/레저,20253,72.6,21,395,5.3,A
시흥3동,식품 소매,20253,26.3,408,422,96.7,D
시흥3동,애완동물,20253,67.7,18,147,12.2,A
시흥3동,예술학원,20253,59.5,71,378,18.8,A
시흥3동,오락/유흥,20253,55.4,109,361,30.2,B
시흥3동,의료/약국,20253,43.0,297,413,71.9,C
시흥3동,의류/패션,20253,86.2,3,402,0.7,A
시흥3동,일반학원,20253,51.4,143,397,36.0,B
시흥3동,주점,20253,37.6,304,398,76.4,D
시흥3동,중식,20253,72.1,11,358,3.1,A
시흥3동,카페,20253,49.5,136,419,32.5,B
시흥3동,패스트푸드/치킨,20253,32.6,362,409,88.5,D
시흥3동,편의점,20253,33.8,375,405,92.6,D
시흥3동,한식,20253,48.9,230,421,54.6,C
시흥4동,B2B 서비스,20253,40.8,214,368,58.2,C
시흥4동,미용실,20253,76.8,4,419,1.0,A
시흥4동,분식/간식,20253,45.2,268,415,64.6,C
시흥4동,뷰티/화장품,20253,72.5,54,394,13.7,A
시흥4동,생활용품 소매,20253,47.8,221,405,54.6,C
시흥4동,수리/세탁,20253,83.4,20,382,5.2,A
시흥4동,스포츠/레저,20253,70.0,32,395,8.1,A
시흥4동,식품 소매,20253,52.1,175,422,41.5,B
시흥4동,애완동물,20253,62.6,34,147,23.1,A
시흥4동,예술학원,20253,39.6,247,378,65.3,C
시흥4동,오락/유흥,20253,52.2,138,361,38.2,B
시흥4동,의료/약국,20253,77.2,6,413,1.5,A
시흥4동,의류/패션,20253,55.3,239,402,59.5,C
시흥4동,일반학원,20253,41.0,278,397,70.0,C
시흥4동,주점,20253,39.2,286,398,71.9,C
시흥4동,중식,20253,65.0,30,358,8.4,A
시흥4동,카페,20253,38.4,269,419,64.2,C
시흥4동,패스트푸드/치킨,20253,30.5,385,409,94.1,D
시흥4동,편의점,20253,28.6,400,405,98.8,D
시흥4동,한식,20253,37.5,330,421,78.4,D
시흥5동,B2B 서비스,20253,40.2,224,368,60.9,C
시흥5동,미용실,20253,56.0,64,419,15.3,A
시흥5동,분식/간식,20253,55.7,133,415,32.0,B
시흥5동,뷰티/화장품,20253,17.8,388,394,98.5,D
시흥5동,생활용품 소매,20253,22.3,362,405,89.4,D
시흥5동,수리/세탁,20253,13.8,378,382,99.0,D
시흥5동,스포츠/레저,20253,38.7,294,395,74.4,C
시흥5동,식품 소매,20253,37.7,327,422,77.5,D
시흥5동,예술학원,20253,65.9,35,378,9.3,A
시흥5동,오락/유흥,20253,37.0,275,361,76.2,D
시흥5동,의료/약국,20253,52.4,214,413,51.8,C
시흥5동,의류/패션,20253,78.2,32,402,8.0,A
시흥5동,일반학원,20253,48.9,184,397,46.3,B
시흥5동,일식,20253,32.6,230,279,82.4,D
시흥5동,주점,20253,35.6,321,398,80.7,D
시흥5동,중식,20253,32.8,332,358,92.7,D
시흥5동,카페,20253,22.7,408,419,97.4,D
시흥5동,패스트푸드/치킨,20253,40.3,266,409,65.0,C
시흥5동,편의점,20253,35.5,355,405,87.7,D
시흥5동,한식,20253,24.4,409,421,97.1,D
영등포본동,B2B 서비스,20253,54.4,112,368,30.4,B
영등포본동,미용실,20253,42.5,198,419,47.3,B
영등포본동,분식/간식,20253,45.8,262,415,63.1,C
영등포본동,뷰티/화장품,20253,41.4,258,394,65.5,C
영등포본동,생활용품 소매,20253,46.0,234,405,57.8,C
영등포본동,수리/세탁,20253,69.8,125,382,32.7,B
영등포본동,숙박,20253,49.8,98,194,50.5,C
영등포본동,스포츠/레저,20253,38.3,299,395,75.7,D
영등포본동,식품 소매,20253,48.7,213,422,50.5,C
영등포본동,애완동물,20253,45.3,83,147,56.5,C
영등포본동,예술학원,20253,52.0,116,378,30.7,B
영등포본동,오락/유흥,20253,46.7,187,361,51.8,C
영등포본동,의료/약국,20253,71.4,23,413,5.6,A
영등포본동,의류/패션,20253,50.2,277,402,68.9,C
영등포본동,일반학원,20253,43.9,245,397,61.7,C
영등포본동,전자/통신,20253,76.6,35,309,11.3,A
영등포본동,주점,20253,47.3,201,398,50.5,C
영등포본동,중식,20253,37.4,302,358,84.4,D
영등포본동,카페,20253,32.3,339,419,80.9,D
영등포본동,패스트푸드/치킨,20253,54.1,105,409,25.7,B
영등포본동,편의점,20253,39.3,291,405,71.9,C
영등포본동,한식,20253,63.3,108,421,25.7,B
영등포동,B2B 서비스,20253,64.5,56,368,15.2,A
영등포동,미용실,20253,35.7,299,419,71.4,C
영등포동,분식/간식,20253,49.3,215,415,51.8,C
영등포동,뷰티/화장품,20253,44.7,234,394,59.4,C
영등포동,생활용품 소매,20253,65.9,96,405,23.7,A
영등포동,수리/세탁,20253,24.0,367,382,96.1,D
영등포동,숙박,20253,70.1,16,194,8.2,A
영등포동,스포츠/레저,20253,41.1,267,395,67.6,C
영등포동,식품 소매,20253,47.1,232,422,55.0,C
영등포동,애완동물,20253,37.4,109,147,74.1,C
영등포동,양식/기타외식,20253,30.3,220,241,91.3,D
영등포동,예술학원,20253,40.3,240,378,63.5,C
영등포동,오락/유흥,20253,60.3,74,361,20.5,A
영등포동,의료/약국,20253,49.4,244,413,59.1,C
영등포동,의류/패션,20253,52.4,259,402,64.4,C
영등포동,일반학원,20253,41.4,274,397,69.0,C
영등포동,일식,20253,44.7,139,279,49.8,B
영등포동,전자/통신,20253,65.6,70,309,22.7,A
영등포동,주점,20253,64.1,50,398,12.6,A
영등포동,중식,20253,58.0,84,358,23.5,A
영등포동,카페,20253,51.2,119,419,28.4,B
영등포동,패스트푸드/치킨,20253,64.4,41,409,10.0,A
영등포동,편의점,20253,57.1,49,405,12.1,A
영등포동,한식,20253,81.3,14,421,3.3,A
여의동,B2B 서비스,20253,54.7,110,368,29.9,B
여의동,미용실,20253,27.0,398,419,95.0,D
여의동,분식/간식,20253,39.0,346,415,83.4,D
여의동,뷰티/화장품,20253,40.9,263,394,66.8,C
여의동,생활용품 소매,20253,68.8,78,405,19.3,A
여의동,수리/세탁,20253,67.9,140,382,36.6,B
여의동,숙박,20253,52.6,81,194,41.8,B
여의동,스포츠/레저,20253,38.0,304,395,77.0,D
여의동,식품 소매,20253,50.1,203,422,48.1,B
여의동,양식/기타외식,20253,66.1,25,241,10.4,A
여의동,예술학원,20253,47.9,150,378,39.7,B
여의동,오락/유흥,20253,64.5,44,361,12.2,A
여의동,의료/약국,20253,46.9,267,413,64.6,C
여의동,의류/패션,20253,34.4,367,402,91.3,D
여의동,일반학원,20253,59.2,69,397,17.4,A
여의동,일식,20253,60.9,32,279,11.5,A
여의동,전자/통신,20253,41.4,182,309,58.9,C
여의동,주점,20253,51.6,156,398,39.2,B
여의동,중식,20253,73.9,5,358,1.4,A
여의동,카페,20253,50.0,131,419,31.3,B
여의동,패스트푸드/치킨,20253,62.6,49,409,12.0,A
여의동,편의점,20253,56.3,55,405,13.6,A
여의동,한식,20253,85.3,6,421,1.4,A
당산1동,B2B 서비스,20253,76.6,12,368,3.3,A
당산1동,미용실,20253,32.6,334,419,79.7,D
당산1동,분식/간식,20253,45.5,265,415,63.9,C
당산1동,뷰티/화장품,20253,53.2,166,394,42.1,B
당산1동,생활용품 소매,20253,43.3,255,405,63.0,C
당산1동,수리/세탁,20253,70.0,123,382,32.2,B
당산1동,숙박,20253,64.7,37,194,19.1,A
당산1동,스포츠/레저,20253,34.8,335,395,84.8,D
당산1동,식품 소매,20253,31.7,375,422,88.9,D
당산1동,양식/기타외식,20253,40.6,187,241,77.6,D
당산1동,예술학원,20253,44.4,191,378,50.5,C
당산1동,오락/유흥,20253,63.5,51,361,14.1,A
당산1동,의료/약국,20253,52.6,210,413,50.8,C
당산1동,의류/패션,20253,60.9,189,402,47.0,B
당산1동,일반학원,20253,54.2,115,397,29.0,B
당산1동,일식,20253,59.0,47,279,16.8,A
당산1동,전자/통신,20253,77.2,34,309,11.0,A
당산1동,주점,20253,48.8,186,398,46.7,B
당산1동,중식,20253,42.7,261,358,72.9,C
당산1동,카페,20253,41.2,246,419,58.7,C
당산1동,패스트푸드/치킨,20253,56.6,87,409,21.3,A
당산1동,편의점,20253,44.0,210,405,51.9,C
당산1동,한식,20253,75.6,34,421,8.1,A
당산2동,B2B 서비스,20253,24.4,329,368,89.4,D
당산2동,미용실,20253,46.0,161,419,38.4,B
당산2동,분식/간식,20253,55.5,137,415,33.0,B
당산2동,뷰티/화장품,20253,59.9,117,394,29.7,B
당산2동,생활용품 소매,20253,37.6,292,405,72.1,C
당산2동,수리/세탁,20253,42.8,296,382,77.5,D
당산2동,숙박,20253,52.0,84,194,43.3,B
당산2동,스포츠/레저,20253,40.0,279,395,70.6,C
당산2동,식품 소매,20253,39.9,306,422,72.5,C
당산2동,양식/기타외식,20253,46.2,149,241,61.8,C
당산2동,예술학원,20253,31.2,325,378,86.0,D
당산2동,오락/유흥,20253,52.0,142,361,39.3,B
당산2동,의료/약국,20253,56.0,157,413,38.0,B
당산2동,의류/패션,20253,57.3,220,402,54.7,C
당산2동,일반학원,20253,61.8,44,397,11.1,A
당산2동,일식,20253,46.1,128,279,45.9,B
당산2동,전자/통신,20253,37.2,215,309,69.6,C
당산2동,주점,20253,38.1,298,398,74.9,C
당산2동,중식,20253,48.4,197,358,55.0,C
당산2동,카페,20253,58.8,67,419,16.0,A
당산2동,패스트푸드/치킨,20253,62.8,48,409,11.7,A
당산2동,편의점,20253,47.2,151,405,37.3,B
당산2동,한식,20253,75.2,36,421,8.6,A
도림동,B2B 서비스,20253,30.0,293,368,79.6,D
도림동,미용실,20253,41.0,225,419,53.7,C
도림동,분식/간식,20253,33.8,383,415,92.3,D
도림동,뷰티/화장품,20253,28.8,330,394,83.8,D
도림동,생활용품 소매,20253,57.2,150,405,37.0,B
도림동,수리/세탁,20253,48.2,263,382,68.8,C
도림동,숙박,20253,64.1,39,194,20.1,A
도림동,스포츠/레저,20253,51.1,157,395,39.7,B
도림동,식품 소매,20253,56.7,128,422,30.3,B
도림동,예술학원,20253,43.7,195,378,51.6,C
도림동,오락/유흥,20253,55.9,106,361,29.4,B
도림동,의료/약국,20253,54.9,181,413,43.8,B
도림동,의류/패션,20253,75.8,51,402,12.7,A
도림동,일반학원,20253,32.4,362,397,91.2,D
도림동,전자/통신,20253,37.7,211,309,68.3,C
도림동,주점,20253,37.8,302,398,75.9,D
도림동,중식,20253,31.7,341,358,95.3,D
도림동,카페,20253,43.1,218,419,52.0,C
도림동,패스트푸드/치킨,20253,26.1,402,409,98.3,D
도림동,편의점,20253,50.6,100,405,24.7,A
도림동,한식,20253,40.8,295,421,70.1,C
문래동,B2B 서비스,20253,59.4,79,368,21.5,A
문래동,미용실,20253,54.3,81,419,19.3,A
문래동,분식/간식,20253,60.7,77,415,18.6,A
문래동,뷰티/화장품,20253,26.0,352,394,89.3,D
문래동,생활용품 소매,20253,46.0,235,405,58.0,C
문래동,수리/세탁,20253,74.8,84,382,22.0,A
문래동,스포츠/레저,20253,46.9,209,395,52.9,C
문래동,식품 소매,20253,63.8,70,422,16.6,A
문래동,애완동물,20253,52.2,56,147,38.1,B
문래동,양식/기타외식,20253,53.4,105,241,43.6,B
문래동,예술학원,20253,41.3,229,378,60.6,C
문래동,오락/유흥,20253,41.2,248,361,68.7,C
문래동,의료/약국,20253,14.0,413,413,100.0,D
문래동,의류/패션,20253,73.1,79,402,19.7,A
문래동,일반학원,20253,55.6,100,397,25.2,B
문래동,일식,20253,43.7,147,279,52.7,C
문래동,전자/통신,20253,51.1,134,309,43.4,B
문래동,주점,20253,59.7,83,398,20.9,A
문래동,중식,20253,54.8,125,358,34.9,B
문래동,카페,20253,46.6,173,419,41.3,B
문래동,패스트푸드/치킨,20253,48.9,160,409,39.1,B
문래동,편의점,20253,46.9,158,405,39.0,B
문래동,한식,20253,64.3,100,421,23.8,A
양평1동,B2B 서비스,20253,63.8,62,368,16.8,A
양평1동,미용실,20253,57.6,54,419,12.9,A
양평1동,분식/간식,20253,52.8,175,415,42.2,B
양평1동,뷰티/화장품,20253,62.9,106,394,26.9,B
양평1동,생활용품 소매,20253,18.1,386,405,95.3,D
양평1동,수리/세탁,20253,55.7,224,382,58.6,C
양평1동,숙박,20253,62.5,45,194,23.2,A
양평1동,스포츠/레저,20253,61.6,69,395,17.5,A
양평1동,식품 소매,20253,53.0,165,422,39.1,B
양평1동,예술학원,20253,24.2,361,378,95.5,D
양평1동,오락/유흥,20253,63.0,57,361,15.8,A
양평1동,의료/약국,20253,50.7,230,413,55.7,C
양평1동,의류/패션,20253,29.5,381,402,94.8,D
양평1동,일반학원,20253,48.5,195,397,49.1,B
양평1동,일식,20253,60.9,33,279,11.8,A
양평1동,주점,20253,56.4,112,398,28.1,B
양평1동,중식,20253,56.5,107,358,29.9,B
양평1동,카페,20253,43.7,210,419,50.1,C
양평1동,패스트푸드/치킨,20253,40.5,263,409,64.3,C
양평1동,편의점,20253,46.9,156,405,38.5,B
양평1동,한식,20253,75.2,37,421,8.8,A
양평2동,B2B 서비스,20253,31.6,284,368,77.2,D
양평2동,미용실,20253,63.3,29,419,6.9,A
양평2동,분식/간식,20253,55.3,143,415,34.5,B
양평2동,뷰티/화장품,20253,77.5,21,394,5.3,A
양평2동,생활용품 소매,20253,70.8,59,405,14.6,A
양평2동,수리/세탁,20253,66.1,151,382,39.5,B
양평2동,숙박,20253,60.1,50,194,25.8,B
양평2동,스포츠/레저,20253,54.0,123,395,31.1,B
양평2동,식품 소매,20253,67.6,42,422,10.0,A
양평2동,애완동물,20253,27.7,134,147,91.2,D
양평2동,양식/기타외식,20253,33.2,211,241,87.6,D
양평2동,예술학원,20253,39.5,250,378,66.1,C
양평2동,오락/유흥,20253,40.8,254,361,70.4,C
양평2동,의료/약국,20253,17.5,411,413,99.5,D
양평2동,의류/패션,20253,58.3,209,402,52.0,C
양평2동,일반학원,20253,51.0,150,397,37.8,B
양평2동,일식,20253,42.6,156,279,55.9,C
양평2동,전자/통신,20253,49.6,141,309,45.6,B
양평2동,주점,20253,71.5,17,398,4.3,A
양평2동,중식,20253,42.8,260,358,72.6,C
양평2동,카페,20253,44.7,195,419,46.5,B
양평2동,패스트푸드/치킨,20253,54.6,99,409,24.2,A
양평2동,편의점,20253,46.3,169,405,41.7,B
양평2동,한식,20253,78.4,21,421,5.0,A
신길1동,B2B 서비스,20253,51.5,127,368,34.5,B
신길1동,미용실,20253,37.2,269,419,64.2,C
신길1동,분식/간식,20253,43.0,303,415,73.0,C
신길1동,뷰티/화장품,20253,61.0,111,394,28.2,B
신길1동,생활용품 소매,20253,69.2,75,405,18.5,A
신길1동,수리/세탁,20253,80.6,39,382,10.2,A
신길1동,숙박,20253,51.6,89,194,45.9,B
신길1동,스포츠/레저,20253,48.4,186,395,47.1,B
신길1동,식품 소매,20253,50.9,192,422,45.5,B
신길1동,예술학원,20253,63.2,49,378,13.0,A
신길1동,오락/유흥,20253,49.7,168,361,46.5,B
신길1동,의료/약국,20253,31.3,376,413,91.0,D
신길1동,의류/패션,20253,72.0,93,402,23.1,A
신길1동,일반학원,20253,43.3,253,397,63.7,C
신길1동,일식,20253,51.1,93,279,33.3,B
신길1동,전자/통신,20253,77.4,33,309,10.7,A
신길1동,주점,20253,57.0,102,398,25.6,B
신길1동,중식,20253,53.5,140,358,39.1,B
신길1동,카페,20253,23.9,401,419,95.7,D
신길1동,패스트푸드/치킨,20253,60.6,53,409,13.0,A
신길1동,편의점,20253,50.7,99,405,24.4,A
신길1동,한식,20253,52.6,195,421,46.3,B
신길3동,B2B 서비스,20253,74.7,18,368,4.9,A
신길3동,미용실,20253,29.3,373,419,89.0,D
신길3동,분식/간식,20253,57.5,110,415,26.5,B
신길3동,뷰티/화장품,20253,65.9,86,394,21.8,A
신길3동,생활용품 소매,20253,86.2,4,405,1.0,A
신길3동,수리/세탁,20253,43.9,287,382,75.1,D
신길3동,숙박,20253,68.7,20,194,10.3,A
신길3동,스포츠/레저,20253,58.0,89,395,22.5,A
신길3동,식품 소매,20253,33.4,366,422,86.7,D
신길3동,오락/유흥,20253,60.2,76,361,21.1,A
신길3동,의료/약국,20253,28.7,384,413,93.0,D
신길3동,의류/패션,20253,58.3,208,402,51.7,C
신길3동,일반학원,20253,25.4,387,397,97.5,D
신길3동,주점,20253,26.0,372,398,93.5,D
신길3동,중식,20253,23.2,357,358,99.7,D
신길3동,카페,20253,51.5,115,419,27.4,B
신길3동,패스트푸드/치킨,20253,28.6,395,409,96.6,D
신길3동,편의점,20253,46.7,162,405,40.0,B
신길3동,한식,20253,49.6,223,421,53.0,C
신길4동,B2B 서비스,20253,47.5,164,368,44.6,B
신길4동,미용실,20253,79.9,1,419,0.2,A
신길4동,분식/간식,20253,59.3,88,415,21.2,A
신길4동,뷰티/화장품,20253,50.6,187,394,47.5,B
신길4동,식품 소매,20253,60.5,100,422,23.7,A
신길4동,예술학원,20253,42.7,213,378,56.3,C
신길4동,의료/약국,20253,36.3,349,413,84.5,D
신길4동,의류/패션,20253,59.4,199,402,49.5,B
신길4동,일반학원,20253,44.5,239,397,60.2,C
신길4동,주점,20253,60.3,70,398,17.6,A
신길4동,중식,20253,63.9,34,358,9.5,A
신길4동,카페,20253,22.4,409,419,97.6,D
신길4동,편의점,20253,31.8,385,405,95.1,D
신길4동,한식,20253,47.3,241,421,57.2,C
신길5동,B2B 서비스,20253,59.6,77,368,20.9,A
신길5동,미용실,20253,17.3,419,419,100.0,D
신길5동,분식/간식,20253,37.5,356,415,85.8,D
신길5동,뷰티/화장품,20253,32.1,315,394,79.9,D
신길5동,생활용품 소매,20253,24.3,352,405,86.9,D
신길5동,수리/세탁,20253,75.3,80,382,20.9,A
신길5동,숙박,20253,45.3,119,194,61.3,C
신길5동,스포츠/레저,20253,73.9,16,395,4.1,A
신길5동,식품 소매,20253,51.4,189,422,44.8,B
신길5동,예술학원,20253,39.9,246,378,65.1,C
신길5동,오락/유흥,20253,70.1,17,361,4.7,A
신길5동,의료/약국,20253,54.1,191,413,46.2,B
신길5동,일반학원,20253,54.7,110,397,27.7,B
신길5동,주점,20253,56.5,109,398,27.4,B
신길5동,중식,20253,57.3,94,358,26.3,B
신길5동,카페,20253,45.0,191,419,45.6,B
신길5동,패스트푸드/치킨,20253,38.2,295,409,72.1,C
신길5동,한식,20253,52.1,198,421,47.0,B
신길6동,B2B 서비스,20253,53.2,120,368,32.6,B
신길6동,미용실,20253,42.4,201,419,48.0,B
신길6동,분식/간식,20253,37.1,360,415,86.7,D
신길6동,뷰티/화장품,20253,21.2,375,394,95.2,D
신길6동,생활용품 소매,20253,69.8,69,405,17.0,A
신길6동,숙박,20253,29.2,175,194,90.2,D
신길6동,스포츠/레저,20253,58.7,86,395,21.8,A
신길6동,식품 소매,20253,59.6,103,422,24.4,A
신길6동,애완동물,20253,29.0,131,147,89.1,D
신길6동,양식/기타외식,20253,45.6,155,241,64.3,C
신길6동,예술학원,20253,45.7,169,378,44.7,B
신길6동,오락/유흥,20253,44.0,221,361,61.2,C
신길6동,의료/약국,20253,62.7,86,413,20.8,A
신길6동,의류/패션,20253,50.2,276,402,68.7,C
신길6동,일반학원,20253,56.4,90,397,22.7,A
신길6동,일식,20253,31.1,239,279,85.7,D
신길6동,전자/통신,20253,13.6,301,309,97.4,D
신길6동,주점,20253,31.4,357,398,89.7,D
신길6동,중식,20253,38.4,290,358,81.0,D
신길6동,카페,20253,40.8,250,419,59.7,C
신길6동,패스트푸드/치킨,20253,50.0,144,409,35.2,B
신길6동,편의점,20253,46.1,174,405,43.0,B
신길6동,한식,20253,42.5,279,421,66.3,C
신길7동,B2B 서비스,20253,49.2,144,368,39.1,B
신길7동,미용실,20253,49.4,127,419,30.3,B
신길7동,분식/간식,20253,47.7,244,415,58.8,C
신길7동,생활용품 소매,20253,44.3,250,405,61.7,C
신길7동,숙박,20253,39.9,134,194,69.1,C
신길7동,스포츠/레저,20253,47.8,191,395,48.4,B
신길7동,식품 소매,20253,21.1,419,422,99.3,D
신길7동,예술학원,20253,50.8,126,378,33.3,B
신길7동,오락/유흥,20253,49.4,171,361,47.4,B
신길7동,의료/약국,20253,42.6,303,413,73.4,C
신길7동,의류/패션,20253,89.7,1,402,0.2,A
신길7동,일반학원,20253,42.8,257,397,64.7,C
신길7동,전자/통신,20253,57.2,106,309,34.3,B
신길7동,주점,20253,61.9,63,398,15.8,A
신길7동,중식,20253,38.6,286,358,79.9,D
신길7동,카페,20253,47.7,160,419,38.2,B
신길7동,패스트푸드/치킨,20253,36.3,321,409,78.5,D
신길7동,한식,20253,62.4,118,421,28.0,B
대림1동,B2B 서비스,20253,65.2,51,368,13.9,A
대림1동,미용실,20253,44.0,177,419,42.2,B
대림1동,분식/간식,20253,39.8,340,415,81.9,D
대림1동,뷰티/화장품,20253,70.4,62,394,15.7,A
대림1동,생활용품 소매,20253,56.6,153,405,37.8,B
대림1동,수리/세탁,20253,75.1,82,382,21.5,A
대림1동,숙박,20253,56.8,64,194,33.0,B
대림1동,스포츠/레저,20253,57.3,99,395,25.1,B
대림1동,식품 소매,20253,69.9,28,422,6.6,A
대림1동,애완동물,20253,74.1,9,147,6.1,A
대림1동,오락/유흥,20253,25.7,343,361,95.0,D
대림1동,의료/약국,20253,58.3,131,413,31.7,B
대림1동,의류/패션,20253,53.4,250,402,62.2,C
대림1동,일반학원,20253,31.3,369,397,92.9,D
대림1동,주점,20253,72.1,15,398,3.8,A
대림1동,중식,20253,50.7,175,358,48.9,B
대림1동,카페,20253,61.8,54,419,12.9,A
대림1동,패스트푸드/치킨,20253,38.4,291,409,71.1,C
대림1동,편의점,20253,49.0,122,405,30.1,B
대림1동,한식,20253,29.4,386,421,91.7,D
대림2동,B2B 서비스,20253,37.9,239,368,64.9,C
대림2동,미용실,20253,49.1,132,419,31.5,B
대림2동,분식/간식,20253,63.1,56,415,13.5,A
대림2동,뷰티/화장품,20253,64.8,93,394,23.6,A
대림2동,생활용품 소매,20253,40.8,271,405,66.9,C
대림2동,숙박,20253,33.5,167,194,86.1,D
대림2동,스포츠/레저,20253,74.3,15,395,3.8,A
대림2동,식품 소매,20253,62.8,79,422,18.7,A
대림2동,예술학원,20253,25.6,356,378,94.2,D
대림2동,오락/유흥,20253,78.2,6,361,1.7,A
대림2동,의료/약국,20253,48.8,251,413,60.8,C
대림2동,의류/패션,20253,71.5,98,402,24.4,A
대림2동,일반학원,20253,36.1,334,397,84.1,D
대림2동,주점,20253,60.5,69,398,17.3,A
대림2동,중식,20253,33.2,331,358,92.5,D
대림2동,카페,20253,35.6,307,419,73.3,C
대림2동,패스트푸드/치킨,20253,41.9,242,409,59.2,C
대림2동,편의점,20253,38.1,317,405,78.3,D
대림2동,한식,20253,41.3,292,421,69.4,C
대림3동,B2B 서비스,20253,38.8,235,368,63.9,C
대림3동,미용실,20253,38.4,253,419,60.4,C
대림3동,분식/간식,20253,55.0,147,415,35.4,B
대림3동,뷰티/화장품,20253,43.9,240,394,60.9,C
대림3동,생활용품 소매,20253,73.7,44,405,10.9,A
대림3동,수리/세탁,20253,42.1,301,382,78.8,D
대림3동,스포츠/레저,20253,59.8,79,395,20.0,A
대림3동,식품 소매,20253,52.2,172,422,40.8,B
대림3동,예술학원,20253,47.3,154,378,40.7,B
대림3동,오락/유흥,20253,48.1,177,361,49.0,B
대림3동,의료/약국,20253,61.3,96,413,23.2,A
대림3동,의류/패션,20253,44.8,307,402,76.4,D
대림3동,일반학원,20253,48.5,194,397,48.9,B
대림3동,주점,20253,24.8,380,398,95.5,D
대림3동,중식,20253,53.4,141,358,39.4,B
대림3동,카페,20253,47.5,163,419,38.9,B
대림3동,패스트푸드/치킨,20253,37.4,310,409,75.8,D
대림3동,편의점,20253,39.2,294,405,72.6,C
대림3동,한식,20253,46.7,246,421,58.4,C
노량진1동,B2B 서비스,20253,28.2,303,368,82.3,D
노량진1동,미용실,20253,36.7,281,419,67.1,C
노량진1동,분식/간식,20253,49.8,211,415,50.8,C
노량진1동,뷰티/화장품,20253,18.5,384,394,97.5,D
노량진1동,생활용품 소매,20253,27.4,337,405,83.2,D
노량진1동,수리/세탁,20253,55.5,226,382,59.2,C
노량진1동,숙박,20253,38.3,141,194,72.7,C
노량진1동,스포츠/레저,20253,50.1,171,395,43.3,B
노량진1동,식품 소매,20253,71.9,21,422,5.0,A
노량진1동,양식/기타외식,20253,46.1,150,241,62.2,C
노량진1동,예술학원,20253,62.8,52,378,13.8,A
노량진1동,오락/유흥,20253,40.0,260,361,72.0,C
노량진1동,의료/약국,20253,27.1,391,413,94.7,D
노량진1동,의류/패션,20253,38.4,352,402,87.6,D
노량진1동,일반학원,20253,29.6,379,397,95.5,D
노량진1동,일식,20253,37.4,205,279,73.5,C
노량진1동,전자/통신,20253,41.1,186,309,60.2,C
노량진1동,주점,20253,50.9,164,398,41.2,B
노량진1동,중식,20253,52.0,158,358,44.1,B
노량진1동,카페,20253,48.3,150,419,35.8,B
노량진1동,패스트푸드/치킨,20253,43.2,227,409,55.5,C
노량진1동,편의점,20253,50.3,105,405,25.9,B
노량진1동,한식,20253,63.6,105,421,24.9,A
노량진2동,B2B 서비스,20253,77.7,11,368,3.0,A
노량진2동,미용실,20253,52.0,98,419,23.4,A
노량진2동,분식/간식,20253,66.9,32,415,7.7,A
노량진2동,뷰티/화장품,20253,68.2,75,394,19.0,A
노량진2동,생활용품 소매,20253,60.3,125,405,30.9,B
노량진2동,숙박,20253,67.4,25,194,12.9,A
노량진2동,식품 소매,20253,68.2,36,422,8.5,A
노량진2동,양식/기타외식,20253,46.0,151,241,62.7,C
노량진2동,예술학원,20253,61.2,63,378,16.7,A
노량진2동,오락/유흥,20253,60.8,67,361,18.6,A
노량진2동,의료/약국,20253,65.1,67,413,16.2,A
노량진2동,의류/패션,20253,66.6,131,402,32.6,B
노량진2동,일반학원,20253,35.1,342,397,86.1,D
노량진2동,일식,20253,36.2,214,279,76.7,D
노량진2동,주점,20253,59.7,82,398,20.6,A
노량진2동,중식,20253,47.1,210,358,58.7,C
노량진2동,카페,20253,32.9,331,419,79.0,D
노량진2동,패스트푸드/치킨,20253,53.8,111,409,27.1,B
노량진2동,편의점,20253,59.8,35,405,8.6,A
노량진2동,한식,20253,70.5,59,421,14.0,A
상도1동,B2B 서비스,20253,39.8,227,368,61.7,C
상도1동,미용실,20253,38.3,254,419,60.6,C
상도1동,분식/간식,20253,45.3,267,415,64.3,C
상도1동,뷰티/화장품,20253,25.0,361,394,91.6,D
상도1동,생활용품 소매,20253,16.0,394,405,97.3,D
상도1동,수리/세탁,20253,73.0,102,382,26.7,B
상도1동,숙박,20253,81.7,3,194,1.5,A
상도1동,스포츠/레저,20253,32.7,356,395,90.1,D
상도1동,식품 소매,20253,53.8,161,422,38.2,B
상도1동,애완동물,20253,30.6,129,147,87.8,D
상도1동,양식/기타외식,20253,70.0,11,241,4.6,A
상도1동,예술학원,20253,51.5,120,378,31.7,B
상도1동,오락/유흥,20253,64.8,38,361,10.5,A
상도1동,의료/약국,20253,54.2,189,413,45.8,B
상도1동,의류/패션,20253,39.5,349,402,86.8,D
상도1동,일반학원,20253,34.8,345,397,86.9,D
상도1동,일식,20253,74.8,7,279,2.5,A
상도1동,전자/통신,20253,22.2,266,309,86.1,D
상도1동,주점,20253,70.1,23,398,5.8,A
상도1동,중식,20253,69.4,19,358,5.3,A
상도1동,카페,20253,73.6,24,419,5.7,A
상도1동,패스트푸드/치킨,20253,52.7,120,409,29.3,B
상도1동,편의점,20253,69.9,14,405,3.5,A
상도1동,한식,20253,69.6,66,421,15.7,A
상도2동,B2B 서비스,20253,46.2,176,368,47.8,B
상도2동,미용실,20253,28.8,379,419,90.5,D
상도2동,분식/간식,20253,42.6,306,415,73.7,C
상도2동,뷰티/화장품,20253,75.7,36,394,9.1,A
상도2동,생활용품 소매,20253,56.0,159,405,39.3,B
상도2동,수리/세탁,20253,74.0,94,382,24.6,A
상도2동,스포츠/레저,20253,43.9,240,395,60.8,C
상도2동,식품 소매,20253,52.5,169,422,40.0,B
상도2동,양식/기타외식,20253,66.5,22,241,9.1,A
상도2동,예술학원,20253,58.1,81,378,21.4,A
상도2동,오락/유흥,20253,27.0,340,361,94.2,D
상도2동,의료/약국,20253,47.6,260,413,63.0,C
상도2동,의류/패션,20253,70.4,103,402,25.6,B
상도2동,일반학원,20253,56.5,89,397,22.4,A
상도2동,전자/통신,20253,18.7,286,309,92.6,D
상도2동,주점,20253,35.9,319,398,80.2,D
상도2동,중식,20253,50.2,182,358,50.8,C
상도2동,카페,20253,32.4,335,419,80.0,D
상도2동,패스트푸드/치킨,20253,59.5,67,409,16.4,A
상도2동,편의점,20253,36.2,340,405,84.0,D
상도2동,한식,20253,42.8,276,421,65.6,C
상도3동,B2B 서비스,20253,39.5,230,368,62.5,C
상도3동,미용실,20253,48.7,134,419,32.0,B
상도3동,분식/간식,20253,57.3,111,415,26.7,B
상도3동,뷰티/화장품,20253,47.8,204,394,51.8,C
상도3동,생활용품 소매,20253,34.8,308,405,76.0,D
상도3동,수리/세탁,20253,73.4,101,382,26.4,B
상도3동,스포츠/레저,20253,37.9,307,395,77.7,D
상도3동,식품 소매,20253,61.2,95,422,22.5,A
상도3동,예술학원,20253,30.1,333,378,88.1,D
상도3동,오락/유흥,20253,42.1,243,361,67.3,C
상도3동,의료/약국,20253,44.8,286,413,69.2,C
상도3동,의류/패션,20253,58.3,207,402,51.5,C
상도3동,일반학원,20253,34.3,348,397,87.7,D
상도3동,일식,20253,31.1,237,279,84.9,D
상도3동,주점,20253,49.0,183,398,46.0,B
상도3동,중식,20253,57.2,95,358,26.5,B
상도3동,카페,20253,38.3,270,419,64.4,C
상도3동,패스트푸드/치킨,20253,45.8,199,409,48.7,B
상도3동,편의점,20253,42.3,238,405,58.8,C
상도3동,한식,20253,49.0,228,421,54.2,C
상도4동,B2B 서비스,20253,69.4,32,368,8.7,A
상도4동,미용실,20253,44.7,171,419,40.8,B
상도4동,분식/간식,20253,35.5,370,415,89.2,D
상도4동,뷰티/화장품,20253,47.1,213,394,54.1,C
상도4동,생활용품 소매,20253,77.3,25,405,6.2,A
상도4동,수리/세탁,20253,65.0,171,382,44.8,B
상도4동,스포츠/레저,20253,45.5,223,395,56.5,C
상도4동,식품 소매,20253,30.0,388,422,91.9,D
상도4동,애완동물,20253,28.8,132,147,89.8,D
상도4동,예술학원,20253,50.9,125,378,33.1,B
상도4동,오락/유흥,20253,33.8,298,361,82.5,D
상도4동,의료/약국,20253,74.3,14,413,3.4,A
상도4동,의류/패션,20253,81.6,11,402,2.7,A
상도4동,일반학원,20253,45.4,232,397,58.4,C
상도4동,일식,20253,36.5,212,279,76.0,D
상도4동,전자/통신,20253,56.8,107,309,34.6,B
상도4동,주점,20253,62.1,61,398,15.3,A
상도4동,중식,20253,36.9,307,358,85.8,D
상도4동,카페,20253,22.2,411,419,98.1,D
상도4동,패스트푸드/치킨,20253,65.3,36,409,8.8,A
상도4동,편의점,20253,34.3,368,405,90.9,D
상도4동,한식,20253,36.5,340,421,80.8,D
흑석동,B2B 서비스,20253,83.9,3,368,0.8,A
흑석동,미용실,20253,47.4,145,419,34.6,B
흑석동,분식/간식,20253,67.1,29,415,7.0,A
흑석동,뷰티/화장품,20253,56.8,134,394,34.0,B
흑석동,생활용품 소매,20253,75.7,31,405,7.7,A
흑석동,수리/세탁,20253,49.7,259,382,67.8,C
흑석동,스포츠/레저,20253,51.8,146,395,37.0,B
흑석동,식품 소매,20253,64.6,66,422,15.6,A
흑석동,양식/기타외식,20253,71.1,9,241,3.7,A
흑석동,예술학원,20253,45.6,171,378,45.2,B
흑석동,오락/유흥,20253,71.5,12,361,3.3,A
흑석동,의료/약국,20253,61.1,98,413,23.7,A
흑석동,의류/패션,20253,67.9,123,402,30.6,B
흑석동,일반학원,20253,48.5,193,397,48.6,B
흑석동,일식,20253,66.0,17,279,6.1,A
흑석동,전자/통신,20253,29.5,243,309,78.6,D
흑석동,주점,20253,66.4,38,398,9.5,A
흑석동,중식,20253,63.5,35,358,9.8,A
흑석동,카페,20253,83.8,13,419,3.1,A
흑석동,패스트푸드/치킨,20253,71.0,18,409,4.4,A
흑석동,편의점,20253,60.4,31,405,7.7,A
흑석동,한식,20253,71.0,55,421,13.1,A
사당1동,B2B 서비스,20253,34.8,262,368,71.2,C
사당1동,미용실,20253,67.3,18,419,4.3,A
사당1동,분식/간식,20253,72.5,12,415,2.9,A
사당1동,뷰티/화장품,20253,33.2,308,394,78.2,D
사당1동,생활용품 소매,20253,45.5,237,405,58.5,C
사당1동,수리/세탁,20253,17.3,377,382,98.7,D
사당1동,숙박,20253,39.8,135,194,69.6,C
사당1동,스포츠/레저,20253,44.7,230,395,58.2,C
사당1동,식품 소매,20253,51.1,191,422,45.3,B
사당1동,애완동물,20253,32.0,124,147,84.4,D
사당1동,양식/기타외식,20253,54.9,92,241,38.2,B
사당1동,예술학원,20253,42.2,218,378,57.7,C
사당1동,오락/유흥,20253,53.8,120,361,33.2,B
사당1동,의료/약국,20253,48.8,250,413,60.5,C
사당1동,의류/패션,20253,78.1,33,402,8.2,A
사당1동,일반학원,20253,45.1,237,397,59.7,C
사당1동,일식,20253,56.5,58,279,20.8,A
사당1동,전자/통신,20253,68.0,60,309,19.4,A
사당1동,주점,20253,70.8,19,398,4.8,A
사당1동,중식,20253,57.7,90,358,25.1,B
사당1동,카페,20253,67.0,33,419,7.9,A
사당1동,패스트푸드/치킨,20253,47.6,173,409,42.3,B
사당1동,편의점,20253,45.3,185,405,45.7,B
사당1동,한식,20253,62.9,111,421,26.4,B
사당2동,B2B 서비스,20253,39.4,231,368,62.8,C
사당2동,미용실,20253,42.1,207,419,49.4,B
사당2동,분식/간식,20253,61.4,68,415,16.4,A
사당2동,뷰티/화장품,20253,73.2,48,394,12.2,A
사당2동,생활용품 소매,20253,76.5,26,405,6.4,A
사당2동,수리/세탁,20253,82.2,29,382,7.6,A
사당2동,숙박,20253,59.6,51,194,26.3,B
사당2동,스포츠/레저,20253,47.2,201,395,50.9,C
사당2동,식품 소매,20253,66.4,53,422,12.6,A
사당2동,애완동물,20253,49.5,63,147,42.9,B
사당2동,양식/기타외식,20253,28.1,227,241,94.2,D
사당2동,예술학원,20253,60.6,68,378,18.0,A
사당2동,오락/유흥,20253,43.8,225,361,62.3,C
사당2동,의료/약국,20253,28.7,383,413,92.7,D
사당2동,의류/패션,20253,63.2,163,402,40.5,B
사당2동,일반학원,20253,50.2,165,397,41.6,B
사당2동,일식,20253,32.5,231,279,82.8,D
사당2동,전자/통신,20253,44.8,164,309,53.1,C
사당2동,주점,20253,48.7,189,398,47.5,B
사당2동,중식,20253,47.2,208,358,58.1,C
사당2동,카페,20253,47.7,161,419,38.4,B
사당2동,패스트푸드/치킨,20253,55.3,94,409,23.0,A
사당2동,편의점,20253,39.6,287,405,70.9,C
사당2동,한식,20253,33.1,368,421,87.4,D
사당3동,B2B 서비스,20253,62.9,65,368,17.7,A
사당3동,미용실,20253,43.7,183,419,43.7,B
사당3동,분식/간식,20253,35.9,367,415,88.4,D
사당3동,뷰티/화장품,20253,32.7,311,394,78.9,D
사당3동,생활용품 소매,20253,47.0,226,405,55.8,C
사당3동,수리/세탁,20253,83.5,19,382,5.0,A
사당3동,스포츠/레저,20253,47.1,204,395,51.6,C
사당3동,식품 소매,20253,52.1,174,422,41.2,B
사당3동,양식/기타외식,20253,55.2,88,241,36.5,B
사당3동,예술학원,20253,30.3,331,378,87.6,D
사당3동,오락/유흥,20253,45.6,203,361,56.2,C
사당3동,의료/약국,20253,40.2,326,413,78.9,D
사당3동,의류/패션,20253,34.2,370,402,92.0,D
사당3동,일반학원,20253,41.4,273,397,68.8,C
사당3동,주점,20253,43.7,245,398,61.6,C
사당3동,카페,20253,45.4,187,419,44.6,B
사당3동,패스트푸드/치킨,20253,32.4,364,409,89.0,D
사당3동,편의점,20253,50.4,102,405,25.2,B
사당3동,한식,20253,47.3,240,421,57.0,C
사당4동,B2B 서비스,20253,32.5,279,368,75.8,D
사당4동,미용실,20253,29.2,374,419,89.3,D
사당4동,분식/간식,20253,60.3,81,415,19.5,A
사당4동,뷰티/화장품,20253,63.8,98,394,24.9,A
사당4동,생활용품 소매,20253,72.0,51,405,12.6,A
사당4동,수리/세탁,20253,71.0,115,382,30.1,B
사당4동,스포츠/레저,20253,57.5,96,395,24.3,A
사당4동,식품 소매,20253,42.4,286,422,67.8,C
사당4동,양식/기타외식,20253,57.2,74,241,30.7,B
사당4동,예술학원,20253,42.1,219,378,57.9,C
사당4동,오락/유흥,20253,31.1,314,361,87.0,D
사당4동,의료/약국,20253,51.5,221,413,53.5,C
사당4동,의류/패션,20253,50.9,272,402,67.7,C
사당4동,일반학원,20253,41.8,268,397,67.5,C
사당4동,일식,20253,60.5,37,279,13.3,A
사당4동,전자/통신,20253,36.7,218,309,70.6,C
사당4동,주점,20253,48.7,188,398,47.2,B
사당4동,중식,20253,34.3,325,358,90.8,D
사당4동,카페,20253,38.6,266,419,63.5,C
사당4동,패스트푸드/치킨,20253,38.3,293,409,71.6,C
사당4동,편의점,20253,39.7,285,405,70.4,C
사당4동,한식,20253,70.4,61,421,14.5,A
사당5동,B2B 서비스,20253,43.8,192,368,52.2,C
사당5동,미용실,20253,41.1,223,419,53.2,C
사당5동,분식/간식,20253,34.3,380,415,91.6,D
사당5동,생활용품 소매,20253,25.9,342,405,84.4,D
사당5동,수리/세탁,20253,72.0,108,382,28.3,B
사당5동,스포츠/레저,20253,43.5,244,395,61.8,C
사당5동,식품 소매,20253,58.2,114,422,27.0,B
사당5동,예술학원,20253,36.1,286,378,75.7,D
사당5동,의료/약국,20253,68.4,41,413,9.9,A
사당5동,의류/패션,20253,76.1,46,402,11.4,A
사당5동,일반학원,20253,50.5,161,397,40.6,B
사당5동,전자/통신,20253,91.6,5,309,1.6,A
사당5동,주점,20253,31.6,355,398,89.2,D
사당5동,카페,20253,29.1,369,419,88.1,D
사당5동,패스트푸드/치킨,20253,36.5,318,409,77.8,D
사당5동,한식,20253,46.4,250,421,59.4,C
대방동,B2B 서비스,20253,42.0,208,368,56.5,C
대방동,미용실,20253,51.3,104,419,24.8,A
대방동,분식/간식,20253,50.6,200,415,48.2,B
대방동,뷰티/화장품,20253,63.1,101,394,25.6,B
대방동,생활용품 소매,20253,42.1,263,405,64.9,C
대방동,수리/세탁,20253,66.3,149,382,39.0,B
대방동,숙박,20253,47.4,110,194,56.7,C
대방동,스포츠/레저,20253,36.8,321,395,81.3,D
대방동,식품 소매,20253,39.3,312,422,73.9,C
대방동,예술학원,20253,35.8,290,378,76.7,D
대방동,오락/유흥,20253,50.1,161,361,44.6,B
대방동,의료/약국,20253,38.4,341,413,82.6,D
대방동,의류/패션,20253,66.5,133,402,33.1,B
대방동,일반학원,20253,60.2,58,397,14.6,A
대방동,일식,20253,28.8,252,279,90.3,D
대방동,전자/통신,20253,63.4,82,309,26.5,B
대방동,주점,20253,32.3,350,398,87.9,D
대방동,중식,20253,43.9,245,358,68.4,C
대방동,카페,20253,48.0,156,419,37.2,B
대방동,패스트푸드/치킨,20253,54.4,101,409,24.7,A
대방동,편의점,20253,50.3,104,405,25.7,B
대방동,한식,20253,48.2,234,421,55.6,C
신대방1동,B2B 서비스,20253,20.7,345,368,93.8,D
신대방1동,미용실,20253,55.9,66,419,15.8,A
신대방1동,분식/간식,20253,58.2,97,415,23.4,A
신대방1동,뷰티/화장품,20253,24.3,366,394,92.9,D
신대방1동,수리/세탁,20253,43.6,289,382,75.7,D
신대방1동,숙박,20253,70.7,15,194,7.7,A
신대방1동,스포츠/레저,20253,57.5,95,395,24.1,A
신대방1동,식품 소매,20253,58.4,112,422,26.5,B
신대방1동,예술학원,20253,51.1,123,378,32.5,B
신대방1동,오락/유흥,20253,32.2,310,361,85.9,D
신대방1동,의료/약국,20253,58.2,133,413,32.2,B
신대방1동,의류/패션,20253,73.8,75,402,18.7,A
신대방1동,일반학원,20253,50.5,159,397,40.1,B
신대방1동,주점,20253,50.6,165,398,41.5,B
신대방1동,중식,20253,36.9,306,358,85.5,D
신대방1동,카페,20253,28.7,378,419,90.2,D
신대방1동,패스트푸드/치킨,20253,52.7,121,409,29.6,B
신대방1동,편의점,20253,55.2,65,405,16.0,A
신대방1동,한식,20253,46.7,245,421,58.2,C
신대방2동,B2B 서비스,20253,24.2,333,368,90.5,D
신대방2동,미용실,20253,51.7,101,419,24.1,A
신대방2동,분식/간식,20253,48.0,240,415,57.8,C
신대방2동,뷰티/화장품,20253,28.5,335,394,85.0,D
신대방2동,생활용품 소매,20253,36.3,299,405,73.8,C
신대방2동,수리/세탁,20253,37.4,327,382,85.6,D
신대방2동,숙박,20253,30.6,171,194,88.1,D
신대방2동,스포츠/레저,20253,38.4,297,395,75.2,D
신대방2동,식품 소매,20253,40.6,298,422,70.6,C
신대방2동,양식/기타외식,20253,41.2,181,241,75.1,D
신대방2동,예술학원,20253,54.2,105,378,27.8,B
신대방2동,오락/유흥,20253,49.6,170,361,47.1,B
신대방2동,의료/약국,20253,35.0,355,413,86.0,D
신대방2동,의류/패션,20253,52.2,261,402,64.9,C
신대방2동,일반학원,20253,53.2,124,397,31.2,B
신대방2동,일식,20253,50.7,95,279,34.1,B
신대방2동,전자/통신,20253,64.5,75,309,24.3,A
신대방2동,주점,20253,55.9,114,398,28.6,B
신대방2동,중식,20253,54.8,124,358,34.6,B
신대방2동,카페,20253,41.4,240,419,57.3,C
신대방2동,패스트푸드/치킨,20253,36.4,319,409,78.0,D
신대방2동,편의점,20253,46.1,173,405,42.7,B
신대방2동,한식,20253,50.5,213,421,50.6,C
보라매동,B2B 서비스,20253,20.0,347,368,94.3,D
보라매동,미용실,20253,34.1,317,419,75.7,D
보라매동,분식/간식,20253,41.1,325,415,78.3,D
보라매동,뷰티/화장품,20253,51.5,180,394,45.7,B
보라매동,생활용품 소매,20253,25.3,348,405,85.9,D
보라매동,수리/세탁,20253,59.1,209,382,54.7,C
보라매동,스포츠/레저,20253,69.8,34,395,8.6,A
보라매동,식품 소매,20253,43.6,268,422,63.5,C
보라매동,애완동물,20253,57.6,44,147,29.9,B
보라매동,양식/기타외식,20253,49.8,131,241,54.4,C
보라매동,예술학원,20253,68.2,28,378,7.4,A
보라매동,오락/유흥,20253,50.7,153,361,42.4,B
보라매동,의료/약국,20253,39.0,336,413,81.4,D
보라매동,의류/패션,20253,65.5,137,402,34.1,B
보라매동,일반학원,20253,38.3,308,397,77.6,D
보라매동,일식,20253,53.8,78,279,28.0,B
보라매동,주점,20253,55.4,118,398,29.6,B
보라매동,중식,20253,24.2,356,358,99.4,D
보라매동,카페,20253,43.2,215,419,51.3,C
보라매동,패스트푸드/치킨,20253,46.0,193,409,47.2,B
보라매동,편의점,20253,45.2,187,405,46.2,B
보라매동,한식,20253,56.4,160,421,38.0,B
청림동,미용실,20253,41.2,220,419,52.5,C
청림동,분식/간식,20253,67.9,27,415,6.5,A
청림동,뷰티/화장품,20253,57.0,131,394,33.2,B
청림동,수리/세탁,20253,73.5,99,382,25.9,B
청림동,스포츠/레저,20253,34.3,339,395,85.8,D
청림동,식품 소매,20253,41.8,289,422,68.5,C
청림동,예술학원,20253,35.0,297,378,78.6,D
청림동,오락/유흥,20253,41.9,245,361,67.9,C
청림동,의료/약국,20253,47.0,266,413,64.4,C
청림동,일반학원,20253,47.3,209,397,52.6,C
청림동,주점,20253,39.4,285,398,71.6,C
청림동,중식,20253,43.2,252,358,70.4,C
청림동,카페,20253,34.9,319,419,76.1,D
청림동,패스트푸드/치킨,20253,47.0,177,409,43.3,B
청림동,한식,20253,40.7,296,421,70.3,C
성현동,B2B 서비스,20253,22.6,338,368,91.8,D
성현동,미용실,20253,28.3,386,419,92.1,D
성현동,분식/간식,20253,49.5,213,415,51.3,C
성현동,뷰티/화장품,20253,24.5,364,394,92.4,D
성현동,생활용품 소매,20253,33.9,314,405,77.5,D
성현동,수리/세탁,20253,75.8,74,382,19.4,A
성현동,스포츠/레저,20253,38.8,290,395,73.4,C
성현동,식품 소매,20253,74.1,13,422,3.1,A
성현동,양식/기타외식,20253,50.0,129,241,53.5,C
성현동,예술학원,20253,47.2,157,378,41.5,B
성현동,오락/유흥,20253,30.8,316,361,87.5,D
성현동,의료/약국,20253,58.5,126,413,30.5,B
성현동,의류/패션,20253,71.8,95,402,23.6,A
성현동,일반학원,20253,21.5,393,397,99.0,D
성현동,전자/통신,20253,59.8,96,309,31.1,B
성현동,주점,20253,47.0,206,398,51.8,C
성현동,중식,20253,46.5,215,358,60.1,C
성현동,카페,20253,40.8,251,419,59.9,C
성현동,패스트푸드/치킨,20253,30.0,387,409,94.6,D
성현동,편의점,20253,48.1,135,405,33.3,B
성현동,한식,20253,45.3,258,421,61.3,C
행운동,B2B 서비스,20253,56.1,101,368,27.4,B
행운동,미용실,20253,43.3,191,419,45.6,B
행운동,분식/간식,20253,60.5,79,415,19.0,A
행운동,뷰티/화장품,20253,33.2,309,394,78.4,D
행운동,생활용품 소매,20253,44.3,251,405,62.0,C
행운동,수리/세탁,20253,74.2,91,382,23.8,A
행운동,숙박,20253,58.8,56,194,28.9,B
행운동,스포츠/레저,20253,42.1,261,395,66.1,C
행운동,식품 소매,20253,54.9,150,422,35.5,B
행운동,애완동물,20253,51.1,60,147,40.8,B
행운동,양식/기타외식,20253,44.5,161,241,66.8,C
행운동,예술학원,20253,45.8,168,378,44.4,B
행운동,오락/유흥,20253,27.5,335,361,92.8,D
행운동,의료/약국,20253,61.1,99,413,24.0,A
행운동,의류/패션,20253,78.3,31,402,7.7,A
행운동,일반학원,20253,43.8,247,397,62.2,C
행운동,일식,20253,65.0,19,279,6.8,A
행운동,전자/통신,20253,43.9,170,309,55.0,C
행운동,주점,20253,67.8,33,398,8.3,A
행운동,중식,20253,65.1,29,358,8.1,A
행운동,카페,20253,33.0,330,419,78.8,D
행운동,패스트푸드/치킨,20253,41.4,251,409,61.4,C
행운동,편의점,20253,53.4,82,405,20.2,A
행운동,한식,20253,39.5,306,421,72.7,C
낙성대동,B2B 서비스,20253,69.0,35,368,9.5,A
낙성대동,미용실,20253,26.7,401,419,95.7,D
낙성대동,분식/간식,20253,50.2,207,415,49.9,B
낙성대동,뷰티/화장품,20253,27.0,345,394,87.6,D
낙성대동,생활용품 소매,20253,34.1,313,405,77.3,D
낙성대동,수리/세탁,20253,44.4,284,382,74.3,C
낙성대동,숙박,20253,55.5,66,194,34.0,B
낙성대동,스포츠/레저,20253,63.5,54,395,13.7,A
낙성대동,식품 소매,20253,60.8,96,422,22.7,A
낙성대동,양식/기타외식,20253,50.3,125,241,51.9,C
낙성대동,예술학원,20253,42.7,212,378,56.1,C
낙성대동,오락/유흥,20253,39.8,262,361,72.6,C
낙성대동,의료/약국,20253,31.7,371,413,89.8,D
낙성대동,의류/패션,20253,67.2,128,402,31.8,B
낙성대동,일반학원,20253,46.8,216,397,54.4,C
낙성대동,일식,20253,41.9,163,279,58.4,C
낙성대동,전자/통신,20253,59.7,98,309,31.7,B
낙성대동,주점,20253,59.8,80,398,20.1,A
낙성대동,중식,20253,52.4,153,358,42.7,B
낙성대동,카페,20253,36.8,294,419,70.2,C
낙성대동,패스트푸드/치킨,20253,33.8,351,409,85.8,D
낙성대동,편의점,20253,39.1,295,405,72.8,C
낙성대동,한식,20253,64.0,103,421,24.5,A
청룡동,B2B 서비스,20253,58.2,82,368,22.3,A
청룡동,미용실,20253,35.5,305,419,72.8,C
청룡동,분식/간식,20253,53.8,162,415,39.0,B
청룡동,뷰티/화장품,20253,30.9,321,394,81.5,D
청룡동,생활용품 소매,20253,57.6,146,405,36.0,B
청룡동,수리/세탁,20253,35.2,340,382,89.0,D
청룡동,숙박,20253,41.6,130,194,67.0,C
청룡동,스포츠/레저,20253,39.7,281,395,71.1,C
청룡동,식품 소매,20253,46.1,244,422,57.8,C
청룡동,애완동물,20253,52.9,55,147,37.4,B
청룡동,양식/기타외식,20253,38.1,194,241,80.5,D
청룡동,예술학원,20253,51.7,119,378,31.5,B
청룡동,오락/유흥,20253,44.3,219,361,60.7,C
청룡동,의료/약국,20253,39.4,334,413,80.9,D
청룡동,의류/패션,20253,70.1,106,402,26.4,B
청룡동,일반학원,20253,46.8,215,397,54.2,C
청룡동,일식,20253,52.5,86,279,30.8,B
청룡동,전자/통신,20253,20.2,279,309,90.3,D
청룡동,주점,20253,52.3,146,398,36.7,B
청룡동,중식,20253,45.6,223,358,62.3,C
청룡동,카페,20253,45.8,183,419,43.7,B
청룡동,패스트푸드/치킨,20253,44.4,212,409,51.8,C
청룡동,편의점,20253,48.4,131,405,32.3,B
청룡동,한식,20253,53.6,182,421,43.2,B
은천동,B2B 서비스,20253,33.9,267,368,72.6,C
은천동,미용실,20253,29.6,369,419,88.1,D
은천동,분식/간식,20253,58.1,100,415,24.1,A
은천동,뷰티/화장품,20253,71.0,57,394,14.5,A
은천동,생활용품 소매,20253,52.7,183,405,45.2,B
은천동,수리/세탁,20253,65.5,162,382,42.4,B
은천동,스포츠/레저,20253,75.3,12,395,3.0,A
은천동,식품 소매,20253,44.1,262,422,62.1,C
은천동,애완동물,20253,85.6,3,147,2.0,A
은천동,예술학원,20253,43.3,199,378,52.6,C
은천동,오락/유흥,20253,55.5,108,361,29.9,B
은천동,의료/약국,20253,28.7,382,413,92.5,D
은천동,의류/패션,20253,25.0,392,402,97.5,D
은천동,일반학원,20253,52.0,137,397,34.5,B
은천동,일식,20253,65.0,20,279,7.2,A
은천동,전자/통신,20253,50.1,137,309,44.3,B
은천동,주점,20253,44.2,240,398,60.3,C
은천동,중식,20253,36.0,313,358,87.4,D
은천동,카페,20253,37.6,284,419,67.8,C
은천동,패스트푸드/치킨,20253,43.4,225,409,55.0,C
은천동,편의점,20253,45.0,193,405,47.7,B
은천동,한식,20253,39.3,309,421,73.4,C
중앙동,B2B 서비스,20253,39.5,229,368,62.2,C
중앙동,미용실,20253,26.2,404,419,96.4,D
중앙동,분식/간식,20253,41.5,320,415,77.1,D
중앙동,뷰티/화장품,20253,23.7,368,394,93.4,D
중앙동,생활용품 소매,20253,66.6,91,405,22.5,A
중앙동,수리/세탁,20253,51.0,252,382,66.0,C
중앙동,스포츠/레저,20253,44.4,236,395,59.7,C
중앙동,식품 소매,20253,45.9,249,422,59.0,C
중앙동,양식/기타외식,20253,18.7,241,241,100.0,D
중앙동,예술학원,20253,26.5,352,378,93.1,D
중앙동,오락/유흥,20253,62.3,60,361,16.6,A
중앙동,의료/약국,20253,54.3,187,413,45.3,B
중앙동,의류/패션,20253,60.5,192,402,47.8,B
중앙동,일반학원,20253,32.4,361,397,90.9,D
중앙동,일식,20253,42.3,157,279,56.3,C
중앙동,전자/통신,20253,26.1,252,309,81.6,D
중앙동,주점,20253,59.3,90,398,22.6,A
중앙동,중식,20253,51.1,171,358,47.8,B
중앙동,카페,20253,45.4,188,419,44.9,B
중앙동,패스트푸드/치킨,20253,39.5,280,409,68.5,C
중앙동,편의점,20253,44.4,201,405,49.6,B
중앙동,한식,20253,59.3,142,421,33.7,B
인헌동,B2B 서비스,20253,11.2,364,368,98.9,D
인헌동,미용실,20253,52.5,95,419,22.7,A
인헌동,분식/간식,20253,65.1,44,415,10.6,A
인헌동,뷰티/화장품,20253,68.0,77,394,19.5,A
인헌동,생활용품 소매,20253,55.2,161,405,39.8,B
인헌동,수리/세탁,20253,43.3,291,382,76.2,D
인헌동,스포츠/레저,20253,65.2,47,395,11.9,A
인헌동,식품 소매,20253,63.3,75,422,17.8,A
인헌동,애완동물,20253,49.2,64,147,43.5,B
인헌동,예술학원,20253,63.8,46,378,12.2,A
인헌동,오락/유흥,20253,43.3,232,361,64.3,C
인헌동,의료/약국,20253,60.1,113,413,27.4,B
인헌동,의류/패션,20253,64.2,153,402,38.1,B
인헌동,일반학원,20253,21.3,394,397,99.2,D
인헌동,일식,20253,61.8,28,279,10.0,A
인헌동,주점,20253,51.7,153,398,38.4,B
인헌동,중식,20253,61.9,49,358,13.7,A
인헌동,카페,20253,38.1,277,419,66.1,C
인헌동,패스트푸드/치킨,20253,41.2,253,409,61.9,C
인헌동,편의점,20253,40.0,277,405,68.4,C
인헌동,한식,20253,51.4,206,421,48.9,B
남현동,B2B 서비스,20253,36.1,253,368,68.8,C
남현동,미용실,20253,28.4,383,419,91.4,D
남현동,분식/간식,20253,40.2,336,415,81.0,D
남현동,뷰티/화장품,20253,36.4,294,394,74.6,C
남현동,생활용품 소매,20253,69.8,70,405,17.3,A
남현동,수리/세탁,20253,52.8,244,382,63.9,C
남현동,숙박,20253,37.2,150,194,77.3,D
남현동,스포츠/레저,20253,44.7,231,395,58.5,C
남현동,식품 소매,20253,36.7,334,422,79.1,D
남현동,예술학원,20253,48.2,145,378,38.4,B
남현동,오락/유흥,20253,52.3,134,361,37.1,B
남현동,의료/약국,20253,40.8,319,413,77.2,D
남현동,의류/패션,20253,56.4,228,402,56.7,C
남현동,일반학원,20253,47.6,204,397,51.4,C
남현동,일식,20253,34.8,219,279,78.5,D
남현동,주점,20253,46.1,216,398,54.3,C
남현동,중식,20253,44.5,236,358,65.9,C
남현동,카페,20253,36.2,298,419,71.1,C
남현동,패스트푸드/치킨,20253,47.8,170,409,41.6,B
남현동,편의점,20253,45.4,183,405,45.2,B
남현동,한식,20253,77.5,25,421,5.9,A
서원동,B2B 서비스,20253,40.2,222,368,60.3,C
서원동,미용실,20253,44.2,176,419,42.0,B
서원동,분식/간식,20253,30.4,401,415,96.6,D
서원동,뷰티/화장품,20253,25.2,358,394,90.9,D
서원동,생활용품 소매,20253,40.2,274,405,67.7,C
서원동,수리/세탁,20253,45.6,274,382,71.7,C
서원동,숙박,20253,50.3,95,194,49.0,B
서원동,스포츠/레저,20253,79.9,7,395,1.8,A
서원동,식품 소매,20253,34.8,349,422,82.7,D
서원동,양식/기타외식,20253,40.6,186,241,77.2,D
서원동,예술학원,20253,32.3,321,378,84.9,D
서원동,오락/유흥,20253,33.8,296,361,82.0,D
서원동,의료/약국,20253,42.8,300,413,72.6,C
서원동,의류/패션,20253,54.2,245,402,60.9,C
서원동,일반학원,20253,46.5,221,397,55.7,C
서원동,일식,20253,33.2,227,279,81.4,D
서원동,주점,20253,36.4,316,398,79.4,D
서원동,중식,20253,35.2,320,358,89.4,D
서원동,카페,20253,37.2,290,419,69.2,C
서원동,패스트푸드/치킨,20253,34.4,342,409,83.6,D
서원동,편의점,20253,48.1,136,405,33.6,B
서원동,한식,20253,41.3,290,421,68.9,C
신원동,B2B 서비스,20253,40.8,215,368,58.4,C
신원동,미용실,20253,51.8,99,419,23.6,A
신원동,분식/간식,20253,47.6,246,415,59.3,C
신원동,뷰티/화장품,20253,73.9,43,394,10.9,A
신원동,생활용품 소매,20253,52.5,185,405,45.7,B
신원동,수리/세탁,20253,28.4,362,382,94.8,D
신원동,스포츠/레저,20253,49.6,175,395,44.3,B
신원동,식품 소매,20253,44.8,258,422,61.1,C
신원동,애완동물,20253,50.8,61,147,41.5,B
신원동,예술학원,20253,43.0,204,378,54.0,C
신원동,오락/유흥,20253,60.8,68,361,18.8,A
신원동,의료/약국,20253,53.8,195,413,47.2,B
신원동,의류/패션,20253,62.1,175,402,43.5,B
신원동,일반학원,20253,47.4,206,397,51.9,C
신원동,일식,20253,32.3,232,279,83.2,D
신원동,주점,20253,45.7,217,398,54.5,C
신원동,중식,20253,67.5,21,358,5.9,A
신원동,카페,20253,25.5,392,419,93.6,D
신원동,패스트푸드/치킨,20253,50.5,139,409,34.0,B
신원동,편의점,20253,45.6,179,405,44.2,B
신원동,한식,20253,38.3,320,421,76.0,D
서림동,B2B 서비스,20253,55.9,103,368,28.0,B
서림동,미용실,20253,35.8,298,419,71.1,C
서림동,분식/간식,20253,55.5,136,415,32.8,B
서림동,생활용품 소매,20253,58.8,137,405,33.8,B
서림동,수리/세탁,20253,61.9,192,382,50.3,C
서림동,스포츠/레저,20253,47.4,197,395,49.9,B
서림동,식품 소매,20253,27.5,401,422,95.0,D
서림동,예술학원,20253,27.2,348,378,92.1,D
서림동,오락/유흥,20253,34.9,288,361,79.8,D
서림동,의료/약국,20253,73.6,16,413,3.9,A
서림동,의류/패션,20253,53.3,252,402,62.7,C
서림동,일반학원,20253,22.5,391,397,98.5,D
서림동,일식,20253,28.9,251,279,90.0,D
서림동,전자/통신,20253,47.6,149,309,48.2,B
서림동,주점,20253,25.9,374,398,94.0,D
서림동,중식,20253,44.8,233,358,65.1,C
서림동,카페,20253,29.0,373,419,89.0,D
서림동,패스트푸드/치킨,20253,51.4,132,409,32.3,B
서림동,편의점,20253,39.9,279,405,68.9,C
서림동,한식,20253,34.5,359,421,85.3,D
신사동,B2B 서비스,20253,36.1,254,368,69.0,C
신사동,미용실,20253,45.6,167,419,39.9,B
신사동,분식/간식,20253,41.6,319,415,76.9,D
신사동,뷰티/화장품,20253,47.9,203,394,51.5,C
신사동,생활용품 소매,20253,58.9,135,405,33.3,B
신사동,수리/세탁,20253,69.4,129,382,33.8,B
신사동,스포츠/레저,20253,69.2,35,395,8.9,A
신사동,식품 소매,20253,44.2,260,422,61.6,C
신사동,애완동물,20253,36.3,113,147,76.9,D
신사동,예술학원,20253,57.3,85,378,22.5,A
신사동,오락/유흥,20253,51.0,150,361,41.6,B
신사동,의료/약국,20253,56.6,151,413,36.6,B
신사동,의류/패션,20253,75.8,50,402,12.4,A
신사동,일반학원,20253,47.5,205,397,51.6,C
신사동,일식,20253,54.9,73,279,26.2,B
신사동,전자/통신,20253,45.1,162,309,52.4,C
신사동,주점,20253,41.1,269,398,67.6,C
신사동,중식,20253,59.1,74,358,20.7,A
신사동,카페,20253,57.3,73,419,17.4,A
신사동,패스트푸드/치킨,20253,37.9,301,409,73.6,C
신사동,편의점,20253,45.3,186,405,45.9,B
신사동,한식,20253,60.2,134,421,31.8,B
신림동,B2B 서비스,20253,24.5,326,368,88.6,D
신림동,미용실,20253,28.2,388,419,92.6,D
신림동,분식/간식,20253,41.9,310,415,74.7,C
신림동,뷰티/화장품,20253,22.1,373,394,94.7,D
신림동,생활용품 소매,20253,81.7,9,405,2.2,A
신림동,수리/세탁,20253,32.7,350,382,91.6,D
신림동,숙박,20253,64.9,36,194,18.6,A
신림동,스포츠/레저,20253,61.5,71,395,18.0,A
신림동,식품 소매,20253,35.1,345,422,81.8,D
신림동,애완동물,20253,66.2,26,147,17.7,A
신림동,양식/기타외식,20253,50.6,122,241,50.6,C
신림동,예술학원,20253,72.7,22,378,5.8,A
신림동,오락/유흥,20253,57.8,90,361,24.9,A
신림동,의료/약국,20253,54.1,192,413,46.5,B
신림동,의류/패션,20253,61.8,180,402,44.8,B
신림동,일식,20253,28.7,253,279,90.7,D
신림동,전자/통신,20253,53.2,126,309,40.8,B
신림동,주점,20253,62.3,58,398,14.6,A
신림동,중식,20253,41.3,273,358,76.3,D
신림동,카페,20253,32.2,340,419,81.1,D
신림동,패스트푸드/치킨,20253,51.5,131,409,32.0,B
신림동,편의점,20253,30.7,392,405,96.8,D
신림동,한식,20253,45.0,259,421,61.5,C
난향동,미용실,20253,51.6,103,419,24.6,A
난향동,분식/간식,20253,70.6,20,415,4.8,A
난향동,수리/세탁,20253,72.6,105,382,27.5,B
난향동,스포츠/레저,20253,47.3,200,395,50.6,C
난향동,식품 소매,20253,47.6,227,422,53.8,C
난향동,예술학원,20253,55.3,97,378,25.7,B
난향동,의료/약국,20253,43.2,294,413,71.2,C
난향동,의류/패션,20253,66.0,135,402,33.6,B
난향동,일반학원,20253,45.7,229,397,57.7,C
난향동,주점,20253,35.2,327,398,82.2,D
난향동,카페,20253,34.9,320,419,76.4,D
난향동,패스트푸드/치킨,20253,38.1,296,409,72.4,C
난향동,한식,20253,36.6,339,421,80.5,D
조원동,B2B 서비스,20253,36.6,249,368,67.7,C
조원동,미용실,20253,35.2,308,419,73.5,C
조원동,분식/간식,20253,44.8,278,415,67.0,C
조원동,뷰티/화장품,20253,56.9,132,394,33.5,B
조원동,생활용품 소매,20253,70.2,66,405,16.3,A
조원동,수리/세탁,20253,80.0,43,382,11.3,A
조원동,숙박,20253,45.7,117,194,60.3,C
조원동,스포츠/레저,20253,45.7,220,395,55.7,C
조원동,식품 소매,20253,59.4,106,422,25.1,B
조원동,양식/기타외식,20253,58.7,66,241,27.4,B
조원동,예술학원,20253,37.7,267,378,70.6,C
조원동,오락/유흥,20253,53.5,124,361,34.3,B
조원동,의료/약국,20253,53.3,201,413,48.7,B
조원동,의류/패션,20253,79.9,21,402,5.2,A
조원동,일반학원,20253,43.7,248,397,62.5,C
조원동,일식,20253,28.3,254,279,91.0,D
조원동,전자/통신,20253,34.7,225,309,72.8,C
조원동,주점,20253,61.2,66,398,16.6,A
조원동,중식,20253,66.9,24,358,6.7,A
조원동,카페,20253,40.2,255,419,60.9,C
조원동,패스트푸드/치킨,20253,50.4,141,409,34.5,B
조원동,편의점,20253,43.6,216,405,53.3,C
조원동,한식,20253,45.8,256,421,60.8,C
대학동,B2B 서비스,20253,61.2,71,368,19.3,A
대학동,미용실,20253,48.1,138,419,32.9,B
대학동,분식/간식,20253,44.6,279,415,67.2,C
대학동,뷰티/화장품,20253,38.8,277,394,70.3,C
대학동,생활용품 소매,20253,63.8,108,405,26.7,B
대학동,수리/세탁,20253,51.8,249,382,65.2,C
대학동,숙박,20253,67.9,22,194,11.3,A
대학동,스포츠/레저,20253,51.3,153,395,38.7,B
대학동,식품 소매,20253,51.5,188,422,44.5,B
대학동,양식/기타외식,20253,30.9,218,241,90.5,D
대학동,예술학원,20253,73.0,17,378,4.5,A
대학동,오락/유흥,20253,44.6,216,361,59.8,C
대학동,의료/약국,20253,30.2,378,413,91.5,D
대학동,의류/패션,20253,75.3,56,402,13.9,A
대학동,일반학원,20253,33.3,355,397,89.4,D
대학동,일식,20253,67.8,15,279,5.4,A
대학동,주점,20253,13.8,397,398,99.7,D
대학동,중식,20253,44.8,232,358,64.8,C
대학동,카페,20253,26.6,389,419,92.8,D
대학동,패스트푸드/치킨,20253,52.0,129,409,31.5,B
대학동,편의점,20253,42.0,244,405,60.2,C
대학동,한식,20253,57.0,157,421,37.3,B
삼성동,B2B 서비스,20253,44.9,184,368,50.0,B
삼성동,미용실,20253,62.9,32,419,7.6,A
삼성동,분식/간식,20253,71.4,15,415,3.6,A
삼성동,뷰티/화장품,20253,44.6,237,394,60.2,C
삼성동,생활용품 소매,20253,31.7,317,405,78.3,D
삼성동,수리/세탁,20253,9.2,382,382,100.0,D
삼성동,숙박,20253,41.4,131,194,67.5,C
삼성동,스포츠/레저,20253,34.2,343,395,86.8,D
삼성동,식품 소매,20253,51.9,179,422,42.4,B
삼성동,예술학원,20253,65.1,39,378,10.3,A
삼성동,의료/약국,20253,49.0,248,413,60.0,C
삼성동,의류/패션,20253,52.0,262,402,65.2,C
삼성동,일반학원,20253,54.8,108,397,27.2,B
삼성동,전자/통신,20253,24.1,258,309,83.5,D
삼성동,주점,20253,18.4,395,398,99.2,D
삼성동,중식,20253,51.2,168,358,46.9,B
삼성동,카페,20253,65.5,42,419,10.0,A
삼성동,패스트푸드/치킨,20253,48.1,166,409,40.6,B
삼성동,한식,20253,52.3,197,421,46.8,B
미성동,B2B 서비스,20253,37.5,241,368,65.5,C
미성동,미용실,20253,27.5,395,419,94.3,D
미성동,분식/간식,20253,55.7,134,415,32.3,B
미성동,뷰티/화장품,20253,52.0,174,394,44.2,B
미성동,생활용품 소매,20253,74.6,38,405,9.4,A
미성동,수리/세탁,20253,68.8,132,382,34.6,B
미성동,스포츠/레저,20253,38.2,300,395,75.9,D
미성동,식품 소매,20253,57.7,122,422,28.9,B
미성동,애완동물,20253,36.4,112,147,76.2,D
미성동,양식/기타외식,20253,47.8,142,241,58.9,C
미성동,예술학원,20253,43.9,194,378,51.3,C
미성동,오락/유흥,20253,60.7,70,361,19.4,A
미성동,의료/약국,20253,73.2,18,413,4.4,A
미성동,의류/패션,20253,57.5,217,402,54.0,C
미성동,일반학원,20253,46.5,219,397,55.2,C
미성동,전자/통신,20253,43.5,172,309,55.7,C
미성동,주점,20253,53.1,140,398,35.2,B
미성동,중식,20253,57.8,87,358,24.3,A
미성동,카페,20253,44.0,207,419,49.4,B
미성동,패스트푸드/치킨,20253,53.9,108,409,26.4,B
미성동,편의점,20253,45.2,188,405,46.4,B
미성동,한식,20253,60.1,137,421,32.5,B
난곡동,B2B 서비스,20253,21.0,343,368,93.2,D
난곡동,미용실,20253,34.0,318,419,75.9,D
난곡동,분식/간식,20253,53.8,161,415,38.8,B
난곡동,뷰티/화장품,20253,59.4,121,394,30.7,B
난곡동,생활용품 소매,20253,13.1,401,405,99.0,D
난곡동,수리/세탁,20253,77.0,65,382,17.0,A
난곡동,스포츠/레저,20253,40.9,268,395,67.8,C
난곡동,식품 소매,20253,39.5,309,422,73.2,C
난곡동,예술학원,20253,37.7,266,378,70.4,C
난곡동,오락/유흥,20253,46.9,185,361,51.2,C
난곡동,의료/약국,20253,47.0,265,413,64.2,C
난곡동,의류/패션,20253,76.3,44,402,10.9,A
난곡동,일반학원,20253,35.0,343,397,86.4,D
난곡동,전자/통신,20253,41.1,185,309,59.9,C
난곡동,주점,20253,59.9,79,398,19.8,A
난곡동,카페,20253,30.0,358,419,85.4,D
난곡동,패스트푸드/치킨,20253,34.4,341,409,83.4,D
난곡동,편의점,20253,46.7,164,405,40.5,B
난곡동,한식,20253,32.1,372,421,88.4,D
서초1동,B2B 서비스,20253,35.6,256,368,69.6,C
서초1동,미용실,20253,34.5,313,419,74.7,C
서초1동,분식/간식,20253,55.7,131,415,31.6,B
서초1동,뷰티/화장품,20253,70.8,60,394,15.2,A
서초1동,생활용품 소매,20253,86.1,5,405,1.2,A
서초1동,수리/세탁,20253,66.0,152,382,39.8,B
서초1동,스포츠/레저,20253,50.1,170,395,43.0,B
서초1동,식품 소매,20253,42.9,279,422,66.1,C
서초1동,양식/기타외식,20253,58.8,64,241,26.6,B
서초1동,예술학원,20253,38.4,257,378,68.0,C
서초1동,오락/유흥,20253,27.5,336,361,93.1,D
서초1동,의료/약국,20253,45.9,272,413,65.9,C
서초1동,의류/패션,20253,62.4,172,402,42.8,B
서초1동,일반학원,20253,46.0,226,397,56.9,C
서초1동,일식,20253,60.6,35,279,12.5,A
서초1동,전자/통신,20253,56.6,109,309,35.3,B
서초1동,주점,20253,36.6,312,398,78.4,D
서초1동,중식,20253,72.4,10,358,2.8,A
서초1동,카페,20253,41.1,247,419,58.9,C
서초1동,패스트푸드/치킨,20253,46.7,182,409,44.5,B
서초1동,편의점,20253,42.6,231,405,57.0,C
서초1동,한식,20253,61.7,126,421,29.9,B
서초2동,B2B 서비스,20253,68.1,37,368,10.1,A
서초2동,미용실,20253,48.0,140,419,33.4,B
서초2동,분식/간식,20253,45.4,266,415,64.1,C
서초2동,뷰티/화장품,20253,28.4,336,394,85.3,D
서초2동,생활용품 소매,20253,21.5,368,405,90.9,D
서초2동,수리/세탁,20253,44.9,280,382,73.3,C
서초2동,숙박,20253,55.0,69,194,35.6,B
서초2동,스포츠/레저,20253,63.1,57,395,14.4,A
서초2동,식품 소매,20253,34.0,358,422,84.8,D
서초2동,양식/기타외식,20253,53.3,106,241,44.0,B
서초2동,예술학원,20253,34.0,308,378,81.5,D
서초2동,오락/유흥,20253,46.7,188,361,52.1,C
서초2동,의료/약국,20253,25.0,397,413,96.1,D
서초2동,의류/패션,20253,61.8,179,402,44.5,B
서초2동,일반학원,20253,40.0,287,397,72.3,C
서초2동,일식,20253,39.3,192,279,68.8,C
서초2동,전자/통신,20253,37.4,214,309,69.3,C
서초2동,주점,20253,20.9,391,398,98.2,D
서초2동,중식,20253,80.4,2,358,0.6,A
서초2동,카페,20253,34.5,323,419,77.1,D
서초2동,패스트푸드/치킨,20253,49.8,147,409,35.9,B
서초2동,편의점,20253,41.6,250,405,61.7,C
서초2동,한식,20253,78.1,22,421,5.2,A
서초3동,B2B 서비스,20253,62.3,67,368,18.2,A
서초3동,미용실,20253,29.2,375,419,89.5,D
서초3동,분식/간식,20253,43.8,290,415,69.9,C
서초3동,뷰티/화장품,20253,85.4,3,394,0.8,A
서초3동,생활용품 소매,20253,12.0,403,405,99.5,D
서초3동,수리/세탁,20253,37.8,325,382,85.1,D
서초3동,숙박,20253,59.5,52,194,26.8,B
서초3동,스포츠/레저,20253,46.2,214,395,54.2,C
서초3동,식품 소매,20253,32.2,372,422,88.2,D
서초3동,애완동물,20253,34.5,117,147,79.6,D
서초3동,양식/기타외식,20253,61.3,44,241,18.3,A
서초3동,예술학원,20253,52.0,115,378,30.4,B
서초3동,오락/유흥,20253,72.7,9,361,2.5,A
서초3동,의료/약국,20253,46.6,268,413,64.9,C
서초3동,의류/패션,20253,67.4,126,402,31.3,B
서초3동,일반학원,20253,24.3,388,397,97.7,D
서초3동,일식,20253,29.6,249,279,89.2,D
서초3동,전자/통신,20253,65.3,73,309,23.6,A
서초3동,주점,20253,50.0,172,398,43.2,B
서초3동,중식,20253,38.5,288,358,80.4,D
서초3동,카페,20253,47.8,159,419,37.9,B
서초3동,패스트푸드/치킨,20253,55.7,92,409,22.5,A
서초3동,편의점,20253,54.1,73,405,18.0,A
서초3동,한식,20253,77.1,26,421,6.2,A
서초4동,미용실,20253,32.9,326,419,77.8,D
서초4동,분식/간식,20253,35.8,369,415,88.9,D
서초4동,뷰티/화장품,20253,54.1,155,394,39.3,B
서초4동,생활용품 소매,20253,45.1,242,405,59.8,C
서초4동,수리/세탁,20253,62.8,184,382,48.2,B
서초4동,스포츠/레저,20253,63.0,58,395,14.7,A
서초4동,식품 소매,20253,31.5,377,422,89.3,D
서초4동,양식/기타외식,20253,43.3,171,241,71.0,C
서초4동,예술학원,20253,55.2,99,378,26.2,B
서초4동,오락/유흥,20253,42.4,242,361,67.0,C
서초4동,의료/약국,20253,60.6,104,413,25.2,B
서초4동,의류/패션,20253,42.9,321,402,79.9,D
서초4동,일반학원,20253,38.3,309,397,77.8,D
서초4동,일식,20253,35.8,216,279,77.4,D
서초4동,전자/통신,20253,53.6,124,309,40.1,B
서초4동,주점,20253,64.5,47,398,11.8,A
서초4동,중식,20253,60.9,58,358,16.2,A
서초4동,카페,20253,48.4,149,419,35.6,B
서초4동,패스트푸드/치킨,20253,38.3,294,409,71.9,C
서초4동,편의점,20253,43.8,213,405,52.6,C
서초4동,한식,20253,57.8,152,421,36.1,B
잠원동,B2B 서비스,20253,49.6,142,368,38.6,B
잠원동,미용실,20253,54.2,82,419,19.6,A
잠원동,분식/간식,20253,55.4,141,415,34.0,B
잠원동,뷰티/화장품,20253,27.1,344,394,87.3,D
잠원동,생활용품 소매,20253,25.5,346,405,85.4,D
잠원동,수리/세탁,20253,46.8,271,382,70.9,C
잠원동,숙박,20253,50.8,93,194,47.9,B
잠원동,스포츠/레저,20253,51.1,159,395,40.3,B
잠원동,식품 소매,20253,32.5,371,422,87.9,D
잠원동,애완동물,20253,19.7,145,147,98.6,D
잠원동,양식/기타외식,20253,58.2,69,241,28.6,B
잠원동,예술학원,20253,34.1,307,378,81.2,D
잠원동,오락/유흥,20253,19.4,359,361,99.4,D
잠원동,의료/약국,20253,56.3,153,413,37.0,B
잠원동,의류/패션,20253,81.2,13,402,3.2,A
잠원동,일반학원,20253,48.7,189,397,47.6,B
잠원동,일식,20253,60.3,38,279,13.6,A
잠원동,전자/통신,20253,68.0,62,309,20.1,A
잠원동,주점,20253,61.1,68,398,17.1,A
잠원동,중식,20253,53.5,138,358,38.5,B
잠원동,카페,20253,47.9,158,419,37.7,B
잠원동,패스트푸드/치킨,20253,53.7,112,409,27.4,B
잠원동,편의점,20253,54.6,71,405,17.5,A
잠원동,한식,20253,66.9,82,421,19.5,A
반포본동,미용실,20253,53.3,91,419,21.7,A
반포본동,분식/간식,20253,50.2,208,415,50.1,C
반포본동,뷰티/화장품,20253,43.8,241,394,61.2,C
반포본동,생활용품 소매,20253,81.4,10,405,2.5,A
반포본동,수리/세탁,20253,39.3,320,382,83.8,D
반포본동,식품 소매,20253,60.8,98,422,23.2,A
반포본동,의류/패션,20253,73.8,74,402,18.4,A
반포본동,일반학원,20253,48.9,183,397,46.1,B
반포본동,카페,20253,41.5,239,419,57.0,C
반포1동,B2B 서비스,20253,73.2,20,368,5.4,A
반포1동,미용실,20253,50.7,111,419,26.5,B
반포1동,분식/간식,20253,41.8,313,415,75.4,D
반포1동,뷰티/화장품,20253,50.7,186,394,47.2,B
반포1동,생활용품 소매,20253,66.3,92,405,22.7,A
반포1동,수리/세탁,20253,42.0,302,382,79.1,D
반포1동,숙박,20253,47.5,109,194,56.2,C
반포1동,스포츠/레저,20253,62.3,62,395,15.7,A
반포1동,식품 소매,20253,43.0,276,422,65.4,C
반포1동,애완동물,20253,46.7,78,147,53.1,C
반포1동,양식/기타외식,20253,59.2,58,241,24.1,A
반포1동,예술학원,20253,41.9,220,378,58.2,C
반포1동,오락/유흥,20253,51.4,147,361,40.7,B
반포1동,의료/약국,20253,58.9,123,413,29.8,B
반포1동,의류/패션,20253,27.0,388,402,96.5,D
반포1동,일반학원,20253,39.1,296,397,74.6,C
반포1동,일식,20253,40.6,179,279,64.2,C
반포1동,전자/통신,20253,49.2,142,309,46.0,B
반포1동,주점,20253,62.5,56,398,14.1,A
반포1동,중식,20253,49.1,191,358,53.4,C
반포1동,카페,20253,47.4,165,419,39.4,B
반포1동,패스트푸드/치킨,20253,36.9,313,409,76.5,D
반포1동,편의점,20253,54.2,72,405,17.8,A
반포1동,한식,20253,76.2,29,421,6.9,A
반포2동,미용실,20253,55.7,69,419,16.5,A
반포2동,분식/간식,20253,55.3,142,415,34.2,B
반포2동,뷰티/화장품,20253,51.1,183,394,46.4,B
반포2동,생활용품 소매,20253,66.1,94,405,23.2,A
반포2동,수리/세탁,20253,44.4,283,382,74.1,C
반포2동,스포츠/레저,20253,34.7,336,395,85.1,D
반포2동,식품 소매,20253,50.3,200,422,47.4,B
반포2동,예술학원,20253,28.4,344,378,91.0,D
반포2동,의료/약국,20253,33.2,364,413,88.1,D
반포2동,의류/패션,20253,61.3,186,402,46.3,B
반포2동,일반학원,20253,73.0,15,397,3.8,A
반포2동,전자/통신,20253,15.6,293,309,94.8,D
반포2동,카페,20253,42.3,228,419,54.4,C
반포2동,패스트푸드/치킨,20253,40.2,268,409,65.5,C
반포2동,편의점,20253,46.3,168,405,41.5,B
반포2동,한식,20253,62.9,110,421,26.1,B
반포3동,B2B 서비스,20253,53.8,116,368,31.5,B
반포3동,미용실,20253,35.2,309,419,73.7,C
반포3동,분식/간식,20253,29.9,405,415,97.6,D
반포3동,뷰티/화장품,20253,39.7,270,394,68.5,C
반포3동,생활용품 소매,20253,35.9,302,405,74.6,C
반포3동,수리/세탁,20253,36.6,333,382,87.2,D
반포3동,스포츠/레저,20253,72.2,24,395,6.1,A
반포3동,식품 소매,20253,57.9,117,422,27.7,B
반포3동,양식/기타외식,20253,34.4,206,241,85.5,D
반포3동,예술학원,20253,34.9,298,378,78.8,D
반포3동,오락/유흥,20253,52.9,128,361,35.5,B
반포3동,의료/약국,20253,57.8,137,413,33.2,B
반포3동,의류/패션,20253,27.6,386,402,96.0,D
반포3동,일반학원,20253,50.1,166,397,41.8,B
반포3동,일식,20253,33.1,228,279,81.7,D
반포3동,전자/통신,20253,38.8,203,309,65.7,C
반포3동,주점,20253,32.8,347,398,87.2,D
반포3동,중식,20253,53.5,139,358,38.8,B
반포3동,카페,20253,26.2,391,419,93.3,D
반포3동,패스트푸드/치킨,20253,39.1,286,409,69.9,C
반포3동,편의점,20253,38.3,312,405,77.0,D
반포3동,한식,20253,35.1,354,421,84.1,D
반포4동,B2B 서비스,20253,46.5,170,368,46.2,B
반포4동,미용실,20253,49.9,124,419,29.6,B
반포4동,분식/간식,20253,63.8,53,415,12.8,A
반포4동,뷰티/화장품,20253,36.7,293,394,74.4,C
반포4동,생활용품 소매,20253,51.1,194,405,47.9,B
반포4동,수리/세탁,20253,55.0,232,382,60.7,C
반포4동,숙박,20253,50.4,94,194,48.5,B
반포4동,스포츠/레저,20253,60.1,77,395,19.5,A
반포4동,식품 소매,20253,51.5,186,422,44.1,B
반포4동,양식/기타외식,20253,63.1,39,241,16.2,A
반포4동,예술학원,20253,32.3,320,378,84.7,D
반포4동,오락/유흥,20253,39.1,265,361,73.4,C
반포4동,의료/약국,20253,65.9,60,413,14.5,A
반포4동,의류/패션,20253,68.0,122,402,30.3,B
반포4동,일반학원,20253,76.7,9,397,2.3,A
반포4동,일식,20253,29.7,247,279,88.5,D
반포4동,전자/통신,20253,47.5,150,309,48.5,B
반포4동,주점,20253,44.6,237,398,59.5,C
반포4동,중식,20253,54.9,123,358,34.4,B
반포4동,카페,20253,55.5,88,419,21.0,A
반포4동,패스트푸드/치킨,20253,51.1,136,409,33.3,B
반포4동,편의점,20253,39.5,288,405,71.1,C
반포4동,한식,20253,70.4,62,421,14.7,A
방배본동,B2B 서비스,20253,31.0,286,368,77.7,D
방배본동,미용실,20253,28.8,378,419,90.2,D
방배본동,분식/간식,20253,53.5,167,415,40.2,B
방배본동,뷰티/화장품,20253,62.6,108,394,27.4,B
방배본동,생활용품 소매,20253,48.3,215,405,53.1,C
방배본동,수리/세탁,20253,55.3,228,382,59.7,C
방배본동,숙박,20253,62.8,42,194,21.6,A
방배본동,스포츠/레저,20253,49.0,179,395,45.3,B
방배본동,식품 소매,20253,31.8,374,422,88.6,D
방배본동,양식/기타외식,20253,59.0,60,241,24.9,A
방배본동,예술학원,20253,50.6,128,378,33.9,B
방배본동,오락/유흥,20253,61.9,62,361,17.2,A
방배본동,의료/약국,20253,59.3,121,413,29.3,B
방배본동,의류/패션,20253,49.1,285,402,70.9,C
방배본동,일반학원,20253,53.7,122,397,30.7,B
방배본동,일식,20253,43.8,146,279,52.3,C
방배본동,전자/통신,20253,35.5,221,309,71.5,C
방배본동,주점,20253,57.3,98,398,24.6,A
방배본동,중식,20253,54.0,133,358,37.2,B
방배본동,카페,20253,41.6,236,419,56.3,C
방배본동,패스트푸드/치킨,20253,31.5,376,409,91.9,D
방배본동,편의점,20253,36.3,336,405,83.0,D
방배본동,한식,20253,35.1,353,421,83.8,D
방배1동,B2B 서비스,20253,80.2,6,368,1.6,A
방배1동,미용실,20253,41.5,213,419,50.8,C
방배1동,분식/간식,20253,58.0,102,415,24.6,A
방배1동,뷰티/화장품,20253,26.3,351,394,89.1,D
방배1동,생활용품 소매,20253,9.5,405,405,100.0,D
방배1동,수리/세탁,20253,41.3,306,382,80.1,D
방배1동,숙박,20253,31.1,170,194,87.6,D
방배1동,스포츠/레저,20253,53.7,129,395,32.7,B
방배1동,식품 소매,20253,51.7,182,422,43.1,B
방배1동,양식/기타외식,20253,57.3,73,241,30.3,B
방배1동,예술학원,20253,26.2,353,378,93.4,D
방배1동,오락/유흥,20253,44.7,212,361,58.7,C
방배1동,의료/약국,20253,51.3,225,413,54.5,C
방배1동,의류/패션,20253,41.0,337,402,83.8,D
방배1동,일반학원,20253,44.3,241,397,60.7,C
방배1동,일식,20253,55.6,67,279,24.0,A
방배1동,전자/통신,20253,19.1,284,309,91.9,D
방배1동,주점,20253,57.1,99,398,24.9,A
방배1동,중식,20253,51.9,161,358,45.0,B
방배1동,카페,20253,56.6,78,419,18.6,A
방배1동,패스트푸드/치킨,20253,50.0,145,409,35.5,B
방배1동,편의점,20253,47.3,150,405,37.0,B
방배1동,한식,20253,58.6,147,421,34.9,B
방배2동,B2B 서비스,20253,42.0,207,368,56.2,C
방배2동,미용실,20253,29.1,376,419,89.7,D
방배2동,분식/간식,20253,34.4,378,415,91.1,D
방배2동,뷰티/화장품,20253,17.3,390,394,99.0,D
방배2동,생활용품 소매,20253,37.9,288,405,71.1,C
방배2동,수리/세탁,20253,39.5,319,382,83.5,D
방배2동,스포츠/레저,20253,45.2,226,395,57.2,C
방배2동,식품 소매,20253,29.9,390,422,92.4,D
방배2동,애완동물,20253,30.9,127,147,86.4,D
방배2동,양식/기타외식,20253,35.6,201,241,83.4,D
방배2동,예술학원,20253,44.9,180,378,47.6,B
방배2동,오락/유흥,20253,35.4,285,361,78.9,D
방배2동,의료/약국,20253,66.8,51,413,12.3,A
방배2동,의류/패션,20253,63.3,162,402,40.3,B
방배2동,일반학원,20253,49.8,169,397,42.6,B
방배2동,일식,20253,40.6,178,279,63.8,C
방배2동,전자/통신,20253,34.1,226,309,73.1,C
방배2동,주점,20253,45.4,223,398,56.0,C
방배2동,중식,20253,51.1,170,358,47.5,B
방배2동,카페,20253,55.7,86,419,20.5,A
방배2동,패스트푸드/치킨,20253,46.4,188,409,46.0,B
방배2동,편의점,20253,41.0,255,405,63.0,C
방배2동,한식,20253,67.6,80,421,19.0,A
방배3동,B2B 서비스,20253,54.6,111,368,30.2,B
방배3동,미용실,20253,55.4,74,419,17.7,A
방배3동,분식/간식,20253,38.3,351,415,84.6,D
방배3동,뷰티/화장품,20253,80.6,10,394,2.5,A
방배3동,생활용품 소매,20253,54.1,171,405,42.2,B
방배3동,수리/세탁,20253,83.7,18,382,4.7,A
방배3동,스포츠/레저,20253,31.3,361,395,91.4,D
방배3동,식품 소매,20253,34.8,347,422,82.2,D
방배3동,양식/기타외식,20253,52.4,109,241,45.2,B
방배3동,예술학원,20253,42.5,215,378,56.9,C
방배3동,오락/유흥,20253,52.8,130,361,36.0,B
방배3동,의료/약국,20253,66.5,55,413,13.3,A
방배3동,의류/패션,20253,43.0,319,402,79.4,D
방배3동,일반학원,20253,40.3,281,397,70.8,C
방배3동,주점,20253,42.4,256,398,64.3,C
방배3동,중식,20253,39.9,275,358,76.8,D
방배3동,카페,20253,43.4,213,419,50.8,C
방배3동,패스트푸드/치킨,20253,57.3,81,409,19.8,A
방배3동,편의점,20253,56.4,54,405,13.3,A
방배3동,한식,20253,58.9,145,421,34.4,B
방배4동,B2B 서비스,20253,49.0,147,368,39.9,B
방배4동,미용실,20253,36.6,283,419,67.5,C
방배4동,분식/간식,20253,43.4,296,415,71.3,C
방배4동,뷰티/화장품,20253,63.8,97,394,24.6,A
방배4동,생활용품 소매,20253,63.2,113,405,27.9,B
방배4동,수리/세탁,20253,71.6,109,382,28.5,B
방배4동,스포츠/레저,20253,58.4,88,395,22.3,A
방배4동,식품 소매,20253,46.8,235,422,55.7,C
방배4동,양식/기타외식,20253,51.2,116,241,48.1,B
방배4동,예술학원,20253,31.6,323,378,85.4,D
방배4동,오락/유흥,20253,24.6,347,361,96.1,D
방배4동,의료/약국,20253,49.2,245,413,59.3,C
방배4동,의류/패션,20253,21.6,395,402,98.3,D
방배4동,일반학원,20253,80.4,4,397,1.0,A
방배4동,일식,20253,51.3,90,279,32.3,B
방배4동,전자/통신,20253,75.6,39,309,12.6,A
방배4동,주점,20253,46.3,214,398,53.8,C
방배4동,중식,20253,46.5,217,358,60.6,C
방배4동,카페,20253,49.1,143,419,34.1,B
방배4동,패스트푸드/치킨,20253,40.2,267,409,65.3,C
방배4동,편의점,20253,42.8,227,405,56.0,C
방배4동,한식,20253,44.0,268,421,63.7,C
양재1동,B2B 서비스,20253,16.6,354,368,96.2,D
양재1동,미용실,20253,57.0,56,419,13.4,A
양재1동,분식/간식,20253,64.5,48,415,11.6,A
양재1동,뷰티/화장품,20253,54.8,149,394,37.8,B
양재1동,생활용품 소매,20253,68.8,79,405,19.5,A
양재1동,수리/세탁,20253,35.9,336,382,88.0,D
양재1동,숙박,20253,33.4,168,194,86.6,D
양재1동,스포츠/레저,20253,49.3,176,395,44.6,B
양재1동,식품 소매,20253,56.0,136,422,32.2,B
양재1동,애완동물,20253,88.9,2,147,1.4,A
양재1동,양식/기타외식,20253,39.1,190,241,78.8,D
양재1동,예술학원,20253,40.3,241,378,63.8,C
양재1동,오락/유흥,20253,40.6,256,361,70.9,C
양재1동,의료/약국,20253,73.6,17,413,4.1,A
양재1동,의류/패션,20253,71.1,101,402,25.1,B
양재1동,일반학원,20253,77.4,8,397,2.0,A
양재1동,일식,20253,48.9,107,279,38.4,B
양재1동,전자/통신,20253,53.9,122,309,39.5,B
양재1동,주점,20253,60.1,76,398,19.1,A
양재1동,중식,20253,61.9,48,358,13.4,A
양재1동,카페,20253,48.9,145,419,34.6,B
양재1동,패스트푸드/치킨,20253,50.1,143,409,35.0,B
양재1동,편의점,20253,51.5,90,405,22.2,A
양재1동,한식,20253,80.3,17,421,4.0,A
양재2동,B2B 서비스,20253,36.4,250,368,67.9,C
양재2동,미용실,20253,28.3,385,419,91.9,D
양재2동,분식/간식,20253,52.4,182,415,43.9,B
양재2동,뷰티/화장품,20253,19.2,381,394,96.7,D
양재2동,생활용품 소매,20253,49.0,208,405,51.4,C
양재2동,수리/세탁,20253,47.0,270,382,70.7,C
양재2동,스포츠/레저,20253,48.6,183,395,46.3,B
양재2동,식품 소매,20253,66.0,56,422,13.3,A
양재2동,애완동물,20253,77.2,8,147,5.4,A
양재2동,양식/기타외식,20253,58.8,62,241,25.7,B
양재2동,예술학원,20253,56.5,91,378,24.1,A
양재2동,오락/유흥,20253,44.7,214,361,59.3,C
양재2동,의료/약국,20253,50.3,234,413,56.7,C
양재2동,의류/패션,20253,64.2,151,402,37.6,B
양재2동,일반학원,20253,61.5,47,397,11.8,A
양재2동,일식,20253,67.9,14,279,5.0,A
양재2동,전자/통신,20253,21.1,271,309,87.7,D
양재2동,주점,20253,42.2,258,398,64.8,C
양재2동,중식,20253,72.7,9,358,2.5,A
양재2동,카페,20253,67.4,31,419,7.4,A
양재2동,패스트푸드/치킨,20253,49.4,152,409,37.2,B
양재2동,편의점,20253,47.0,155,405,38.3,B
양재2동,한식,20253,79.7,19,421,4.5,A
내곡동,미용실,20253,36.1,291,419,69.5,C
내곡동,분식/간식,20253,46.2,257,415,61.9,C
내곡동,뷰티/화장품,20253,24.9,362,394,91.9,D
내곡동,생활용품 소매,20253,69.2,76,405,18.8,A
내곡동,수리/세탁,20253,66.3,150,382,39.3,B
내곡동,스포츠/레저,20253,82.9,4,395,1.0,A
내곡동,식품 소매,20253,64.9,64,422,15.2,A
내곡동,예술학원,20253,62.3,55,378,14.6,A
내곡동,의료/약국,20253,20.5,408,413,98.8,D
내곡동,일반학원,20253,49.5,173,397,43.6,B
내곡동,주점,20253,59.4,87,398,21.9,A
내곡동,중식,20253,73.0,8,358,2.2,A
내곡동,카페,20253,46.6,171,419,40.8,B
내곡동,패스트푸드/치킨,20253,65.3,37,409,9.0,A
내곡동,편의점,20253,35.0,364,405,89.9,D
내곡동,한식,20253,24.1,411,421,97.6,D
신사동,B2B 서비스,20253,25.1,323,368,87.8,D
신사동,미용실,20253,55.7,68,419,16.2,A
신사동,분식/간식,20253,52.9,172,415,41.4,B
신사동,뷰티/화장품,20253,65.0,92,394,23.4,A
신사동,생활용품 소매,20253,73.4,48,405,11.9,A
신사동,수리/세탁,20253,31.7,352,382,92.1,D
신사동,숙박,20253,42.8,128,194,66.0,C
신사동,스포츠/레저,20253,25.3,385,395,97.5,D
신사동,식품 소매,20253,37.5,329,422,78.0,D
신사동,애완동물,20253,69.5,14,147,9.5,A
신사동,양식/기타외식,20253,53.3,107,241,44.4,B
신사동,예술학원,20253,22.8,366,378,96.8,D
신사동,오락/유흥,20253,44.8,211,361,58.4,C
신사동,의료/약국,20253,69.1,37,413,9.0,A
신사동,의류/패션,20253,59.6,195,402,48.5,B
신사동,일반학원,20253,39.2,293,397,73.8,C
신사동,일식,20253,60.2,39,279,14.0,A
신사동,전자/통신,20253,20.2,278,309,90.0,D
신사동,주점,20253,41.3,267,398,67.1,C
신사동,중식,20253,58.4,79,358,22.1,A
신사동,카페,20253,49.4,139,419,33.2,B
신사동,패스트푸드/치킨,20253,51.3,134,409,32.8,B
신사동,편의점,20253,59.2,40,405,9.9,A
신사동,한식,20253,73.8,45,421,10.7,A
논현1동,B2B 서비스,20253,37.2,244,368,66.3,C
논현1동,미용실,20253,53.9,87,419,20.8,A
논현1동,분식/간식,20253,65.1,43,415,10.4,A
논현1동,뷰티/화장품,20253,49.0,197,394,50.0,B
논현1동,생활용품 소매,20253,48.0,217,405,53.6,C
논현1동,수리/세탁,20253,35.8,339,382,88.7,D
논현1동,숙박,20253,58.9,55,194,28.4,B
논현1동,스포츠/레저,20253,34.4,338,395,85.6,D
논현1동,식품 소매,20253,68.0,39,422,9.2,A
논현1동,애완동물,20253,56.5,46,147,31.3,B
논현1동,양식/기타외식,20253,61.1,46,241,19.1,A
논현1동,예술학원,20253,26.8,350,378,92.6,D
논현1동,오락/유흥,20253,57.0,93,361,25.8,B
논현1동,의료/약국,20253,58.4,128,413,31.0,B
논현1동,의류/패션,20253,64.9,144,402,35.8,B
논현1동,일반학원,20253,40.8,280,397,70.5,C
논현1동,일식,20253,40.5,180,279,64.5,C
논현1동,전자/통신,20253,59.7,97,309,31.4,B
논현1동,주점,20253,66.2,40,398,10.1,A
논현1동,중식,20253,61.0,55,358,15.4,A
논현1동,카페,20253,58.2,70,419,16.7,A
논현1동,패스트푸드/치킨,20253,66.8,28,409,6.8,A
논현1동,편의점,20253,50.1,106,405,26.2,B
논현1동,한식,20253,81.3,15,421,3.6,A
논현2동,B2B 서비스,20253,52.0,125,368,34.0,B
논현2동,미용실,20253,32.3,338,419,80.7,D
논현2동,분식/간식,20253,55.4,138,415,33.3,B
논현2동,뷰티/화장품,20253,52.6,169,394,42.9,B
논현2동,생활용품 소매,20253,47.4,224,405,55.3,C
논현2동,수리/세탁,20253,33.5,347,382,90.8,D
논현2동,숙박,20253,37.5,148,194,76.3,D
논현2동,스포츠/레저,20253,30.7,365,395,92.4,D
논현2동,식품 소매,20253,67.2,45,422,10.7,A
논현2동,애완동물,20253,38.4,105,147,71.4,C
논현2동,양식/기타외식,20253,69.6,15,241,6.2,A
논현2동,예술학원,20253,30.0,336,378,88.9,D
논현2동,오락/유흥,20253,55.9,105,361,29.1,B
논현2동,의료/약국,20253,33.0,365,413,88.4,D
논현2동,의류/패션,20253,75.2,57,402,14.2,A
논현2동,일반학원,20253,29.4,380,397,95.7,D
논현2동,일식,20253,58.4,51,279,18.3,A
논현2동,전자/통신,20253,23.3,263,309,85.1,D
논현2동,주점,20253,65.3,43,398,10.8,A
논현2동,중식,20253,71.1,15,358,4.2,A
논현2동,카페,20253,44.0,205,419,48.9,B
논현2동,패스트푸드/치킨,20253,65.8,33,409,8.1,A
논현2동,편의점,20253,48.8,124,405,30.6,B
논현2동,한식,20253,73.4,48,421,11.4,A
압구정동,B2B 서비스,20253,55.2,106,368,28.8,B
압구정동,미용실,20253,48.7,133,419,31.7,B
압구정동,분식/간식,20253,67.0,31,415,7.5,A
압구정동,뷰티/화장품,20253,37.9,285,394,72.3,C
압구정동,생활용품 소매,20253,20.2,376,405,92.8,D
압구정동,수리/세탁,20253,18.1,375,382,98.2,D
압구정동,스포츠/레저,20253,43.8,242,395,61.3,C
압구정동,식품 소매,20253,51.6,183,422,43.4,B
압구정동,양식/기타외식,20253,66.2,24,241,10.0,A
압구정동,예술학원,20253,36.4,282,378,74.6,C
압구정동,오락/유흥,20253,42.9,235,361,65.1,C
압구정동,의료/약국,20253,70.0,27,413,6.5,A
압구정동,의류/패션,20253,62.6,170,402,42.3,B
압구정동,일반학원,20253,42.5,258,397,65.0,C
압구정동,일식,20253,31.5,235,279,84.2,D
압구정동,전자/통신,20253,80.4,21,309,6.8,A
압구정동,주점,20253,72.2,14,398,3.5,A
압구정동,중식,20253,59.3,71,358,19.8,A
압구정동,카페,20253,43.0,220,419,52.5,C
압구정동,패스트푸드/치킨,20253,60.4,55,409,13.4,A
압구정동,편의점,20253,53.5,81,405,20.0,A
압구정동,한식,20253,65.9,88,421,20.9,A
청담동,B2B 서비스,20253,44.2,188,368,51.1,C
청담동,미용실,20253,62.1,37,419,8.8,A
청담동,분식/간식,20253,40.0,338,415,81.4,D
청담동,뷰티/화장품,20253,64.4,94,394,23.9,A
청담동,생활용품 소매,20253,75.3,33,405,8.1,A
청담동,수리/세탁,20253,41.1,308,382,80.6,D
청담동,스포츠/레저,20253,48.6,182,395,46.1,B
청담동,식품 소매,20253,34.5,351,422,83.2,D
청담동,애완동물,20253,27.0,136,147,92.5,D
청담동,양식/기타외식,20253,64.4,32,241,13.3,A
청담동,예술학원,20253,77.8,10,378,2.6,A
청담동,오락/유흥,20253,50.0,163,361,45.2,B
청담동,의료/약국,20253,42.4,305,413,73.8,C
청담동,의류/패션,20253,63.0,164,402,40.8,B
청담동,일반학원,20253,60.4,56,397,14.1,A
청담동,일식,20253,36.7,211,279,75.6,D
청담동,전자/통신,20253,46.7,154,309,49.8,B
청담동,주점,20253,26.8,369,398,92.7,D
청담동,중식,20253,61.3,51,358,14.2,A
청담동,카페,20253,55.8,85,419,20.3,A
청담동,패스트푸드/치킨,20253,46.9,179,409,43.8,B
청담동,편의점,20253,44.4,203,405,50.1,C
청담동,한식,20253,63.3,109,421,25.9,B
삼성1동,B2B 서비스,20253,41.0,213,368,57.9,C
삼성1동,미용실,20253,39.1,245,419,58.5,C
삼성1동,분식/간식,20253,32.4,391,415,94.2,D
삼성1동,뷰티/화장품,20253,48.0,202,394,51.3,C
삼성1동,생활용품 소매,20253,18.2,385,405,95.1,D
삼성1동,수리/세탁,20253,30.1,356,382,93.2,D
삼성1동,스포츠/레저,20253,72.3,23,395,5.8,A
삼성1동,식품 소매,20253,57.8,119,422,28.2,B
삼성1동,애완동물,20253,25.3,140,147,95.2,D
삼성1동,양식/기타외식,20253,44.8,160,241,66.4,C
삼성1동,오락/유흥,20253,42.4,241,361,66.8,C
삼성1동,의료/약국,20253,28.3,386,413,93.5,D
삼성1동,의류/패션,20253,44.1,311,402,77.4,D
삼성1동,일반학원,20253,54.8,107,397,27.0,B
삼성1동,일식,20253,53.9,76,279,27.2,B
삼성1동,전자/통신,20253,39.5,198,309,64.1,C
삼성1동,주점,20253,52.3,147,398,36.9,B
삼성1동,중식,20253,66.3,26,358,7.3,A
삼성1동,카페,20253,24.5,397,419,94.7,D
삼성1동,패스트푸드/치킨,20253,69.9,19,409,4.6,A
삼성1동,편의점,20253,38.3,311,405,76.8,D
삼성1동,한식,20253,51.3,207,421,49.2,B
삼성2동,B2B 서비스,20253,43.6,194,368,52.7,C
삼성2동,미용실,20253,48.7,135,419,32.2,B
삼성2동,분식/간식,20253,40.9,329,415,79.3,D
삼성2동,뷰티/화장품,20253,43.6,244,394,61.9,C
삼성2동,생활용품 소매,20253,56.6,152,405,37.5,B
삼성2동,수리/세탁,20253,65.7,158,382,41.4,B
삼성2동,숙박,20253,53.1,79,194,40.7,B
삼성2동,스포츠/레저,20253,44.6,232,395,58.7,C
삼성2동,식품 소매,20253,43.7,266,422,63.0,C
삼성2동,애완동물,20253,41.2,99,147,67.3,C
삼성2동,양식/기타외식,20253,59.1,59,241,24.5,A
삼성2동,예술학원,20253,38.9,252,378,66.7,C
삼성2동,오락/유흥,20253,56.5,96,361,26.6,B
삼성2동,의료/약국,20253,55.4,166,413,40.2,B
삼성2동,의류/패션,20253,49.7,278,402,69.2,C
삼성2동,일반학원,20253,39.6,290,397,73.0,C
삼성2동,일식,20253,44.1,142,279,50.9,C
삼성2동,전자/통신,20253,46.3,156,309,50.5,C
삼성2동,주점,20253,65.0,45,398,11.3,A
삼성2동,중식,20253,41.9,270,358,75.4,D
삼성2동,카페,20253,35.9,302,419,72.1,C
삼성2동,패스트푸드/치킨,20253,41.7,244,409,59.7,C
삼성2동,편의점,20253,48.8,125,405,30.9,B
삼성2동,한식,20253,57.4,154,421,36.6,B
대치1동,미용실,20253,21.6,417,419,99.5,D
대치1동,분식/간식,20253,45.2,269,415,64.8,C
대치1동,뷰티/화장품,20253,61.0,112,394,28.4,B
대치1동,생활용품 소매,20253,45.2,240,405,59.3,C
대치1동,수리/세탁,20253,69.8,127,382,33.2,B
대치1동,스포츠/레저,20253,53.4,133,395,33.7,B
대치1동,식품 소매,20253,22.8,415,422,98.3,D
대치1동,양식/기타외식,20253,30.7,219,241,90.9,D
대치1동,예술학원,20253,48.5,144,378,38.1,B
대치1동,오락/유흥,20253,25.0,345,361,95.6,D
대치1동,의료/약국,20253,59.4,119,413,28.8,B
대치1동,의류/패션,20253,73.9,71,402,17.7,A
대치1동,일반학원,20253,71.3,19,397,4.8,A
대치1동,일식,20253,16.4,279,279,100.0,D
대치1동,주점,20253,34.6,332,398,83.4,D
대치1동,중식,20253,51.5,164,358,45.8,B
대치1동,카페,20253,20.1,418,419,99.8,D
대치1동,패스트푸드/치킨,20253,32.4,363,409,88.8,D
대치1동,편의점,20253,31.6,386,405,95.3,D
대치1동,한식,20253,51.8,202,421,48.0,B
대치2동,B2B 서비스,20253,24.0,335,368,91.0,D
대치2동,미용실,20253,41.3,219,419,52.3,C
대치2동,분식/간식,20253,33.7,387,415,93.3,D
대치2동,뷰티/화장품,20253,57.8,128,394,32.5,B
대치2동,생활용품 소매,20253,43.0,256,405,63.2,C
대치2동,수리/세탁,20253,54.6,235,382,61.5,C
대치2동,스포츠/레저,20253,38.8,291,395,73.7,C
대치2동,식품 소매,20253,19.7,420,422,99.5,D
대치2동,양식/기타외식,20253,76.5,4,241,1.7,A
대치2동,예술학원,20253,38.1,260,378,68.8,C
대치2동,오락/유흥,20253,46.3,192,361,53.2,C
대치2동,의료/약국,20253,43.1,295,413,71.4,C
대치2동,의류/패션,20253,39.9,344,402,85.6,D
대치2동,일반학원,20253,36.2,333,397,83.9,D
대치2동,일식,20253,47.5,121,279,43.4,B
대치2동,전자/통신,20253,37.5,212,309,68.6,C
대치2동,주점,20253,16.0,396,398,99.5,D
대치2동,중식,20253,45.7,222,358,62.0,C
대치2동,카페,20253,43.2,214,419,51.1,C
대치2동,패스트푸드/치킨,20253,33.1,356,409,87.0,D
대치2동,편의점,20253,38.9,299,405,73.8,C
대치2동,한식,20253,33.1,369,421,87.6,D
대치4동,B2B 서비스,20253,57.7,88,368,23.9,A
대치4동,미용실,20253,24.8,411,419,98.1,D
대치4동,분식/간식,20253,41.5,321,415,77.3,D
대치4동,뷰티/화장품,20253,30.7,323,394,82.0,D
대치4동,생활용품 소매,20253,29.2,330,405,81.5,D
대치4동,수리/세탁,20253,65.5,164,382,42.9,B
대치4동,숙박,20253,34.6,161,194,83.0,D
대치4동,스포츠/레저,20253,35.9,329,395,83.3,D
대치4동,식품 소매,20253,49.3,209,422,49.5,B
대치4동,양식/기타외식,20253,41.4,179,241,74.3,C
대치4동,예술학원,20253,59.7,70,378,18.5,A
대치4동,오락/유흥,20253,52.5,132,361,36.6,B
대치4동,의료/약국,20253,71.0,24,413,5.8,A
대치4동,의류/패션,20253,53.1,255,402,63.4,C
대치4동,일반학원,20253,38.8,301,397,75.8,D
대치4동,일식,20253,52.8,84,279,30.1,B
대치4동,전자/통신,20253,13.7,300,309,97.1,D
대치4동,주점,20253,63.7,55,398,13.8,A
대치4동,중식,20253,62.6,44,358,12.3,A
대치4동,카페,20253,35.6,305,419,72.8,C
대치4동,패스트푸드/치킨,20253,32.0,371,409,90.7,D
대치4동,편의점,20253,38.5,308,405,76.0,D
대치4동,한식,20253,62.5,116,421,27.6,B
역삼1동,B2B 서비스,20253,42.9,203,368,55.2,C
역삼1동,미용실,20253,31.9,346,419,82.6,D
역삼1동,분식/간식,20253,23.9,414,415,99.8,D
역삼1동,뷰티/화장품,20253,45.2,231,394,58.6,C
역삼1동,생활용품 소매,20253,25.8,343,405,84.7,D
역삼1동,수리/세탁,20253,48.5,262,382,68.6,C
역삼1동,숙박,20253,53.2,78,194,40.2,B
역삼1동,스포츠/레저,20253,31.3,360,395,91.1,D
역삼1동,식품 소매,20253,28.3,395,422,93.6,D
역삼1동,애완동물,20253,49.1,65,147,44.2,B
역삼1동,양식/기타외식,20253,53.9,102,241,42.3,B
역삼1동,예술학원,20253,21.8,368,378,97.4,D
역삼1동,오락/유흥,20253,28.4,330,361,91.4,D
역삼1동,의료/약국,20253,45.2,278,413,67.3,C
역삼1동,의류/패션,20253,37.9,355,402,88.3,D
역삼1동,일반학원,20253,23.9,389,397,98.0,D
역삼1동,일식,20253,38.8,195,279,69.9,C
역삼1동,전자/통신,20253,40.9,187,309,60.5,C
역삼1동,주점,20253,45.4,222,398,55.8,C
역삼1동,중식,20253,37.0,304,358,84.9,D
역삼1동,카페,20253,34.2,324,419,77.3,D
역삼1동,패스트푸드/치킨,20253,42.3,239,409,58.4,C
역삼1동,편의점,20253,26.0,404,405,99.8,D
역삼1동,한식,20253,38.4,319,421,75.8,D
역삼2동,B2B 서비스,20253,50.8,134,368,36.4,B
역삼2동,미용실,20253,29.4,371,419,88.5,D
역삼2동,분식/간식,20253,45.1,271,415,65.3,C
역삼2동,뷰티/화장품,20253,81.2,9,394,2.3,A
역삼2동,생활용품 소매,20253,56.1,158,405,39.0,B
역삼2동,수리/세탁,20253,41.9,304,382,79.6,D
역삼2동,숙박,20253,47.1,112,194,57.7,C
역삼2동,스포츠/레저,20253,40.4,269,395,68.1,C
역삼2동,식품 소매,20253,34.8,348,422,82.5,D
역삼2동,양식/기타외식,20253,55.1,90,241,37.3,B
역삼2동,예술학원,20253,37.1,274,378,72.5,C
역삼2동,오락/유흥,20253,57.2,91,361,25.2,B
역삼2동,의료/약국,20253,40.2,327,413,79.2,D
역삼2동,의류/패션,20253,59.2,201,402,50.0,B
역삼2동,일반학원,20253,38.8,300,397,75.6,D
역삼2동,일식,20253,57.1,56,279,20.1,A
역삼2동,전자/통신,20253,10.3,307,309,99.4,D
역삼2동,주점,20253,43.0,248,398,62.3,C
역삼2동,중식,20253,48.4,194,358,54.2,C
역삼2동,카페,20253,37.2,289,419,69.0,C
역삼2동,패스트푸드/치킨,20253,38.8,288,409,70.4,C
역삼2동,편의점,20253,53.9,75,405,18.5,A
역삼2동,한식,20253,46.7,247,421,58.7,C
도곡1동,B2B 서비스,20253,64.7,54,368,14.7,A
도곡1동,미용실,20253,33.5,321,419,76.6,D
도곡1동,분식/간식,20253,37.8,353,415,85.1,D
도곡1동,뷰티/화장품,20253,25.5,356,394,90.4,D
도곡1동,생활용품 소매,20253,29.0,331,405,81.7,D
도곡1동,수리/세탁,20253,66.6,145,382,38.0,B
도곡1동,숙박,20253,60.7,48,194,24.7,A
도곡1동,스포츠/레저,20253,45.4,224,395,56.7,C
도곡1동,식품 소매,20253,27.2,403,422,95.5,D
도곡1동,양식/기타외식,20253,56.0,81,241,33.6,B
도곡1동,예술학원,20253,41.4,226,378,59.8,C
도곡1동,의료/약국,20253,57.1,146,413,35.4,B
도곡1동,의류/패션,20253,40.5,342,402,85.1,D
도곡1동,일반학원,20253,53.9,118,397,29.7,B
도곡1동,일식,20253,56.1,61,279,21.9,A
도곡1동,전자/통신,20253,48.5,146,309,47.2,B
도곡1동,주점,20253,31.3,358,398,89.9,D
도곡1동,중식,20253,34.0,328,358,91.6,D
도곡1동,카페,20253,46.5,174,419,41.5,B
도곡1동,패스트푸드/치킨,20253,48.6,165,409,40.3,B
도곡1동,편의점,20253,40.7,261,405,64.4,C
도곡1동,한식,20253,55.9,165,421,39.2,B
도곡2동,B2B 서비스,20253,70.4,29,368,7.9,A
도곡2동,미용실,20253,28.3,384,419,91.6,D
도곡2동,분식/간식,20253,57.6,108,415,26.0,B
도곡2동,뷰티/화장품,20253,40.8,265,394,67.3,C
도곡2동,생활용품 소매,20253,24.3,353,405,87.2,D
도곡2동,수리/세탁,20253,66.9,144,382,37.7,B
도곡2동,스포츠/레저,20253,54.3,120,395,30.4,B
도곡2동,식품 소매,20253,27.8,399,422,94.5,D
도곡2동,양식/기타외식,20253,49.7,132,241,54.8,C
도곡2동,예술학원,20253,20.0,372,378,98.4,D
도곡2동,오락/유흥,20253,16.1,361,361,100.0,D
도곡2동,의료/약국,20253,61.5,93,413,22.5,A
도곡2동,의류/패션,20253,81.0,14,402,3.5,A
도곡2동,일반학원,20253,65.3,31,397,7.8,A
도곡2동,일식,20253,40.2,184,279,65.9,C
도곡2동,전자/통신,20253,44.5,165,309,53.4,C
도곡2동,주점,20253,63.7,54,398,13.6,A
도곡2동,중식,20253,56.9,102,358,28.5,B
도곡2동,카페,20253,51.2,120,419,28.6,B
도곡2동,패스트푸드/치킨,20253,51.1,135,409,33.0,B
도곡2동,편의점,20253,38.9,298,405,73.6,C
도곡2동,한식,20253,63.5,106,421,25.2,B
개포1동,미용실,20253,32.4,337,419,80.4,D
개포1동,생활용품 소매,20253,73.4,47,405,11.6,A
개포1동,식품 소매,20253,55.3,144,422,34.1,B
개포1동,예술학원,20253,64.0,44,378,11.6,A
개포1동,의류/패션,20253,11.2,401,402,99.8,D
개포1동,일반학원,20253,45.3,234,397,58.9,C
개포1동,한식,20253,50.2,218,421,51.8,C
개포2동,B2B 서비스,20253,62.7,66,368,17.9,A
개포2동,미용실,20253,56.0,65,419,15.5,A
개포2동,분식/간식,20253,25.3,413,415,99.5,D
개포2동,뷰티/화장품,20253,51.2,182,394,46.2,B
개포2동,생활용품 소매,20253,46.4,230,405,56.8,C
개포2동,수리/세탁,20253,74.6,88,382,23.0,A
개포2동,스포츠/레저,20253,24.9,386,395,97.7,D
개포2동,식품 소매,20253,43.8,265,422,62.8,C
개포2동,양식/기타외식,20253,49.9,130,241,53.9,C
개포2동,예술학원,20253,46.0,166,378,43.9,B
개포2동,오락/유흥,20253,31.7,313,361,86.7,D
개포2동,의료/약국,20253,67.3,49,413,11.9,A
개포2동,의류/패션,20253,79.0,29,402,7.2,A
개포2동,일반학원,20253,68.7,22,397,5.5,A
개포2동,일식,20253,28.0,257,279,92.1,D
개포2동,전자/통신,20253,59.1,100,309,32.4,B
개포2동,주점,20253,33.9,342,398,85.9,D
개포2동,중식,20253,50.5,178,358,49.7,B
개포2동,카페,20253,33.4,327,419,78.0,D
개포2동,패스트푸드/치킨,20253,58.1,76,409,18.6,A
개포2동,편의점,20253,34.5,367,405,90.6,D
개포2동,한식,20253,62.5,117,421,27.8,B
개포4동,B2B 서비스,20253,37.2,243,368,66.0,C
개포4동,미용실,20253,37.0,276,419,65.9,C
개포4동,분식/간식,20253,59.3,90,415,21.7,A
개포4동,뷰티/화장품,20253,41.2,260,394,66.0,C
개포4동,생활용품 소매,20253,53.4,177,405,43.7,B
개포4동,수리/세탁,20253,66.0,153,382,40.1,B
개포4동,스포츠/레저,20253,23.6,388,395,98.2,D
개포4동,식품 소매,20253,57.9,116,422,27.5,B
개포4동,양식/기타외식,20253,38.5,192,241,79.7,D
개포4동,예술학원,20253,32.8,314,378,83.1,D
개포4동,오락/유흥,20253,29.9,323,361,89.5,D
개포4동,의료/약국,20253,28.8,381,413,92.3,D
개포4동,의류/패션,20253,34.2,369,402,91.8,D
개포4동,일반학원,20253,48.0,198,397,49.9,B
개포4동,일식,20253,59.8,42,279,15.1,A
개포4동,전자/통신,20253,9.2,309,309,100.0,D
개포4동,주점,20253,57.1,101,398,25.4,B
개포4동,중식,20253,45.1,228,358,63.7,C
개포4동,카페,20253,50.1,130,419,31.0,B
개포4동,패스트푸드/치킨,20253,60.0,57,409,13.9,A
개포4동,편의점,20253,51.1,95,405,23.5,A
개포4동,한식,20253,52.6,194,421,46.1,B
세곡동,B2B 서비스,20253,32.6,276,368,75.0,C
세곡동,미용실,20253,38.2,256,419,61.1,C
세곡동,분식/간식,20253,41.1,328,415,79.0,D
세곡동,생활용품 소매,20253,45.2,239,405,59.0,C
세곡동,수리/세탁,20253,46.7,272,382,71.2,C
세곡동,스포츠/레저,20253,42.3,258,395,65.3,C
세곡동,식품 소매,20253,55.0,147,422,34.8,B
세곡동,애완동물,20253,57.7,43,147,29.3,B
세곡동,양식/기타외식,20253,56.5,79,241,32.8,B
세곡동,예술학원,20253,44.7,183,378,48.4,B
세곡동,의료/약국,20253,69.1,36,413,8.7,A
세곡동,의류/패션,20253,80.1,20,402,5.0,A
세곡동,일반학원,20253,44.4,240,397,60.5,C
세곡동,일식,20253,41.9,162,279,58.1,C
세곡동,전자/통신,20253,20.7,274,309,88.7,D
세곡동,주점,20253,35.3,325,398,81.7,D
세곡동,중식,20253,38.1,296,358,82.7,D
세곡동,카페,20253,47.5,162,419,38.7,B
세곡동,패스트푸드/치킨,20253,42.5,234,409,57.2,C
세곡동,편의점,20253,43.9,212,405,52.3,C
세곡동,한식,20253,44.2,265,421,62.9,C
일원본동,미용실,20253,30.5,358,419,85.4,D
일원본동,뷰티/화장품,20253,76.6,30,394,7.6,A
일원본동,생활용품 소매,20253,22.2,364,405,89.9,D
일원본동,수리/세탁,20253,82.9,23,382,6.0,A
일원본동,스포츠/레저,20253,61.9,65,395,16.5,A
일원본동,식품 소매,20253,27.2,404,422,95.7,D
일원본동,예술학원,20253,57.1,88,378,23.3,A
일원본동,의료/약국,20253,31.7,372,413,90.1,D
일원본동,의류/패션,20253,44.0,313,402,77.9,D
일원본동,일반학원,20253,48.6,191,397,48.1,B
일원본동,카페,20253,51.0,122,419,29.1,B
일원본동,패스트푸드/치킨,20253,17.6,409,409,100.0,D
일원본동,편의점,20253,41.8,248,405,61.2,C
일원본동,한식,20253,54.5,176,421,41.8,B
일원1동,B2B 서비스,20253,40.7,217,368,59.0,C
일원1동,미용실,20253,34.1,316,419,75.4,D
일원1동,분식/간식,20253,30.2,402,415,96.9,D
일원1동,뷰티/화장품,20253,26.9,348,394,88.3,D
일원1동,생활용품 소매,20253,67.9,81,405,20.0,A
일원1동,수리/세탁,20253,58.2,212,382,55.5,C
일원1동,스포츠/레저,20253,29.2,371,395,93.9,D
일원1동,식품 소매,20253,47.7,225,422,53.3,C
일원1동,양식/기타외식,20253,45.7,154,241,63.9,C
일원1동,예술학원,20253,40.5,236,378,62.4,C
일원1동,오락/유흥,20253,45.9,200,361,55.4,C
일원1동,의료/약국,20253,60.4,107,413,25.9,B
일원1동,의류/패션,20253,54.2,244,402,60.7,C
일원1동,일반학원,20253,39.1,297,397,74.8,C
일원1동,일식,20253,31.0,241,279,86.4,D
일원1동,전자/통신,20253,70.4,50,309,16.2,A
일원1동,주점,20253,59.6,85,398,21.4,A
일원1동,중식,20253,49.7,183,358,51.1,C
일원1동,카페,20253,40.3,253,419,60.4,C
일원1동,패스트푸드/치킨,20253,55.4,93,409,22.7,A
일원1동,편의점,20253,44.0,207,405,51.1,C
일원1동,한식,20253,40.4,299,421,71.0,C
수서동,B2B 서비스,20253,12.4,362,368,98.4,D
수서동,미용실,20253,63.1,30,419,7.2,A
수서동,분식/간식,20253,62.3,63,415,15.2,A
수서동,뷰티/화장품,20253,23.9,367,394,93.1,D
수서동,생활용품 소매,20253,87.1,3,405,0.7,A
수서동,수리/세탁,20253,64.5,177,382,46.3,B
수서동,스포츠/레저,20253,68.3,39,395,9.9,A
수서동,식품 소매,20253,73.6,14,422,3.3,A
수서동,오락/유흥,20253,54.1,119,361,33.0,B
수서동,의료/약국,20253,26.2,394,413,95.4,D
수서동,의류/패션,20253,37.3,358,402,89.1,D
수서동,일반학원,20253,33.9,351,397,88.4,D
수서동,일식,20253,48.7,108,279,38.7,B
수서동,전자/통신,20253,64.1,77,309,24.9,A
수서동,주점,20253,47.3,200,398,50.3,C
수서동,중식,20253,44.6,234,358,65.4,C
수서동,카페,20253,59.1,65,419,15.5,A
수서동,패스트푸드/치킨,20253,56.2,91,409,22.2,A
수서동,편의점,20253,55.2,62,405,15.3,A
수서동,한식,20253,69.4,68,421,16.2,A
풍납1동,B2B 서비스,20253,74.7,16,368,4.3,A
풍납1동,미용실,20253,43.5,185,419,44.2,B
풍납1동,분식/간식,20253,55.9,129,415,31.1,B
풍납1동,뷰티/화장품,20253,41.3,259,394,65.7,C
풍납1동,생활용품 소매,20253,16.5,390,405,96.3,D
풍납1동,스포츠/레저,20253,57.3,100,395,25.3,B
풍납1동,식품 소매,20253,23.8,414,422,98.1,D
풍납1동,예술학원,20253,50.9,124,378,32.8,B
풍납1동,오락/유흥,20253,56.7,95,361,26.3,B
풍납1동,의료/약국,20253,24.7,399,413,96.6,D
풍납1동,의류/패션,20253,52.5,258,402,64.2,C
풍납1동,일반학원,20253,51.3,145,397,36.5,B
풍납1동,전자/통신,20253,33.7,227,309,73.5,C
풍납1동,주점,20253,52.8,143,398,35.9,B
풍납1동,중식,20253,62.7,43,358,12.0,A
풍납1동,카페,20253,43.8,209,419,49.9,B
풍납1동,패스트푸드/치킨,20253,25.5,404,409,98.8,D
풍납1동,편의점,20253,57.7,46,405,11.4,A
풍납1동,한식,20253,45.8,257,421,61.0,C
풍납2동,B2B 서비스,20253,17.8,353,368,95.9,D
풍납2동,미용실,20253,46.9,153,419,36.5,B
풍납2동,분식/간식,20253,52.3,184,415,44.3,B
풍납2동,뷰티/화장품,20253,56.3,138,394,35.0,B
풍납2동,생활용품 소매,20253,14.6,397,405,98.0,D
풍납2동,수리/세탁,20253,82.4,27,382,7.1,A
풍납2동,스포츠/레저,20253,71.2,28,395,7.1,A
풍납2동,식품 소매,20253,47.8,224,422,53.1,C
풍납2동,양식/기타외식,20253,68.1,19,241,7.9,A
풍납2동,예술학원,20253,67.0,33,378,8.7,A
풍납2동,오락/유흥,20253,58.3,86,361,23.8,A
풍납2동,의료/약국,20253,57.4,142,413,34.4,B
풍납2동,의류/패션,20253,68.8,117,402,29.1,B
풍납2동,일반학원,20253,53.7,123,397,31.0,B
풍납2동,전자/통신,20253,50.6,135,309,43.7,B
풍납2동,주점,20253,34.5,334,398,83.9,D
풍납2동,카페,20253,35.5,310,419,74.0,C
풍납2동,패스트푸드/치킨,20253,34.7,338,409,82.6,D
풍납2동,편의점,20253,40.7,260,405,64.2,C
풍납2동,한식,20253,63.4,107,421,25.4,B
거여1동,B2B 서비스,20253,19.3,348,368,94.6,D
거여1동,미용실,20253,41.1,222,419,53.0,C
거여1동,분식/간식,20253,46.0,259,415,62.4,C
거여1동,뷰티/화장품,20253,30.6,325,394,82.5,D
거여1동,생활용품 소매,20253,65.1,101,405,24.9,A
거여1동,수리/세탁,20253,63.4,182,382,47.6,B
거여1동,스포츠/레저,20253,38.8,292,395,73.9,C
거여1동,식품 소매,20253,17.8,422,422,100.0,D
거여1동,양식/기타외식,20253,25.3,237,241,98.3,D
거여1동,예술학원,20253,17.2,375,378,99.2,D
거여1동,오락/유흥,20253,47.1,181,361,50.1,C
거여1동,의료/약국,20253,18.3,410,413,99.3,D
거여1동,의류/패션,20253,57.5,218,402,54.2,C
거여1동,일반학원,20253,37.3,318,397,80.1,D
거여1동,전자/통신,20253,12.6,303,309,98.1,D
거여1동,주점,20253,62.3,59,398,14.8,A
거여1동,중식,20253,39.8,276,358,77.1,D
거여1동,카페,20253,43.1,217,419,51.8,C
거여1동,패스트푸드/치킨,20253,50.8,138,409,33.7,B
거여1동,편의점,20253,39.5,289,405,71.4,C
거여1동,한식,20253,35.3,350,421,83.1,D
거여2동,B2B 서비스,20253,51.2,130,368,35.3,B
거여2동,미용실,20253,44.5,172,419,41.1,B
거여2동,분식/간식,20253,33.8,385,415,92.8,D
거여2동,뷰티/화장품,20253,32.2,314,394,79.7,D
거여2동,생활용품 소매,20253,15.0,396,405,97.8,D
거여2동,수리/세탁,20253,85.4,11,382,2.9,A
거여2동,스포츠/레저,20253,54.5,118,395,29.9,B
거여2동,식품 소매,20253,69.1,32,422,7.6,A
거여2동,예술학원,20253,41.8,221,378,58.5,C
거여2동,오락/유흥,20253,32.0,312,361,86.4,D
거여2동,의료/약국,20253,67.7,45,413,10.9,A
거여2동,의류/패션,20253,70.5,102,402,25.4,B
거여2동,일반학원,20253,46.7,217,397,54.7,C
거여2동,일식,20253,27.1,261,279,93.5,D
거여2동,주점,20253,51.7,154,398,38.7,B
거여2동,카페,20253,56.6,79,419,18.9,A
거여2동,패스트푸드/치킨,20253,42.8,232,409,56.7,C
거여2동,편의점,20253,31.0,389,405,96.0,D
거여2동,한식,20253,27.8,396,421,94.1,D
마천1동,B2B 서비스,20253,60.8,73,368,19.8,A
마천1동,미용실,20253,59.3,46,419,11.0,A
마천1동,분식/간식,20253,45.0,272,415,65.5,C
마천1동,뷰티/화장품,20253,43.2,246,394,62.4,C
마천1동,생활용품 소매,20253,54.6,165,405,40.7,B
마천1동,스포츠/레저,20253,29.9,369,395,93.4,D
마천1동,식품 소매,20253,66.2,55,422,13.0,A
마천1동,애완동물,20253,47.7,71,147,48.3,B
마천1동,양식/기타외식,20253,49.3,133,241,55.2,C
마천1동,예술학원,20253,44.9,179,378,47.4,B
마천1동,오락/유흥,20253,34.9,286,361,79.2,D
마천1동,의료/약국,20253,63.5,82,413,19.9,A
마천1동,의류/패션,20253,69.0,116,402,28.9,B
마천1동,일반학원,20253,55.2,103,397,25.9,B
마천1동,전자/통신,20253,29.8,241,309,78.0,D
마천1동,주점,20253,44.8,235,398,59.0,C
마천1동,카페,20253,20.3,416,419,99.3,D
마천1동,패스트푸드/치킨,20253,31.0,382,409,93.4,D
마천1동,편의점,20253,59.6,38,405,9.4,A
마천1동,한식,20253,56.7,158,421,37.5,B
마천2동,B2B 서비스,20253,11.8,363,368,98.6,D
마천2동,미용실,20253,52.8,94,419,22.4,A
마천2동,분식/간식,20253,64.3,50,415,12.0,A
마천2동,뷰티/화장품,20253,63.0,105,394,26.6,B
마천2동,생활용품 소매,20253,25.6,345,405,85.2,D
마천2동,수리/세탁,20253,80.5,40,382,10.5,A
마천2동,스포츠/레저,20253,38.4,295,395,74.7,C
마천2동,식품 소매,20253,67.9,40,422,9.5,A
마천2동,예술학원,20253,40.3,238,378,63.0,C
마천2동,오락/유흥,20253,58.0,89,361,24.7,A
마천2동,의료/약국,20253,56.0,158,413,38.3,B
마천2동,의류/패션,20253,71.9,94,402,23.4,A
마천2동,일반학원,20253,36.3,331,397,83.4,D
마천2동,전자/통신,20253,56.4,110,309,35.6,B
마천2동,주점,20253,51.8,152,398,38.2,B
마천2동,중식,20253,28.7,349,358,97.5,D
마천2동,카페,20253,48.2,153,419,36.5,B
마천2동,패스트푸드/치킨,20253,23.1,407,409,99.5,D
마천2동,편의점,20253,40.4,267,405,65.9,C
마천2동,한식,20253,30.0,385,421,91.4,D
방이1동,B2B 서비스,20253,40.7,216,368,58.7,C
방이1동,미용실,20253,47.4,147,419,35.1,B
방이1동,분식/간식,20253,31.2,398,415,95.9,D
방이1동,뷰티/화장품,20253,32.5,312,394,79.2,D
방이1동,생활용품 소매,20253,57.5,148,405,36.5,B
방이1동,수리/세탁,20253,64.5,176,382,46.1,B
방이1동,스포츠/레저,20253,66.8,44,395,11.1,A
방이1동,식품 소매,20253,67.1,46,422,10.9,A
방이1동,양식/기타외식,20253,53.9,101,241,41.9,B
방이1동,예술학원,20253,39.0,251,378,66.4,C
방이1동,오락/유흥,20253,51.6,145,361,40.2,B
방이1동,의료/약국,20253,51.8,216,413,52.3,C
방이1동,의류/패션,20253,30.2,378,402,94.0,D
방이1동,일반학원,20253,60.7,53,397,13.4,A
방이1동,일식,20253,48.5,109,279,39.1,B
방이1동,주점,20253,34.1,339,398,85.2,D
방이1동,중식,20253,50.6,177,358,49.4,B
방이1동,카페,20253,48.3,151,419,36.0,B
방이1동,패스트푸드/치킨,20253,44.3,213,409,52.1,C
방이1동,편의점,20253,33.6,379,405,93.6,D
방이1동,한식,20253,64.4,98,421,23.3,A
방이2동,B2B 서비스,20253,41.9,210,368,57.1,C
방이2동,미용실,20253,61.6,40,419,9.5,A
방이2동,분식/간식,20253,48.7,224,415,54.0,C
방이2동,뷰티/화장품,20253,38.5,281,394,71.3,C
방이2동,생활용품 소매,20253,46.3,232,405,57.3,C
방이2동,수리/세탁,20253,52.8,243,382,63.6,C
방이2동,숙박,20253,41.8,129,194,66.5,C
방이2동,스포츠/레저,20253,57.9,91,395,23.0,A
방이2동,식품 소매,20253,61.2,94,422,22.3,A
방이2동,애완동물,20253,27.6,135,147,91.8,D
방이2동,양식/기타외식,20253,50.7,121,241,50.2,C
방이2동,예술학원,20253,72.8,20,378,5.3,A
방이2동,오락/유흥,20253,50.6,154,361,42.7,B
방이2동,의료/약국,20253,22.3,402,413,97.3,D
방이2동,의류/패션,20253,58.1,210,402,52.2,C
방이2동,일반학원,20253,50.3,162,397,40.8,B
방이2동,일식,20253,40.7,175,279,62.7,C
방이2동,주점,20253,75.9,4,398,1.0,A
방이2동,중식,20253,38.3,293,358,81.8,D
방이2동,카페,20253,49.7,135,419,32.2,B
방이2동,패스트푸드/치킨,20253,58.5,73,409,17.8,A
방이2동,편의점,20253,50.8,98,405,24.2,A
방이2동,한식,20253,57.9,150,421,35.6,B
오륜동,B2B 서비스,20253,24.5,328,368,89.1,D
오륜동,생활용품 소매,20253,63.6,110,405,27.2,B
오륜동,식품 소매,20253,71.0,25,422,5.9,A
오륜동,양식/기타외식,20253,61.1,45,241,18.7,A
오륜동,의류/패션,20253,44.2,308,402,76.6,D
오륜동,카페,20253,69.4,27,419,6.4,A
오륜동,편의점,20253,55.2,63,405,15.6,A
오륜동,한식,20253,64.0,102,421,24.2,A
오금동,B2B 서비스,20253,57.7,90,368,24.5,A
오금동,미용실,20253,41.3,218,419,52.0,C
오금동,분식/간식,20253,34.8,373,415,89.9,D
오금동,뷰티/화장품,20253,56.2,139,394,35.3,B
오금동,생활용품 소매,20253,69.1,77,405,19.0,A
오금동,수리/세탁,20253,76.4,70,382,18.3,A
오금동,스포츠/레저,20253,40.4,271,395,68.6,C
오금동,식품 소매,20253,43.4,272,422,64.5,C
오금동,양식/기타외식,20253,58.6,67,241,27.8,B
오금동,예술학원,20253,49.5,136,378,36.0,B
오금동,오락/유흥,20253,42.1,244,361,67.6,C
오금동,의료/약국,20253,45.0,283,413,68.5,C
오금동,의류/패션,20253,65.2,138,402,34.3,B
오금동,일반학원,20253,51.1,149,397,37.5,B
오금동,일식,20253,23.8,273,279,97.8,D
오금동,주점,20253,32.7,348,398,87.4,D
오금동,중식,20253,48.4,196,358,54.7,C
오금동,카페,20253,22.8,407,419,97.1,D
오금동,패스트푸드/치킨,20253,31.3,378,409,92.4,D
오금동,편의점,20253,36.2,339,405,83.7,D
오금동,한식,20253,54.3,179,421,42.5,B
송파1동,B2B 서비스,20253,41.9,209,368,56.8,C
송파1동,미용실,20253,47.4,144,419,34.4,B
송파1동,분식/간식,20253,50.3,206,415,49.6,B
송파1동,뷰티/화장품,20253,54.3,152,394,38.6,B
송파1동,생활용품 소매,20253,46.2,233,405,57.5,C
송파1동,수리/세탁,20253,75.4,76,382,19.9,A
송파1동,스포츠/레저,20253,33.6,348,395,88.1,D
송파1동,식품 소매,20253,29.9,389,422,92.2,D
송파1동,양식/기타외식,20253,54.1,100,241,41.5,B
송파1동,예술학원,20253,58.6,77,378,20.4,A
송파1동,오락/유흥,20253,60.8,65,361,18.0,A
송파1동,의료/약국,20253,61.4,95,413,23.0,A
송파1동,의류/패션,20253,55.1,241,402,60.0,C
송파1동,일반학원,20253,29.3,382,397,96.2,D
송파1동,일식,20253,50.6,97,279,34.8,B
송파1동,전자/통신,20253,62.2,87,309,28.2,B
송파1동,주점,20253,36.2,318,398,79.9,D
송파1동,중식,20253,57.1,97,358,27.1,B
송파1동,카페,20253,66.2,39,419,9.3,A
송파1동,패스트푸드/치킨,20253,53.9,110,409,26.9,B
송파1동,편의점,20253,46.4,166,405,41.0,B
송파1동,한식,20253,68.2,75,421,17.8,A
송파2동,B2B 서비스,20253,64.1,58,368,15.8,A
송파2동,미용실,20253,45.7,164,419,39.1,B
송파2동,분식/간식,20253,48.6,229,415,55.2,C
송파2동,뷰티/화장품,20253,31.0,319,394,81.0,D
송파2동,생활용품 소매,20253,70.0,68,405,16.8,A
송파2동,수리/세탁,20253,41.0,309,382,80.9,D
송파2동,스포츠/레저,20253,44.6,233,395,59.0,C
송파2동,식품 소매,20253,34.8,346,422,82.0,D
송파2동,애완동물,20253,43.8,89,147,60.5,C
송파2동,양식/기타외식,20253,54.6,95,241,39.4,B
송파2동,예술학원,20253,24.0,362,378,95.8,D
송파2동,의료/약국,20253,35.0,354,413,85.7,D
송파2동,의류/패션,20253,51.7,264,402,65.7,C
송파2동,일반학원,20253,52.0,138,397,34.8,B
송파2동,주점,20253,37.7,303,398,76.1,D
송파2동,카페,20253,44.2,201,419,48.0,B
송파2동,패스트푸드/치킨,20253,32.2,369,409,90.2,D
송파2동,편의점,20253,36.4,335,405,82.7,D
송파2동,한식,20253,32.4,370,421,87.9,D
석촌동,B2B 서비스,20253,68.4,36,368,9.8,A
석촌동,미용실,20253,47.5,143,419,34.1,B
석촌동,분식/간식,20253,45.8,263,415,63.4,C
석촌동,뷰티/화장품,20253,54.2,154,394,39.1,B
석촌동,생활용품 소매,20253,28.7,332,405,82.0,D
석촌동,수리/세탁,20253,77.5,60,382,15.7,A
석촌동,숙박,20253,46.5,113,194,58.2,C
석촌동,스포츠/레저,20253,37.9,306,395,77.5,D
석촌동,식품 소매,20253,62.8,78,422,18.5,A
석촌동,양식/기타외식,20253,58.1,70,241,29.0,B
석촌동,예술학원,20253,24.0,363,378,96.0,D
석촌동,오락/유흥,20253,34.1,294,361,81.4,D
석촌동,의료/약국,20253,69.4,34,413,8.2,A
석촌동,의류/패션,20253,53.4,251,402,62.4,C
석촌동,일반학원,20253,55.5,102,397,25.7,B
석촌동,일식,20253,28.1,256,279,91.8,D
석촌동,전자/통신,20253,57.4,105,309,34.0,B
석촌동,주점,20253,60.1,75,398,18.8,A
석촌동,중식,20253,37.2,303,358,84.6,D
석촌동,카페,20253,60.4,57,419,13.6,A
석촌동,패스트푸드/치킨,20253,47.8,169,409,41.3,B
석촌동,편의점,20253,40.0,276,405,68.1,C
석촌동,한식,20253,50.3,217,421,51.5,C
삼전동,B2B 서비스,20253,43.3,199,368,54.1,C
삼전동,미용실,20253,26.8,399,419,95.2,D
삼전동,분식/간식,20253,53.1,171,415,41.2,B
삼전동,뷰티/화장품,20253,33.9,306,394,77.7,D
삼전동,생활용품 소매,20253,42.8,259,405,64.0,C
삼전동,수리/세탁,20253,65.9,155,382,40.6,B
삼전동,숙박,20253,53.7,75,194,38.7,B
삼전동,스포츠/레저,20253,42.9,248,395,62.8,C
삼전동,식품 소매,20253,55.8,139,422,32.9,B
삼전동,애완동물,20253,34.2,118,147,80.3,D
삼전동,양식/기타외식,20253,36.5,198,241,82.2,D
삼전동,예술학원,20253,40.0,244,378,64.6,C
삼전동,오락/유흥,20253,43.8,224,361,62.0,C
삼전동,의료/약국,20253,65.0,69,413,16.7,A
삼전동,의류/패션,20253,69.3,113,402,28.1,B
삼전동,일반학원,20253,49.2,177,397,44.6,B
삼전동,일식,20253,45.1,136,279,48.7,B
삼전동,주점,20253,41.7,263,398,66.1,C
삼전동,중식,20253,55.0,120,358,33.5,B
삼전동,카페,20253,44.6,196,419,46.8,B
삼전동,패스트푸드/치킨,20253,40.7,260,409,63.6,C
삼전동,편의점,20253,33.7,377,405,93.1,D
삼전동,한식,20253,52.9,192,421,45.6,B
가락본동,B2B 서비스,20253,33.8,268,368,72.8,C
가락본동,미용실,20253,45.3,169,419,40.3,B
가락본동,분식/간식,20253,43.6,294,415,70.8,C
가락본동,뷰티/화장품,20253,39.3,272,394,69.0,C
가락본동,생활용품 소매,20253,64.6,105,405,25.9,B
가락본동,수리/세탁,20253,65.1,169,382,44.2,B
가락본동,스포츠/레저,20253,37.3,314,395,79.5,D
가락본동,식품 소매,20253,73.5,16,422,3.8,A
가락본동,애완동물,20253,32.1,123,147,83.7,D
가락본동,양식/기타외식,20253,39.1,189,241,78.4,D
가락본동,예술학원,20253,61.0,65,378,17.2,A
가락본동,오락/유흥,20253,45.0,208,361,57.6,C
가락본동,의료/약국,20253,17.1,412,413,99.8,D
가락본동,의류/패션,20253,59.5,196,402,48.8,B
가락본동,일반학원,20253,56.0,96,397,24.2,A
가락본동,일식,20253,61.6,29,279,10.4,A
가락본동,전자/통신,20253,17.0,288,309,93.2,D
가락본동,주점,20253,48.5,191,398,48.0,B
가락본동,중식,20253,45.4,226,358,63.1,C
가락본동,카페,20253,46.5,176,419,42.0,B
가락본동,패스트푸드/치킨,20253,37.7,303,409,74.1,C
가락본동,편의점,20253,41.0,254,405,62.7,C
가락본동,한식,20253,65.6,90,421,21.4,A
가락1동,B2B 서비스,20253,34.3,263,368,71.5,C
가락1동,분식/간식,20253,85.4,1,415,0.2,A
가락1동,식품 소매,20253,57.8,121,422,28.7,B
가락1동,양식/기타외식,20253,49.2,135,241,56.0,C
가락1동,의료/약국,20253,38.0,342,413,82.8,D
가락1동,주점,20253,55.7,116,398,29.1,B
가락1동,카페,20253,38.3,271,419,64.7,C
가락1동,편의점,20253,49.0,119,405,29.4,B
가락1동,한식,20253,75.1,38,421,9.0,A
가락2동,B2B 서비스,20253,35.3,259,368,70.4,C
가락2동,미용실,20253,62.8,33,419,7.9,A
가락2동,분식/간식,20253,58.5,94,415,22.7,A
가락2동,뷰티/화장품,20253,64.0,96,394,24.4,A
가락2동,생활용품 소매,20253,57.0,151,405,37.3,B
가락2동,수리/세탁,20253,59.3,207,382,54.2,C
가락2동,스포츠/레저,20253,30.7,364,395,92.2,D
가락2동,식품 소매,20253,43.9,264,422,62.6,C
가락2동,애완동물,20253,42.2,94,147,63.9,C
가락2동,예술학원,20253,36.9,277,378,73.3,C
가락2동,오락/유흥,20253,38.7,268,361,74.2,C
가락2동,의료/약국,20253,53.1,205,413,49.6,B
가락2동,의류/패션,20253,56.8,222,402,55.2,C
가락2동,일반학원,20253,41.7,269,397,67.8,C
가락2동,일식,20253,44.0,143,279,51.3,C
가락2동,전자/통신,20253,42.5,175,309,56.6,C
가락2동,주점,20253,64.4,48,398,12.1,A
가락2동,중식,20253,60.5,62,358,17.3,A
가락2동,카페,20253,47.0,168,419,40.1,B
가락2동,패스트푸드/치킨,20253,28.3,396,409,96.8,D
가락2동,편의점,20253,48.5,130,405,32.1,B
가락2동,한식,20253,49.9,222,421,52.7,C
문정1동,B2B 서비스,20253,33.1,271,368,73.6,C
문정1동,미용실,20253,61.1,41,419,9.8,A
문정1동,분식/간식,20253,58.2,99,415,23.9,A
문정1동,뷰티/화장품,20253,40.8,264,394,67.0,C
문정1동,생활용품 소매,20253,49.6,205,405,50.6,C
문정1동,수리/세탁,20253,42.3,300,382,78.5,D
문정1동,스포츠/레저,20253,29.4,370,395,93.7,D
문정1동,식품 소매,20253,65.5,61,422,14.5,A
문정1동,애완동물,20253,63.3,31,147,21.1,A
문정1동,예술학원,20253,32.7,316,378,83.6,D
문정1동,오락/유흥,20253,42.8,236,361,65.4,C
문정1동,의료/약국,20253,72.4,19,413,4.6,A
문정1동,의류/패션,20253,72.8,82,402,20.4,A
문정1동,일반학원,20253,48.9,185,397,46.6,B
문정1동,일식,20253,55.9,65,279,23.3,A
문정1동,전자/통신,20253,31.3,236,309,76.4,D
문정1동,주점,20253,44.0,241,398,60.6,C
문정1동,중식,20253,34.9,322,358,89.9,D
문정1동,카페,20253,42.5,227,419,54.2,C
문정1동,패스트푸드/치킨,20253,54.1,104,409,25.4,B
문정1동,편의점,20253,38.6,307,405,75.8,D
문정1동,한식,20253,55.9,164,421,39.0,B
문정2동,B2B 서비스,20253,53.0,121,368,32.9,B
문정2동,미용실,20253,75.9,7,419,1.7,A
문정2동,분식/간식,20253,71.4,16,415,3.9,A
문정2동,뷰티/화장품,20253,54.0,156,394,39.6,B
문정2동,생활용품 소매,20253,23.3,360,405,88.9,D
문정2동,수리/세탁,20253,42.7,297,382,77.7,D
문정2동,스포츠/레저,20253,51.0,161,395,40.8,B
문정2동,식품 소매,20253,34.7,350,422,82.9,D
문정2동,양식/기타외식,20253,42.1,175,241,72.6,C
문정2동,오락/유흥,20253,52.1,140,361,38.8,B
문정2동,의료/약국,20253,87.7,1,413,0.2,A
문정2동,의류/패션,20253,68.0,121,402,30.1,B
문정2동,일반학원,20253,76.5,11,397,2.8,A
문정2동,일식,20253,46.8,125,279,44.8,B
문정2동,전자/통신,20253,72.9,47,309,15.2,A
문정2동,주점,20253,29.2,365,398,91.7,D
문정2동,중식,20253,48.6,193,358,53.9,C
문정2동,카페,20253,59.5,62,419,14.8,A
문정2동,패스트푸드/치킨,20253,53.2,115,409,28.1,B
문정2동,편의점,20253,55.9,58,405,14.3,A
문정2동,한식,20253,64.7,95,421,22.6,A
장지동,B2B 서비스,20253,35.5,258,368,70.1,C
장지동,미용실,20253,55.7,71,419,16.9,A
장지동,분식/간식,20253,36.4,364,415,87.7,D
장지동,뷰티/화장품,20253,14.7,394,394,100.0,D
장지동,생활용품 소매,20253,18.6,382,405,94.3,D
장지동,수리/세탁,20253,61.7,194,382,50.8,C
장지동,스포츠/레저,20253,37.5,313,395,79.2,D
장지동,식품 소매,20253,52.5,170,422,40.3,B
장지동,애완동물,20253,47.2,74,147,50.3,C
장지동,예술학원,20253,38.4,258,378,68.3,C
장지동,오락/유흥,20253,45.2,207,361,57.3,C
장지동,의료/약국,20253,35.8,352,413,85.2,D
장지동,일반학원,20253,45.2,235,397,59.2,C
장지동,주점,20253,36.5,313,398,78.6,D
장지동,중식,20253,57.5,92,358,25.7,B
장지동,카페,20253,41.6,238,419,56.8,C
장지동,패스트푸드/치킨,20253,42.4,236,409,57.7,C
장지동,편의점,20253,35.1,362,405,89.4,D
장지동,한식,20253,57.8,151,421,35.9,B
위례동,미용실,20253,41.4,214,419,51.1,C
위례동,분식/간식,20253,34.2,381,415,91.8,D
위례동,뷰티/화장품,20253,51.9,178,394,45.2,B
위례동,수리/세탁,20253,61.6,196,382,51.3,C
위례동,식품 소매,20253,61.9,87,422,20.6,A
위례동,의료/약국,20253,51.3,224,413,54.2,C
위례동,의류/패션,20253,72.3,89,402,22.1,A
위례동,일반학원,20253,60.1,59,397,14.9,A
위례동,일식,20253,28.3,255,279,91.4,D
위례동,중식,20253,31.9,339,358,94.7,D
위례동,카페,20253,66.7,35,419,8.4,A
위례동,패스트푸드/치킨,20253,54.5,100,409,24.4,A
위례동,편의점,20253,39.3,292,405,72.1,C
위례동,한식,20253,30.5,382,421,90.7,D
잠실본동,B2B 서비스,20253,34.9,261,368,70.9,C
잠실본동,미용실,20253,36.3,286,419,68.3,C
잠실본동,분식/간식,20253,51.6,191,415,46.0,B
잠실본동,뷰티/화장품,20253,46.2,219,394,55.6,C
잠실본동,생활용품 소매,20253,38.2,286,405,70.6,C
잠실본동,수리/세탁,20253,63.5,181,382,47.4,B
잠실본동,숙박,20253,43.2,125,194,64.4,C
잠실본동,스포츠/레저,20253,42.4,255,395,64.6,C
잠실본동,식품 소매,20253,62.2,83,422,19.7,A
잠실본동,애완동물,20253,56.3,47,147,32.0,B
잠실본동,양식/기타외식,20253,56.0,83,241,34.4,B
잠실본동,예술학원,20253,63.0,51,378,13.5,A
잠실본동,오락/유흥,20253,43.4,231,361,64.0,C
잠실본동,의료/약국,20253,49.7,241,413,58.4,C
잠실본동,의류/패션,20253,31.4,374,402,93.0,D
잠실본동,일반학원,20253,54.3,112,397,28.2,B
잠실본동,일식,20253,33.3,226,279,81.0,D
잠실본동,전자/통신,20253,56.2,111,309,35.9,B
잠실본동,주점,20253,41.6,264,398,66.3,C
잠실본동,중식,20253,56.8,103,358,28.8,B
잠실본동,카페,20253,40.1,257,419,61.3,C
잠실본동,패스트푸드/치킨,20253,44.4,211,409,51.6,C
잠실본동,편의점,20253,45.1,190,405,46.9,B
잠실본동,한식,20253,42.2,286,421,67.9,C
잠실2동,미용실,20253,19.8,418,419,99.8,D
잠실2동,분식/간식,20253,42.3,308,415,74.2,C
잠실2동,뷰티/화장품,20253,44.6,236,394,59.9,C
잠실2동,생활용품 소매,20253,37.8,291,405,71.9,C
잠실2동,수리/세탁,20253,58.0,214,382,56.0,C
잠실2동,스포츠/레저,20253,45.5,222,395,56.2,C
잠실2동,식품 소매,20253,35.2,344,422,81.5,D
잠실2동,양식/기타외식,20253,25.8,234,241,97.1,D
잠실2동,예술학원,20253,46.3,163,378,43.1,B
잠실2동,의료/약국,20253,83.1,3,413,0.7,A
잠실2동,의류/패션,20253,42.1,328,402,81.6,D
잠실2동,일반학원,20253,61.1,49,397,12.3,A
잠실2동,일식,20253,25.0,269,279,96.4,D
잠실2동,전자/통신,20253,26.8,248,309,80.3,D
잠실2동,카페,20253,31.2,351,419,83.8,D
잠실2동,패스트푸드/치킨,20253,65.8,32,409,7.8,A
잠실2동,편의점,20253,36.0,343,405,84.7,D
잠실2동,한식,20253,40.4,300,421,71.3,C
잠실3동,미용실,20253,27.8,392,419,93.6,D
잠실3동,분식/간식,20253,62.7,58,415,14.0,A
잠실3동,뷰티/화장품,20253,62.9,107,394,27.2,B
잠실3동,생활용품 소매,20253,49.4,206,405,50.9,C
잠실3동,수리/세탁,20253,61.7,193,382,50.5,C
잠실3동,스포츠/레저,20253,47.5,195,395,49.4,B
잠실3동,식품 소매,20253,48.4,218,422,51.7,C
잠실3동,양식/기타외식,20253,26.8,233,241,96.7,D
잠실3동,예술학원,20253,40.6,234,378,61.9,C
잠실3동,의료/약국,20253,50.1,239,413,57.9,C
잠실3동,의류/패션,20253,41.2,336,402,83.6,D
잠실3동,일반학원,20253,54.2,114,397,28.7,B
잠실3동,일식,20253,46.0,130,279,46.6,B
잠실3동,전자/통신,20253,32.8,230,309,74.4,C
잠실3동,주점,20253,63.8,51,398,12.8,A
잠실3동,중식,20253,53.7,135,358,37.7,B
잠실3동,카페,20253,37.8,279,419,66.6,C
잠실3동,패스트푸드/치킨,20253,46.0,196,409,47.9,B
잠실3동,편의점,20253,36.8,331,405,81.7,D
잠실3동,한식,20253,41.3,291,421,69.1,C
잠실4동,미용실,20253,27.8,393,419,93.8,D
잠실4동,분식/간식,20253,28.1,410,415,98.8,D
잠실4동,뷰티/화장품,20253,48.2,198,394,50.3,C
잠실4동,수리/세탁,20253,64.3,178,382,46.6,B
잠실4동,스포츠/레저,20253,57.2,102,395,25.8,B
잠실4동,식품 소매,20253,47.4,230,422,54.5,C
잠실4동,예술학원,20253,61.6,60,378,15.9,A
잠실4동,의료/약국,20253,60.1,111,413,26.9,B
잠실4동,일반학원,20253,63.3,39,397,9.8,A
잠실4동,카페,20253,35.2,315,419,75.2,D
잠실4동,편의점,20253,42.6,233,405,57.5,C
잠실4동,한식,20253,28.7,391,421,92.9,D
잠실6동,미용실,20253,25.2,408,419,97.4,D
잠실6동,분식/간식,20253,60.7,75,415,18.1,A
잠실6동,뷰티/화장품,20253,42.6,250,394,63.5,C
잠실6동,생활용품 소매,20253,76.1,29,405,7.2,A
잠실6동,수리/세탁,20253,69.1,131,382,34.3,B
잠실6동,스포츠/레저,20253,54.0,126,395,31.9,B
잠실6동,식품 소매,20253,60.6,99,422,23.5,A
잠실6동,양식/기타외식,20253,69.8,13,241,5.4,A
잠실6동,예술학원,20253,63.5,48,378,12.7,A
잠실6동,오락/유흥,20253,47.0,182,361,50.4,C
잠실6동,의료/약국,20253,40.1,329,413,79.7,D
잠실6동,의류/패션,20253,63.4,160,402,39.8,B
잠실6동,일반학원,20253,56.1,94,397,23.7,A
잠실6동,일식,20253,45.8,132,279,47.3,B
잠실6동,전자/통신,20253,26.7,249,309,80.6,D
잠실6동,주점,20253,73.9,8,398,2.0,A
잠실6동,중식,20253,44.5,237,358,66.2,C
잠실6동,카페,20253,54.6,98,419,23.4,A
잠실6동,패스트푸드/치킨,20253,36.3,320,409,78.2,D
잠실6동,편의점,20253,38.7,304,405,75.1,D
잠실6동,한식,20253,37.2,335,421,79.6,D
잠실7동,미용실,20253,35.5,304,419,72.6,C
잠실7동,뷰티/화장품,20253,36.7,292,394,74.1,C
잠실7동,수리/세탁,20253,53.8,237,382,62.0,C
잠실7동,스포츠/레저,20253,35.4,333,395,84.3,D
잠실7동,식품 소매,20253,41.4,294,422,69.7,C
잠실7동,예술학원,20253,58.0,82,378,21.7,A
잠실7동,의료/약국,20253,68.0,43,413,10.4,A
잠실7동,의류/패션,20253,79.7,23,402,5.7,A
잠실7동,일반학원,20253,46.0,227,397,57.2,C
잠실7동,카페,20253,40.3,254,419,60.6,C
잠실7동,한식,20253,28.0,395,421,93.8,D
강일동,B2B 서비스,20253,31.8,281,368,76.4,D
강일동,미용실,20253,47.3,148,419,35.3,B
강일동,분식/간식,20253,39.3,344,415,82.9,D
강일동,생활용품 소매,20253,26.2,340,405,84.0,D
강일동,수리/세탁,20253,68.5,136,382,35.6,B
강일동,스포츠/레저,20253,40.4,272,395,68.9,C
강일동,식품 소매,20253,56.3,132,422,31.3,B
강일동,예술학원,20253,29.6,338,378,89.4,D
강일동,오락/유흥,20253,34.1,295,361,81.7,D
강일동,의료/약국,20253,47.8,258,413,62.5,C
강일동,일반학원,20253,51.0,151,397,38.0,B
강일동,주점,20253,21.5,389,398,97.7,D
강일동,카페,20253,43.1,219,419,52.3,C
강일동,패스트푸드/치킨,20253,33.0,357,409,87.3,D
강일동,편의점,20253,60.8,30,405,7.4,A
강일동,한식,20253,31.3,377,421,89.5,D
명일1동,B2B 서비스,20253,27.2,310,368,84.2,D
명일1동,미용실,20253,23.1,414,419,98.8,D
명일1동,분식/간식,20253,62.6,60,415,14.5,A
명일1동,뷰티/화장품,20253,52.3,172,394,43.7,B
명일1동,생활용품 소매,20253,21.5,367,405,90.6,D
명일1동,수리/세탁,20253,39.9,318,382,83.2,D
명일1동,숙박,20253,76.1,6,194,3.1,A
명일1동,스포츠/레저,20253,37.7,311,395,78.7,D
명일1동,식품 소매,20253,42.5,283,422,67.1,C
명일1동,양식/기타외식,20253,34.9,204,241,84.6,D
명일1동,예술학원,20253,35.5,292,378,77.2,D
명일1동,오락/유흥,20253,38.0,272,361,75.3,D
명일1동,의료/약국,20253,60.4,108,413,26.2,B
명일1동,의류/패션,20253,84.7,6,402,1.5,A
명일1동,일반학원,20253,55.9,97,397,24.4,A
명일1동,일식,20253,29.1,250,279,89.6,D
명일1동,전자/통신,20253,25.3,257,309,83.2,D
명일1동,주점,20253,53.7,136,398,34.2,B
명일1동,중식,20253,51.4,166,358,46.4,B
명일1동,카페,20253,31.5,347,419,82.8,D
명일1동,패스트푸드/치킨,20253,29.1,392,409,95.8,D
명일1동,편의점,20253,35.5,353,405,87.2,D
명일1동,한식,20253,50.1,220,421,52.3,C
명일2동,B2B 서비스,20253,50.0,137,368,37.2,B
명일2동,미용실,20253,43.8,182,419,43.4,B
명일2동,분식/간식,20253,41.9,311,415,74.9,C
명일2동,뷰티/화장품,20253,77.5,23,394,5.8,A
명일2동,생활용품 소매,20253,36.0,301,405,74.3,C
명일2동,수리/세탁,20253,49.8,258,382,67.5,C
명일2동,스포츠/레저,20253,51.4,149,395,37.7,B
명일2동,식품 소매,20253,69.0,33,422,7.8,A
명일2동,양식/기타외식,20253,32.6,213,241,88.4,D
명일2동,예술학원,20253,41.2,231,378,61.1,C
명일2동,오락/유흥,20253,56.5,97,361,26.9,B
명일2동,의료/약국,20253,51.7,219,413,53.0,C
명일2동,의류/패션,20253,16.6,399,402,99.3,D
명일2동,일반학원,20253,60.9,51,397,12.8,A
명일2동,일식,20253,39.0,193,279,69.2,C
명일2동,전자/통신,20253,96.1,1,309,0.3,A
명일2동,주점,20253,56.5,111,398,27.9,B
명일2동,중식,20253,36.8,308,358,86.0,D
명일2동,카페,20253,29.5,359,419,85.7,D
명일2동,패스트푸드/치킨,20253,39.9,275,409,67.2,C
명일2동,편의점,20253,45.1,191,405,47.2,B
명일2동,한식,20253,34.6,358,421,85.0,D
고덕1동,B2B 서비스,20253,57.7,89,368,24.2,A
고덕1동,미용실,20253,28.7,380,419,90.7,D
고덕1동,분식/간식,20253,78.8,6,415,1.4,A
고덕1동,생활용품 소매,20253,70.7,63,405,15.6,A
고덕1동,수리/세탁,20253,83.3,21,382,5.5,A
고덕1동,스포츠/레저,20253,55.2,113,395,28.6,B
고덕1동,식품 소매,20253,42.3,287,422,68.0,C
고덕1동,예술학원,20253,49.6,134,378,35.4,B
고덕1동,오락/유흥,20253,60.0,77,361,21.3,A
고덕1동,의료/약국,20253,46.1,270,413,65.4,C
고덕1동,일반학원,20253,57.3,81,397,20.4,A
고덕1동,전자/통신,20253,63.3,83,309,26.9,B
고덕1동,주점,20253,66.3,39,398,9.8,A
고덕1동,중식,20253,55.3,116,358,32.4,B
고덕1동,카페,20253,66.4,37,419,8.8,A
고덕1동,패스트푸드/치킨,20253,31.3,377,409,92.2,D
고덕1동,편의점,20253,35.8,346,405,85.4,D
고덕1동,한식,20253,38.6,314,421,74.6,C
고덕2동,B2B 서비스,20253,19.3,349,368,94.8,D
고덕2동,미용실,20253,40.4,231,419,55.1,C
고덕2동,분식/간식,20253,34.5,374,415,90.1,D
고덕2동,생활용품 소매,20253,53.8,174,405,43.0,B
고덕2동,수리/세탁,20253,52.5,246,382,64.4,C
고덕2동,스포츠/레저,20253,42.5,253,395,64.1,C
고덕2동,식품 소매,20253,33.5,361,422,85.5,D
고덕2동,예술학원,20253,38.8,254,378,67.2,C
고덕2동,오락/유흥,20253,67.5,25,361,6.9,A
고덕2동,의료/약국,20253,75.2,10,413,2.4,A
고덕2동,의류/패션,20253,79.3,27,402,6.7,A
고덕2동,일반학원,20253,53.9,119,397,30.0,B
고덕2동,전자/통신,20253,70.2,51,309,16.5,A
고덕2동,주점,20253,68.8,29,398,7.3,A
고덕2동,중식,20253,39.2,284,358,79.3,D
고덕2동,카페,20253,51.3,118,419,28.2,B
고덕2동,패스트푸드/치킨,20253,32.9,359,409,87.8,D
고덕2동,편의점,20253,34.7,365,405,90.1,D
고덕2동,한식,20253,50.4,216,421,51.3,C
암사1동,B2B 서비스,20253,56.2,100,368,27.2,B
암사1동,미용실,20253,46.3,157,419,37.5,B
암사1동,분식/간식,20253,56.8,115,415,27.7,B
암사1동,뷰티/화장품,20253,24.3,365,394,92.6,D
암사1동,생활용품 소매,20253,58.2,143,405,35.3,B
암사1동,수리/세탁,20253,81.7,32,382,8.4,A
암사1동,숙박,20253,24.8,184,194,94.8,D
암사1동,스포츠/레저,20253,38.4,296,395,74.9,C
암사1동,식품 소매,20253,67.6,43,422,10.2,A
암사1동,애완동물,20253,51.7,58,147,39.5,B
암사1동,예술학원,20253,45.6,172,378,45.5,B
암사1동,오락/유흥,20253,62.9,58,361,16.1,A
암사1동,의료/약국,20253,42.7,301,413,72.9,C
암사1동,의류/패션,20253,50.8,274,402,68.2,C
암사1동,일반학원,20253,54.1,116,397,29.2,B
암사1동,일식,20253,43.4,151,279,54.1,C
암사1동,주점,20253,40.9,271,398,68.1,C
암사1동,중식,20253,34.0,327,358,91.3,D
암사1동,카페,20253,36.9,293,419,69.9,C
암사1동,패스트푸드/치킨,20253,42.7,233,409,57.0,C
암사1동,편의점,20253,53.5,80,405,19.8,A
암사1동,한식,20253,38.5,317,421,75.3,D
암사2동,B2B 서비스,20253,49.9,138,368,37.5,B
암사2동,미용실,20253,27.2,397,419,94.7,D
암사2동,분식/간식,20253,48.6,228,415,54.9,C
암사2동,뷰티/화장품,20253,38.9,275,394,69.8,C
암사2동,생활용품 소매,20253,38.9,282,405,69.6,C
암사2동,수리/세탁,20253,23.3,370,382,96.9,D
암사2동,스포츠/레저,20253,57.6,92,395,23.3,A
암사2동,식품 소매,20253,45.9,250,422,59.2,C
암사2동,예술학원,20253,67.7,30,378,7.9,A
암사2동,오락/유흥,20253,66.5,32,361,8.9,A
암사2동,의료/약국,20253,50.5,232,413,56.2,C
암사2동,의류/패션,20253,42.6,325,402,80.8,D
암사2동,일반학원,20253,57.8,79,397,19.9,A
암사2동,일식,20253,41.7,164,279,58.8,C
암사2동,주점,20253,48.3,193,398,48.5,B
암사2동,중식,20253,39.6,280,358,78.2,D
암사2동,카페,20253,45.4,186,419,44.4,B
암사2동,패스트푸드/치킨,20253,23.2,406,409,99.3,D
암사2동,편의점,20253,42.4,237,405,58.5,C
암사2동,한식,20253,37.6,329,421,78.1,D
암사3동,B2B 서비스,20253,55.0,107,368,29.1,B
암사3동,미용실,20253,61.6,39,419,9.3,A
암사3동,분식/간식,20253,54.1,156,415,37.6,B
암사3동,뷰티/화장품,20253,28.6,333,394,84.5,D
암사3동,생활용품 소매,20253,56.2,155,405,38.3,B
암사3동,수리/세탁,20253,65.5,163,382,42.7,B
암사3동,스포츠/레저,20253,25.4,384,395,97.2,D
암사3동,식품 소매,20253,65.6,60,422,14.2,A
암사3동,양식/기타외식,20253,45.1,159,241,66.0,C
암사3동,예술학원,20253,53.9,109,378,28.8,B
암사3동,의료/약국,20253,62.1,87,413,21.1,A
암사3동,의류/패션,20253,76.1,47,402,11.7,A
암사3동,일반학원,20253,47.4,207,397,52.1,C
암사3동,전자/통신,20253,14.7,298,309,96.4,D
암사3동,주점,20253,38.0,299,398,75.1,D
암사3동,카페,20253,30.4,356,419,85.0,D
암사3동,패스트푸드/치킨,20253,34.5,340,409,83.1,D
암사3동,편의점,20253,35.7,349,405,86.2,D
암사3동,한식,20253,19.5,418,421,99.3,D
천호1동,B2B 서비스,20253,42.7,205,368,55.7,C
천호1동,미용실,20253,50.7,110,419,26.3,B
천호1동,분식/간식,20253,46.5,255,415,61.4,C
천호1동,뷰티/화장품,20253,60.2,115,394,29.2,B
천호1동,생활용품 소매,20253,50.4,197,405,48.6,B
천호1동,수리/세탁,20253,75.1,81,382,21.2,A
천호1동,스포츠/레저,20253,26.8,377,395,95.4,D
천호1동,식품 소매,20253,50.1,204,422,48.3,B
천호1동,예술학원,20253,58.4,79,378,20.9,A
천호1동,오락/유흥,20253,40.0,259,361,71.7,C
천호1동,의료/약국,20253,55.6,165,413,40.0,B
천호1동,의류/패션,20253,33.8,371,402,92.3,D
천호1동,일반학원,20253,25.5,386,397,97.2,D
천호1동,일식,20253,34.7,221,279,79.2,D
천호1동,전자/통신,20253,55.5,115,309,37.2,B
천호1동,주점,20253,61.5,65,398,16.3,A
천호1동,중식,20253,41.3,272,358,76.0,D
천호1동,카페,20253,27.2,386,419,92.1,D
천호1동,패스트푸드/치킨,20253,24.9,405,409,99.0,D
천호1동,편의점,20253,47.7,144,405,35.6,B
천호1동,한식,20253,48.9,229,421,54.4,C
천호2동,B2B 서비스,20253,25.6,318,368,86.4,D
천호2동,미용실,20253,37.1,272,419,64.9,C
천호2동,분식/간식,20253,39.7,341,415,82.2,D
천호2동,뷰티/화장품,20253,46.1,220,394,55.8,C
천호2동,생활용품 소매,20253,66.2,93,405,23.0,A
천호2동,수리/세탁,20253,68.2,139,382,36.4,B
천호2동,숙박,20253,54.3,72,194,37.1,B
천호2동,스포츠/레저,20253,50.9,163,395,41.3,B
천호2동,식품 소매,20253,25.9,410,422,97.2,D
천호2동,애완동물,20253,46.6,79,147,53.7,C
천호2동,양식/기타외식,20253,19.4,240,241,99.6,D
천호2동,예술학원,20253,24.7,358,378,94.7,D
천호2동,오락/유흥,20253,38.4,270,361,74.8,C
천호2동,의료/약국,20253,33.5,362,413,87.7,D
천호2동,의류/패션,20253,34.7,366,402,91.0,D
천호2동,일반학원,20253,38.2,310,397,78.1,D
천호2동,일식,20253,26.3,265,279,95.0,D
천호2동,전자/통신,20253,40.4,191,309,61.8,C
천호2동,주점,20253,32.3,349,398,87.7,D
천호2동,중식,20253,34.0,326,358,91.1,D
천호2동,카페,20253,29.4,363,419,86.6,D
천호2동,패스트푸드/치킨,20253,66.5,29,409,7.1,A
천호2동,편의점,20253,35.3,357,405,88.1,D
천호2동,한식,20253,54.9,168,421,39.9,B
천호3동,B2B 서비스,20253,12.9,361,368,98.1,D
천호3동,미용실,20253,36.6,285,419,68.0,C
천호3동,분식/간식,20253,44.1,283,415,68.2,C
천호3동,뷰티/화장품,20253,51.6,179,394,45.4,B
천호3동,생활용품 소매,20253,26.8,338,405,83.5,D
천호3동,수리/세탁,20253,40.3,315,382,82.5,D
천호3동,숙박,20253,63.9,40,194,20.6,A
천호3동,스포츠/레저,20253,52.4,140,395,35.4,B
천호3동,식품 소매,20253,59.5,105,422,24.9,A
천호3동,양식/기타외식,20253,79.8,2,241,0.8,A
천호3동,예술학원,20253,24.2,360,378,95.2,D
천호3동,오락/유흥,20253,45.7,202,361,56.0,C
천호3동,의료/약국,20253,37.8,344,413,83.3,D
천호3동,의류/패션,20253,72.3,87,402,21.6,A
천호3동,일반학원,20253,52.2,135,397,34.0,B
천호3동,일식,20253,42.0,161,279,57.7,C
천호3동,전자/통신,20253,59.8,95,309,30.7,B
천호3동,주점,20253,46.6,210,398,52.8,C
천호3동,중식,20253,55.9,111,358,31.0,B
천호3동,카페,20253,66.1,41,419,9.8,A
천호3동,패스트푸드/치킨,20253,33.5,352,409,86.1,D
천호3동,편의점,20253,47.4,147,405,36.3,B
천호3동,한식,20253,48.7,231,421,54.9,C
성내1동,B2B 서비스,20253,28.0,305,368,82.9,D
성내1동,미용실,20253,49.8,125,419,29.8,B
성내1동,분식/간식,20253,48.1,236,415,56.9,C
성내1동,뷰티/화장품,20253,44.7,235,394,59.6,C
성내1동,생활용품 소매,20253,18.3,384,405,94.8,D
성내1동,수리/세탁,20253,62.2,189,382,49.5,B
성내1동,스포츠/레저,20253,42.2,260,395,65.8,C
성내1동,식품 소매,20253,50.4,199,422,47.2,B
성내1동,양식/기타외식,20253,62.6,40,241,16.6,A
성내1동,예술학원,20253,66.4,34,378,9.0,A
성내1동,오락/유흥,20253,24.6,346,361,95.8,D
성내1동,의료/약국,20253,55.2,169,413,40.9,B
성내1동,의류/패션,20253,72.7,83,402,20.6,A
성내1동,일반학원,20253,58.7,75,397,18.9,A
성내1동,일식,20253,41.0,173,279,62.0,C
성내1동,전자/통신,20253,74.0,44,309,14.2,A
성내1동,주점,20253,54.3,127,398,31.9,B
성내1동,중식,20253,47.7,205,358,57.3,C
성내1동,카페,20253,60.0,59,419,14.1,A
성내1동,패스트푸드/치킨,20253,54.6,98,409,24.0,A
성내1동,편의점,20253,53.7,78,405,19.3,A
성내1동,한식,20253,49.5,225,421,53.4,C
성내2동,B2B 서비스,20253,27.2,309,368,84.0,D
성내2동,미용실,20253,37.0,274,419,65.4,C
성내2동,분식/간식,20253,49.9,210,415,50.6,C
성내2동,뷰티/화장품,20253,45.6,225,394,57.1,C
성내2동,생활용품 소매,20253,53.3,178,405,44.0,B
성내2동,수리/세탁,20253,78.6,53,382,13.9,A
성내2동,스포츠/레저,20253,41.4,263,395,66.6,C
성내2동,식품 소매,20253,35.7,342,422,81.0,D
성내2동,양식/기타외식,20253,44.3,163,241,67.6,C
성내2동,예술학원,20253,69.9,25,378,6.6,A
성내2동,오락/유흥,20253,53.3,125,361,34.6,B
성내2동,의료/약국,20253,39.5,333,413,80.6,D
성내2동,의류/패션,20253,69.6,110,402,27.4,B
성내2동,일반학원,20253,49.0,181,397,45.6,B
성내2동,일식,20253,30.6,244,279,87.5,D
성내2동,전자/통신,20253,31.9,234,309,75.7,D
성내2동,주점,20253,33.9,343,398,86.2,D
성내2동,중식,20253,43.4,251,358,70.1,C
성내2동,카페,20253,37.7,281,419,67.1,C
성내2동,패스트푸드/치킨,20253,38.5,290,409,70.9,C
성내2동,편의점,20253,39.4,290,405,71.6,C
성내2동,한식,20253,33.4,366,421,86.9,D
성내3동,B2B 서비스,20253,51.0,132,368,35.9,B
성내3동,미용실,20253,35.6,300,419,71.6,C
성내3동,분식/간식,20253,48.2,234,415,56.4,C
성내3동,뷰티/화장품,20253,51.9,177,394,44.9,B
성내3동,생활용품 소매,20253,63.6,109,405,26.9,B
성내3동,수리/세탁,20253,71.3,110,382,28.8,B
성내3동,숙박,20253,38.1,144,194,74.2,C
성내3동,스포츠/레저,20253,48.8,181,395,45.8,B
성내3동,식품 소매,20253,57.1,126,422,29.9,B
성내3동,애완동물,20253,41.9,97,147,66.0,C
성내3동,양식/기타외식,20253,52.3,110,241,45.6,B
성내3동,예술학원,20253,44.6,185,378,48.9,B
성내3동,오락/유흥,20253,46.1,198,361,54.8,C
성내3동,의료/약국,20253,45.0,282,413,68.3,C
성내3동,의류/패션,20253,66.5,132,402,32.8,B
성내3동,일반학원,20253,32.2,364,397,91.7,D
성내3동,일식,20253,26.0,268,279,96.1,D
성내3동,전자/통신,20253,87.7,8,309,2.6,A
성내3동,주점,20253,54.4,124,398,31.2,B
성내3동,중식,20253,43.9,243,358,67.9,C
성내3동,카페,20253,41.1,248,419,59.2,C
성내3동,패스트푸드/치킨,20253,35.8,327,409,80.0,D
성내3동,편의점,20253,37.6,325,405,80.2,D
성내3동,한식,20253,43.8,269,421,63.9,C
길동,B2B 서비스,20253,37.3,242,368,65.8,C
길동,미용실,20253,32.8,329,419,78.5,D
길동,분식/간식,20253,52.2,185,415,44.6,B
길동,뷰티/화장품,20253,28.8,331,394,84.0,D
길동,생활용품 소매,20253,60.4,124,405,30.6,B
길동,수리/세탁,20253,50.7,255,382,66.8,C
길동,숙박,20253,38.2,142,194,73.2,C
길동,스포츠/레저,20253,47.8,192,395,48.6,B
길동,식품 소매,20253,63.7,71,422,16.8,A
길동,애완동물,20253,77.8,7,147,4.8,A
길동,예술학원,20253,36.8,278,378,73.5,C
길동,오락/유흥,20253,36.1,279,361,77.3,D
길동,의료/약국,20253,42.9,298,413,72.2,C
길동,의류/패션,20253,45.7,303,402,75.4,D
길동,일반학원,20253,51.0,152,397,38.3,B
길동,일식,20253,43.4,152,279,54.5,C
길동,주점,20253,35.9,320,398,80.4,D
길동,중식,20253,57.4,93,358,26.0,B
길동,카페,20253,41.3,243,419,58.0,C
길동,패스트푸드/치킨,20253,46.2,190,409,46.5,B
길동,편의점,20253,40.2,269,405,66.4,C
길동,한식,20253,52.7,193,421,45.8,B
둔촌1동,미용실,20253,34.7,311,419,74.2,C
둔촌1동,분식/간식,20253,41.6,317,415,76.4,D
둔촌1동,뷰티/화장품,20253,56.2,140,394,35.5,B
둔촌1동,생활용품 소매,20253,67.4,84,405,20.7,A
둔촌1동,수리/세탁,20253,53.6,238,382,62.3,C
둔촌1동,스포츠/레저,20253,63.4,55,395,13.9,A
둔촌1동,식품 소매,20253,45.8,253,422,60.0,C
둔촌1동,예술학원,20253,64.7,43,378,11.4,A
둔촌1동,의료/약국,20253,60.2,110,413,26.6,B
둔촌1동,의류/패션,20253,25.2,390,402,97.0,D
둔촌1동,일반학원,20253,55.7,99,397,24.9,A
둔촌1동,카페,20253,55.2,90,419,21.5,A
둔촌1동,편의점,20253,45.1,189,405,46.7,B
둔촌1동,한식,20253,29.1,388,421,92.2,D
둔촌2동,B2B 서비스,20253,60.6,74,368,20.1,A
둔촌2동,미용실,20253,28.8,377,419,90.0,D
둔촌2동,분식/간식,20253,40.1,337,415,81.2,D
둔촌2동,뷰티/화장품,20253,37.3,289,394,73.4,C
둔촌2동,생활용품 소매,20253,46.6,228,405,56.3,C
둔촌2동,수리/세탁,20253,41.6,305,382,79.8,D
둔촌2동,숙박,20253,34.4,162,194,83.5,D
둔촌2동,스포츠/레저,20253,54.8,116,395,29.4,B
둔촌2동,식품 소매,20253,27.6,400,422,94.8,D
둔촌2동,애완동물,20253,44.0,86,147,58.5,C
둔촌2동,양식/기타외식,20253,53.6,104,241,43.2,B
둔촌2동,예술학원,20253,50.3,129,378,34.1,B
둔촌2동,오락/유흥,20253,51.0,149,361,41.3,B
둔촌2동,의료/약국,20253,34.1,358,413,86.7,D
둔촌2동,의류/패션,20253,29.1,383,402,95.3,D
둔촌2동,일반학원,20253,51.1,148,397,37.3,B
둔촌2동,전자/통신,20253,59.9,94,309,30.4,B
둔촌2동,주점,20253,31.8,354,398,88.9,D
둔촌2동,중식,20253,61.1,52,358,14.5,A
둔촌2동,카페,20253,37.6,283,419,67.5,C
둔촌2동,패스트푸드/치킨,20253,35.7,328,409,80.2,D
둔촌2동,편의점,20253,50.3,103,405,25.4,B
둔촌2동,한식,20253,43.6,271,421,64.4,C
